<?xml version="1.0" encoding="utf-8"?>
<COLLADA xmlns="http://www.collada.org/2005/11/COLLADASchema" version="1.4.1">
  <asset><unit name="meter" meter="1"/><up_axis>Z_UP</up_axis></asset>
  <library_geometries>
    <geometry id="fruits-mesh" name="fruits">
      <mesh>
        <source id="fruits-mesh-positions">
          <float_array id="fruits-mesh-positions-array" count="8640">-0.005291 0.004405 1.094281 -0.004537 0.008081 1.095507 -0.005109 0.011342 1.094342 -0.006020 0.014067 1.092467 -0.007235 0.015964 1.089951 -0.008597 0.016986 1.087120 -0.009992 0.016858 1.084218 -0.011902 0.014852 1.080270 -0.012511 0.013610 1.079003 -0.012969 0.012371 1.077906 -0.013348 0.011058 1.076960 -0.013625 0.009629 1.076272 -0.013807 0.008111 1.075810 -0.013914 0.006525 1.075516 -0.013968 0.004875 1.075323 -0.013987 0.003150 1.075197 -0.004029 0.004050 1.093662 -0.002051 0.007381 1.094287 -0.001476 0.010319 1.092559 -0.001429 0.012774 1.090213 -0.001978 0.014481 1.087369 -0.002982 0.015402 1.084362 -0.004423 0.015286 1.081482 -0.005783 0.014593 1.079355 -0.007037 0.013481 1.077881 -0.008084 0.012370 1.076834 -0.008994 0.011253 1.075961 -0.009856 0.010069 1.075252 -0.010658 0.008784 1.074817 -0.011393 0.007421 1.074623 -0.012071 0.005999 1.074605 -0.012715 0.004519 1.074702 -0.013350 0.002970 1.074879 -0.003017 0.003054 1.093165 -0.000057 0.005420 1.093308 0.001438 0.007453 1.091129 0.002252 0.009152 1.088405 0.002236 0.010333 1.085298 0.001519 0.010971 1.082150 0.000042 0.010891 1.079289 -0.001535 0.010412 1.077269 -0.003136 0.009643 1.075966 -0.004529 0.008879 1.075093 -0.005800 0.008108 1.074406 -0.007056 0.007289 1.073894 -0.008282 0.006409 1.073667 -0.009462 0.005484 1.073686 -0.010597 0.004522 1.073887 -0.011713 0.003521 1.074210 -0.012842 0.002466 1.074620 -0.002455 0.001616 1.092889 0.001049 0.002587 1.092765 0.003016 0.003307 1.090301 0.004200 0.003904 1.087338 0.004575 0.004341 1.084150 0.004018 0.004570 1.080924 0.002521 0.004543 1.078073 0.000824 0.004372 1.076111 -0.000971 0.004098 1.074903 -0.002556 0.003825 1.074125 -0.004022 0.003553 1.073548 -0.005506 0.003266 1.073157 -0.006975 0.002975 1.073052 -0.008402 0.002685 1.073180 -0.009792 0.002391 1.073471 -0.011170 0.002080 1.073905 -0.012567 0.001736 1.074459 -0.002455 0.000019 1.092889 0.001049 -0.000558 1.092765 0.002915 -0.001265 1.090210 0.003829 -0.001815 1.087087 0.003821 -0.002174 1.083778 0.003098 -0.002352 1.080620 0.001668 -0.002321 1.077912 0.000239 -0.002201 1.076050 -0.001151 -0.002022 1.074834 -0.002525 -0.001807 1.074001 -0.004003 -0.001535 1.073413 -0.005511 -0.001225 1.073031 -0.007001 -0.000852 1.072940 -0.008438 -0.000432 1.073090 -0.009822 0.000016 1.073420 -0.011187 0.000474 1.073879 -0.012572 0.000924 1.074450 -0.003017 -0.001420 1.093165 -0.000057 -0.003392 1.093308 0.001311 -0.005372 1.090997 0.001838 -0.006916 1.088064 0.001576 -0.007924 1.084880 0.000726 -0.008428 1.081784 -0.000684 -0.008344 1.079066 -0.002029 -0.008007 1.077162 -0.003292 -0.007504 1.075885 -0.004513 -0.006899 1.074977 -0.005804 -0.006144 1.074301 -0.007108 -0.005293 1.073832 -0.008366 -0.004317 1.073636 -0.009550 -0.003249 1.073666 -0.010666 -0.002126 1.073862 -0.011753 -0.000973 1.074178 -0.012855 0.000193 1.074600 -0.004029 -0.002416 1.093662 -0.002051 -0.005353 1.094287 -0.001504 -0.008270 1.092519 -0.001495 -0.010683 1.090133 -0.001980 -0.012447 1.087367 -0.002984 -0.013364 1.084360 -0.004425 -0.013244 1.081480 -0.005785 -0.012550 1.079354 -0.007038 -0.011440 1.077881 -0.008086 -0.010340 1.076840 -0.009030 -0.009251 1.076021 -0.009942 -0.008033 1.075384 -0.010767 -0.006650 1.074988 -0.011498 -0.005158 1.074764 -0.012151 -0.003590 1.074676 -0.012760 -0.001969 1.074711 -0.013366 -0.000312 1.074862 -0.005291 -0.002771 1.094281 -0.004537 -0.006053 1.095507 -0.005109 -0.009314 1.094342 -0.006021 -0.012036 1.092466 -0.007237 -0.013928 1.089948 -0.008599 -0.014944 1.087116 -0.009994 -0.014811 1.084213 -0.011083 -0.014040 1.081954 -0.011903 -0.012808 1.080268 -0.012521 -0.011588 1.079017 -0.013037 -0.010381 1.077988 -0.013467 -0.009030 1.077117 -0.013762 -0.007498 1.076463 -0.013923 -0.005836 1.075993 -0.013983 -0.004097 1.075654 -0.013991 -0.002311 1.075398 -0.013997 -0.000491 1.075196 -0.006553 -0.002416 1.094901 -0.007023 -0.005353 1.096727 -0.008742 -0.008291 1.096125 -0.010612 -0.010744 1.094719 -0.012494 -0.012448 1.092528 -0.014215 -0.013363 1.089871 -0.015563 -0.013243 1.086946 -0.016381 -0.012548 1.084553 -0.016767 -0.011438 1.082656 -0.016956 -0.010339 1.081194 -0.017031 -0.009248 1.079950 -0.016990 -0.008046 1.078819 -0.016778 -0.006683 1.077872 -0.016389 -0.005179 1.077115 -0.015863 -0.003592 1.076504 -0.015256 -0.001961 1.075992 -0.014627 -0.000309 1.075527 -0.005968 0.000690 1.093088 -0.007566 -0.001420 1.095397 -0.009017 -0.003392 1.097705 -0.011655 -0.005427 1.097561 -0.014294 -0.007144 1.096583 -0.016720 -0.008339 1.094675 -0.018738 -0.008977 1.092155 -0.020051 -0.008887 1.089191 -0.020685 -0.008423 1.086660 -0.020774 -0.007683 1.084553 -0.020654 -0.006939 1.082885 -0.020402 -0.006193 1.081423 -0.019957 -0.005340 1.080074 -0.019269 -0.004347 1.078934 -0.018387 -0.003261 1.077986 -0.017367 -0.002124 1.077183 -0.016265 -0.000966 1.076469 -0.015136 0.000196 1.075782 -0.008127 0.000019 1.095673 -0.010123 -0.000558 1.098248 -0.013272 -0.001285 1.098355 -0.016343 -0.001897 1.097587 -0.019068 -0.002322 1.095826 -0.021247 -0.002549 1.093386 -0.022538 -0.002516 1.090411 -0.023057 -0.002350 1.087824 -0.022959 -0.002086 1.085626 -0.022641 -0.001815 1.083863 -0.022175 -0.001550 1.082288 -0.021502 -0.001240 1.080815 -0.020571 -0.000861 1.079550 -0.019444 -0.000434 1.078481 -0.018176 0.000018 1.077561 -0.016818 0.000477 1.076730 -0.015419 0.000925 1.075919 -0.008127 0.001616 1.095673 -0.010123 0.002587 1.098248 -0.013272 0.003313 1.098355 -0.016343 0.003926 1.097586 -0.019068 0.004354 1.095826 -0.021247 0.004585 1.093387 -0.022539 0.004556 1.090413 -0.023058 0.004391 1.087826 -0.022960 0.004127 1.085627 -0.022629 0.003867 1.083856 -0.022144 0.003592 1.082261 -0.021459 0.003301 1.080773 -0.020529 0.003002 1.079504 -0.019412 0.002702 1.078439 -0.018159 0.002398 1.077531 -0.016813 0.002079 1.076714 -0.015418 0.001734 1.075916 -0.013989 0.001350 1.075143 -0.007566 0.003054 1.095397 -0.009017 0.005420 1.097705 -0.011655 0.007455 1.097561 -0.014294 0.009173 1.096583 -0.016720 0.010371 1.094676 -0.018738 0.011015 1.092158 -0.020053 0.010929 1.089195 -0.020688 0.010467 1.086664 -0.020775 0.009725 1.084555 -0.020628 0.008978 1.082869 -0.020326 0.008216 1.081355 -0.019850 0.007387 1.079962 -0.019159 0.006482 1.078807 -0.018301 0.005530 1.077870 -0.017319 0.004544 1.077099 -0.016250 0.003524 1.076425 -0.015135 0.002464 1.075771 -0.006553 0.004050 1.094901 -0.007023 0.007381 1.096727 -0.008742 0.010319 1.096125 -0.010612 0.012775 1.094721 -0.012493 0.014483 1.092532 -0.014215 0.015405 1.089877 -0.015564 0.015290 1.086952 -0.016382 0.014596 1.084559 -0.016767 0.013483 1.082659 -0.016930 0.012364 1.081172 -0.016940 0.011245 1.079859 -0.016857 0.010078 1.078667 -0.016637 0.008813 1.077695 -0.016275 0.007451 1.076950 -0.015798 0.006017 1.076382 -0.015235 0.004523 1.075926 -0.014624 0.002970 1.075514 -0.011082 0.016087 1.081957 -0.000826 0.037406 1.051597 -0.000301 0.039588 1.054276 -0.000808 0.042632 1.054650 -0.001563 0.045617 1.054169 -0.002533 0.048287 1.052767 -0.003597 0.050449 1.050712 -0.004662 0.051772 1.048098 -0.006083 0.052184 1.043756 -0.006524 0.051862 1.042105 -0.006838 0.051457 1.040613 -0.007090 0.050921 1.039224 -0.007264 0.050172 1.038008 -0.007367 0.049245 1.036953 -0.007410 0.048185 1.036016 -0.007411 0.047027 1.035140 -0.007384 0.045779 1.034292 0.000373 0.037381 1.051071 0.002060 0.039538 1.053239 0.002643 0.042559 1.053135 0.002798 0.045525 1.052253 0.002460 0.048182 1.050572 0.001737 0.050336 1.048367 0.000629 0.051659 1.045773 -0.000446 0.052188 1.043563 -0.001462 0.052087 1.041726 -0.002318 0.051777 1.040265 -0.003063 0.051375 1.038961 -0.003773 0.050845 1.037769 -0.004446 0.050105 1.036768 -0.005072 0.049191 1.035940 -0.005659 0.048146 1.035239 -0.006221 0.047003 1.034612 -0.006779 0.045768 1.034022 0.001349 0.036822 1.050343 0.003983 0.038437 1.051806 0.005453 0.040950 1.051041 0.006348 0.043491 1.049606 0.006525 0.045852 1.047539 0.006079 0.047847 1.045127 0.004936 0.049191 1.042560 0.003651 0.049839 1.040507 0.002301 0.049931 1.038920 0.001110 0.049816 1.037716 0.000018 0.049602 1.036674 -0.001073 0.049270 1.035759 -0.002155 0.048756 1.035057 -0.003210 0.048090 1.034545 -0.004237 0.047309 1.034172 -0.005254 0.046439 1.033886 -0.006288 0.045488 1.033647 0.001909 0.035839 1.049558 0.005086 0.036502 1.050260 0.007033 0.038136 1.048747 0.008304 0.039940 1.046681 0.008858 0.041761 1.044270 0.008571 0.043476 1.041635 0.007408 0.044856 1.039097 0.006003 0.045715 1.037212 0.004460 0.046145 1.035895 0.003078 0.046364 1.034958 0.001789 0.046485 1.034201 0.000472 0.046508 1.033590 -0.000851 0.046392 1.033216 -0.002152 0.046166 1.033040 -0.003432 0.045858 1.033000 -0.004709 0.045470 1.033073 -0.006011 0.045001 1.033230 0.001943 0.034628 1.048871 0.005152 0.034116 1.048908 0.007042 0.034714 1.046694 0.008103 0.035735 1.043973 0.008333 0.037023 1.041077 0.007899 0.038404 1.038305 0.006785 0.039758 1.035918 0.005612 0.040781 1.034270 0.004428 0.041542 1.033187 0.003231 0.042150 1.032437 0.001922 0.042690 1.031904 0.000569 0.043161 1.031555 -0.000787 0.043543 1.031474 -0.002114 0.043845 1.031621 -0.003406 0.044082 1.031933 -0.004689 0.044265 1.032359 -0.005998 0.044389 1.032873 0.001442 0.033428 1.048419 0.004166 0.031753 1.048017 0.005614 0.031289 1.045402 0.006329 0.031481 1.042369 0.006333 0.032227 1.039269 0.005786 0.033336 1.036394 0.004690 0.034735 1.034024 0.003592 0.035938 1.032444 0.002521 0.036969 1.031463 0.001460 0.037903 1.030836 0.000316 0.038843 1.030458 -0.000855 0.039758 1.030291 -0.002006 0.040639 1.030410 -0.003107 0.041479 1.030763 -0.004160 0.042281 1.031285 -0.005195 0.043048 1.031922 -0.006251 0.043774 1.032652 0.000507 0.032477 1.048290 0.002325 0.029880 1.047763 0.003006 0.028480 1.045106 0.003230 0.027774 1.042093 0.003018 0.027759 1.038990 0.002333 0.028519 1.035995 0.001220 0.030021 1.033503 0.000116 0.031602 1.031890 -0.000945 0.033185 1.031009 -0.001850 0.034550 1.030504 -0.002673 0.035798 1.030190 -0.003485 0.037056 1.030085 -0.004236 0.038323 1.030261 -0.004917 0.039587 1.030636 -0.005538 0.040842 1.031166 -0.006128 0.042079 1.031824 -0.006724 0.043287 1.032595 -0.000677 0.031963 1.048511 -0.000008 0.028868 1.048198 -0.000379 0.026965 1.045768 -0.001022 0.025819 1.042942 -0.001914 0.025617 1.039910 -0.002936 0.026233 1.036977 -0.004006 0.027755 1.034476 -0.004855 0.029446 1.032816 -0.005509 0.031205 1.031860 -0.006011 0.032745 1.031280 -0.006433 0.034164 1.030890 -0.006792 0.035616 1.030702 -0.007046 0.037097 1.030787 -0.007195 0.038585 1.031094 -0.007262 0.040066 1.031555 -0.007289 0.041542 1.032110 -0.007318 0.043018 1.032725 -0.001876 0.031988 1.049037 -0.002370 0.028917 1.049234 -0.003831 0.027038 1.047282 -0.005383 0.025910 1.044857 -0.006908 0.025722 1.042101 -0.008270 0.026345 1.039318 -0.009296 0.027867 1.036798 -0.009888 0.029552 1.035025 -0.010130 0.031303 1.033889 -0.010223 0.032833 1.033130 -0.010227 0.034249 1.032560 -0.010136 0.035693 1.032145 -0.009906 0.037165 1.031971 -0.009530 0.038648 1.032033 -0.009043 0.040120 1.032267 -0.008488 0.041575 1.032612 -0.007918 0.043023 1.033007 -0.001282 0.035176 1.048936 -0.002852 0.032547 1.049765 -0.004292 0.030018 1.050668 -0.006641 0.028643 1.049381 -0.008938 0.027901 1.047541 -0.010988 0.027986 1.045180 -0.012635 0.028766 1.042595 -0.013626 0.030281 1.040034 -0.014037 0.031850 1.038067 -0.013986 0.033408 1.036631 -0.013776 0.034754 1.035583 -0.013461 0.035999 1.034721 -0.012980 0.037266 1.034020 -0.012295 0.038530 1.033579 -0.011449 0.039767 1.033358 -0.010488 0.040970 1.033295 -0.009460 0.042143 1.033324 -0.008409 0.043305 1.033379 -0.003413 0.033530 1.050550 -0.005396 0.031954 1.052213 -0.008254 0.031471 1.051641 -0.010981 0.031485 1.050402 -0.013330 0.032095 1.048460 -0.015138 0.033156 1.046101 -0.016107 0.034632 1.043509 -0.016402 0.035997 1.041381 -0.016166 0.037230 1.039685 -0.015759 0.038255 1.038377 -0.015231 0.039180 1.037238 -0.014522 0.040084 1.036226 -0.013595 0.040933 1.035445 -0.012504 0.041718 1.034867 -0.011296 0.042447 1.034440 -0.010012 0.043135 1.034099 -0.008691 0.043805 1.033775 -0.003446 0.034741 1.051236 -0.005461 0.034339 1.053566 -0.008349 0.034959 1.053618 -0.011102 0.035902 1.052906 -0.013469 0.037159 1.051332 -0.015287 0.038566 1.049170 -0.016255 0.039995 1.046551 -0.016543 0.041109 1.044281 -0.016295 0.041942 1.042357 -0.015866 0.042567 1.040816 -0.015308 0.043091 1.039430 -0.014575 0.043546 1.038149 -0.013634 0.043883 1.037072 -0.012537 0.044116 1.036185 -0.011327 0.044265 1.035440 -0.010039 0.044357 1.034776 -0.008707 0.044420 1.034121 -0.007346 0.044439 1.033474 -0.002945 0.035941 1.051689 -0.004475 0.036702 1.054457 -0.006908 0.038413 1.054921 -0.009277 0.040277 1.054558 -0.011377 0.042176 1.053226 -0.013052 0.043927 1.051194 -0.014039 0.045309 1.048558 -0.014431 0.046176 1.046193 -0.014349 0.046611 1.044119 -0.014082 0.046833 1.042417 -0.013686 0.046957 1.040869 -0.013139 0.046967 1.039412 -0.012411 0.046799 1.038143 -0.011545 0.046487 1.037053 -0.010578 0.046065 1.036098 -0.009537 0.045569 1.035220 -0.008455 0.045031 1.034345 -0.002010 0.036892 1.051817 -0.002634 0.038576 1.054710 -0.004217 0.041153 1.055285 -0.005872 0.043747 1.054972 -0.007467 0.046146 1.053686 -0.008868 0.048162 1.051694 -0.009889 0.049504 1.049073 -0.010453 0.050137 1.046702 -0.010648 0.050203 1.044607 -0.010670 0.050061 1.042877 -0.010564 0.049832 1.041307 -0.010381 0.049506 1.039827 -0.010087 0.048996 1.038503 -0.009677 0.048300 1.037341 -0.009174 0.047463 1.036306 -0.008599 0.046523 1.035348 -0.007982 0.045516 1.034407 -0.005480 0.052295 1.045775 -0.005063 0.040872 1.099843 -0.003785 0.043895 1.101184 -0.004274 0.046862 1.100232 -0.005258 0.049449 1.098564 -0.006714 0.051394 1.096231 -0.008438 0.052620 1.093545 -0.010301 0.052856 1.090729 -0.012999 0.051591 1.086805 -0.013910 0.050667 1.085512 -0.014631 0.049717 1.084368 -0.015253 0.048686 1.083365 -0.015747 0.047524 1.082610 -0.016120 0.046260 1.082073 -0.016396 0.044917 1.081696 -0.016610 0.043507 1.081412 -0.016783 0.042024 1.081188 -0.003654 0.040488 1.098846 -0.001009 0.043138 1.099221 -0.000218 0.045755 1.097363 -0.000133 0.048049 1.094937 -0.000846 0.049791 1.092077 -0.002170 0.050906 1.089108 -0.004084 0.051156 1.086328 -0.005895 0.050842 1.084314 -0.007569 0.050108 1.082961 -0.008967 0.049323 1.082020 -0.010193 0.048507 1.081236 -0.011355 0.047616 1.080612 -0.012435 0.046612 1.080268 -0.013425 0.045516 1.080163 -0.014340 0.044351 1.080233 -0.015212 0.043123 1.080415 -0.016073 0.041829 1.080680 -0.002582 0.039564 1.098009 0.001101 0.041317 1.097572 0.002866 0.043094 1.094953 0.003763 0.044687 1.091892 0.003615 0.045940 1.088589 0.002595 0.046792 1.085383 0.000642 0.047076 1.082634 -0.001398 0.046961 1.080800 -0.003439 0.046545 1.079734 -0.005204 0.046082 1.079086 -0.006810 0.045586 1.078607 -0.008391 0.045036 1.078313 -0.009922 0.044408 1.078318 -0.011383 0.043719 1.078576 -0.012781 0.042981 1.079018 -0.014152 0.042197 1.079586 -0.015536 0.041362 1.080248 -0.002060 0.038283 1.097497 0.002129 0.038795 1.096565 0.004320 0.039409 1.093453 0.005544 0.040029 1.089984 0.005787 0.040605 1.086459 0.004916 0.041094 1.083107 0.002945 0.041424 1.080377 0.000792 0.041584 1.078652 -0.001428 0.041608 1.077762 -0.003370 0.041582 1.077289 -0.005159 0.041530 1.077004 -0.006955 0.041453 1.076925 -0.008712 0.041351 1.077152 -0.010405 0.041228 1.077622 -0.012042 0.041087 1.078259 -0.013655 0.040918 1.079047 -0.015284 0.040715 1.079968 -0.002192 0.036899 1.097413 0.001870 0.036069 1.096398 0.003819 0.035463 1.093137 0.004620 0.035127 1.089499 0.004338 0.035060 1.085893 0.003243 0.035206 1.082634 0.001366 0.035570 1.080046 -0.000440 0.035948 1.078379 -0.002148 0.036327 1.077408 -0.003806 0.036707 1.076848 -0.005564 0.037129 1.076584 -0.007339 0.037571 1.076552 -0.009066 0.038045 1.076834 -0.010709 0.038537 1.077368 -0.012276 0.039035 1.078085 -0.013809 0.039530 1.078938 -0.015358 0.040013 1.079917 -0.002950 0.035686 1.097772 0.000377 0.033680 1.097105 0.001654 0.032001 1.094161 0.001931 0.030828 1.090772 0.001307 0.030213 1.087328 0.000040 0.030084 1.084150 -0.001809 0.030493 1.081548 -0.003501 0.031054 1.079828 -0.005038 0.031706 1.078776 -0.006491 0.032415 1.078119 -0.007995 0.033244 1.077740 -0.009492 0.034141 1.077592 -0.010905 0.035123 1.077736 -0.012206 0.036161 1.078113 -0.013411 0.037228 1.078656 -0.014571 0.038309 1.079323 -0.015740 0.039395 1.080110 -0.004185 0.034885 1.098503 -0.002056 0.032102 1.098546 -0.001782 0.029651 1.096341 -0.002145 0.027734 1.093624 -0.003063 0.026454 1.090648 -0.004538 0.025977 1.087582 -0.006432 0.026431 1.084815 -0.008129 0.027320 1.082875 -0.009619 0.028511 1.081640 -0.010837 0.029642 1.080824 -0.011916 0.030737 1.080222 -0.012935 0.031927 1.079817 -0.013819 0.033235 1.079661 -0.014573 0.034615 1.079675 -0.015218 0.036043 1.079821 -0.015798 0.037504 1.080092 -0.016363 0.038987 1.080491 -0.005653 0.034653 1.099462 -0.004947 0.031647 1.100435 -0.005972 0.028961 1.099137 -0.007405 0.026827 1.097179 -0.009174 0.025490 1.094643 -0.011066 0.024948 1.091848 -0.012907 0.025412 1.089046 -0.014289 0.026350 1.086901 -0.015274 0.027621 1.085337 -0.015993 0.028830 1.084195 -0.016575 0.030001 1.083268 -0.017033 0.031277 1.082499 -0.017301 0.032681 1.081942 -0.017389 0.034171 1.081560 -0.017341 0.035709 1.081299 -0.017223 0.037276 1.081118 -0.017095 0.038869 1.080997 -0.007062 0.035038 1.100459 -0.007722 0.032404 1.102398 -0.010028 0.030068 1.102006 -0.012530 0.028226 1.100805 -0.015042 0.027092 1.098795 -0.017335 0.026659 1.096283 -0.019124 0.027109 1.093443 -0.020203 0.027965 1.091084 -0.020704 0.029103 1.089179 -0.020943 0.030182 1.087697 -0.021032 0.031225 1.086424 -0.020968 0.032345 1.085251 -0.020677 0.033576 1.084245 -0.020151 0.034897 1.083409 -0.019448 0.036266 1.082703 -0.018637 0.037658 1.082087 -0.017796 0.039063 1.081518 -0.006251 0.037806 1.098516 -0.008133 0.035962 1.101296 -0.009832 0.034224 1.104046 -0.013111 0.032726 1.104422 -0.016426 0.031565 1.103910 -0.019515 0.030904 1.102366 -0.022123 0.030731 1.100089 -0.023877 0.031153 1.097197 -0.024769 0.031802 1.094631 -0.024967 0.032606 1.092407 -0.024886 0.033362 1.090608 -0.024636 0.034090 1.089002 -0.024142 0.034886 1.087475 -0.023335 0.035763 1.086125 -0.022278 0.036688 1.084940 -0.021044 0.037634 1.083882 -0.019706 0.038584 1.082902 -0.018333 0.039531 1.081945 -0.008655 0.037243 1.101807 -0.010860 0.036747 1.105054 -0.014613 0.036415 1.105895 -0.018329 0.036237 1.105774 -0.021696 0.036261 1.104503 -0.024454 0.036454 1.102373 -0.026187 0.036825 1.099462 -0.026973 0.037209 1.096791 -0.026997 0.037589 1.094397 -0.026729 0.037923 1.092422 -0.026276 0.038222 1.090616 -0.025566 0.038534 1.088871 -0.024534 0.038865 1.087294 -0.023252 0.039204 1.085883 -0.021792 0.039541 1.084602 -0.020219 0.039868 1.083396 -0.018596 0.040181 1.082201 -0.008524 0.038627 1.101892 -0.010602 0.039473 1.105220 -0.014235 0.040399 1.106138 -0.017850 0.041284 1.106082 -0.021148 0.042047 1.104857 -0.023868 0.042636 1.102752 -0.025607 0.042954 1.099839 -0.026419 0.043051 1.097150 -0.026486 0.042973 1.094727 -0.026249 0.042846 1.092713 -0.025818 0.042677 1.090851 -0.025146 0.042468 1.089056 -0.024170 0.042212 1.087438 -0.022959 0.041922 1.085996 -0.021578 0.041604 1.084691 -0.020082 0.041257 1.083462 -0.018529 0.040882 1.082240 -0.016938 0.040468 1.081035 -0.007766 0.039840 1.101533 -0.009108 0.041861 1.104513 -0.012052 0.043891 1.105105 -0.015084 0.045706 1.104775 -0.017977 0.047119 1.103359 -0.020481 0.048056 1.101152 -0.022249 0.048326 1.098252 -0.023219 0.048172 1.095637 -0.023537 0.047692 1.093332 -0.023549 0.047154 1.091428 -0.023368 0.046575 1.089672 -0.022978 0.045913 1.088002 -0.022324 0.045147 1.086534 -0.021463 0.044307 1.085260 -0.020446 0.043414 1.084133 -0.019323 0.042476 1.083089 -0.018147 0.041498 1.082052 -0.006530 0.040641 1.100802 -0.006675 0.043440 1.103073 -0.008498 0.046196 1.102992 -0.010596 0.048608 1.102053 -0.012827 0.050431 1.100226 -0.014969 0.051591 1.097814 -0.016778 0.051835 1.094963 -0.017973 0.051488 1.092529 -0.018656 0.050700 1.090503 -0.019048 0.049855 1.088870 -0.019248 0.048983 1.087389 -0.019333 0.048051 1.086014 -0.019250 0.047004 1.084840 -0.018990 0.045843 1.083872 -0.018589 0.044596 1.083064 -0.018084 0.043280 1.082354 -0.017524 0.041905 1.081677 -0.011810 0.052459 1.088500 -0.015827 0.037147 1.003437 -0.015375 0.039754 1.005725 -0.015673 0.042842 1.005481 -0.016144 0.045728 1.004381 -0.016769 0.048147 1.002410 -0.017468 0.049951 0.999881 -0.018183 0.050830 0.996956 -0.019168 0.050514 0.992462 -0.019480 0.049918 0.990851 -0.019688 0.049263 0.989426 -0.019852 0.048494 0.988131 -0.019973 0.047544 0.987055 -0.020051 0.046445 0.986177 -0.020092 0.045233 0.985446 -0.020104 0.043934 0.984797 -0.020098 0.042550 0.984195 -0.014566 0.036952 1.003047 -0.012892 0.039370 1.004958 -0.012043 0.042281 1.004360 -0.011558 0.045019 1.002962 -0.011518 0.047335 1.000785 -0.011859 0.049084 0.998144 -0.012620 0.049969 0.995234 -0.013450 0.050142 0.992852 -0.014308 0.049763 0.990959 -0.015058 0.049240 0.989490 -0.015718 0.048649 0.988204 -0.016365 0.047950 0.987056 -0.017009 0.047078 0.986138 -0.017638 0.046065 0.985427 -0.018250 0.044945 0.984869 -0.018852 0.043740 0.984404 -0.019461 0.042453 0.983994 -0.013555 0.036210 1.002535 -0.010900 0.037908 1.003949 -0.009133 0.040144 1.002885 -0.007881 0.042318 1.001097 -0.007308 0.044241 0.998648 -0.007362 0.045778 0.995862 -0.008159 0.046690 0.992971 -0.009206 0.047023 0.990699 -0.010411 0.046901 0.988983 -0.011508 0.046636 0.987696 -0.012529 0.046299 0.986598 -0.013571 0.045869 0.985646 -0.014639 0.045299 0.984939 -0.015712 0.044614 0.984448 -0.016778 0.043840 0.984120 -0.017850 0.042994 0.983893 -0.018951 0.042079 0.983726 -0.012994 0.035066 1.002001 -0.009795 0.035655 1.002897 -0.007546 0.036861 1.001308 -0.005914 0.038172 0.999074 -0.004971 0.039478 0.996425 -0.004865 0.040690 0.993487 -0.005683 0.041644 0.990616 -0.006850 0.042222 0.988459 -0.008248 0.042492 0.986925 -0.009537 0.042618 0.985821 -0.010757 0.042674 0.984921 -0.012027 0.042662 0.984180 -0.013338 0.042559 0.983697 -0.014656 0.042382 0.983431 -0.015970 0.042150 0.983317 -0.017301 0.041859 0.983328 -0.018671 0.041506 0.983435 -0.012994 0.033748 1.001552 -0.009795 0.033059 1.002012 -0.007621 0.033121 0.999919 -0.006202 0.033554 0.997163 -0.005584 0.034268 0.994101 -0.005642 0.035134 0.991075 -0.006426 0.036088 0.988362 -0.007369 0.036857 0.986431 -0.008399 0.037474 0.985104 -0.009486 0.038005 0.984131 -0.010714 0.038514 0.983372 -0.012008 0.038994 0.982803 -0.013341 0.039436 0.982514 -0.014671 0.039839 0.982465 -0.015988 0.040207 0.982596 -0.017311 0.040543 0.982850 -0.018674 0.040839 0.983197 -0.013555 0.032516 1.001276 -0.010900 0.030633 1.001469 -0.009223 0.029605 0.999131 -0.008191 0.029188 0.996184 -0.007827 0.029346 0.992998 -0.008011 0.029933 0.989909 -0.008775 0.030933 0.987207 -0.009633 0.031887 0.985318 -0.010537 0.032781 0.984052 -0.011472 0.033645 0.983154 -0.012514 0.034567 0.982492 -0.013607 0.035505 0.982039 -0.014709 0.036460 0.981875 -0.015787 0.037417 0.981955 -0.016836 0.038365 0.982213 -0.017881 0.039298 0.982591 -0.018959 0.040210 0.983067 -0.014566 0.031615 1.001228 -0.012892 0.028859 1.001374 -0.012062 0.026951 0.999087 -0.011603 0.025686 0.996276 -0.011519 0.025107 0.993204 -0.011860 0.025339 0.990047 -0.012621 0.026419 0.987204 -0.013451 0.027737 0.985213 -0.014308 0.029192 0.983945 -0.015062 0.030492 0.983104 -0.015761 0.031708 0.982480 -0.016468 0.032973 0.982063 -0.017140 0.034294 0.981925 -0.017761 0.035646 0.981991 -0.018336 0.037013 0.982217 -0.018894 0.038385 0.982577 -0.019472 0.039749 0.983051 -0.015827 0.031223 1.001417 -0.015375 0.028086 1.001748 -0.015673 0.025791 0.999668 -0.016144 0.024180 0.997033 -0.016770 0.023473 0.993995 -0.017469 0.023595 0.990890 -0.018184 0.024690 0.988040 -0.018744 0.026092 0.986008 -0.019168 0.027682 0.984676 -0.019492 0.029115 0.983771 -0.019765 0.030461 0.983083 -0.019990 0.031873 0.982593 -0.020133 0.033358 0.982378 -0.020191 0.034884 0.982392 -0.020181 0.036428 0.982566 -0.020140 0.037980 0.982837 -0.020107 0.039545 0.983168 -0.017087 0.031418 1.001807 -0.017858 0.028470 1.002515 -0.019302 0.026351 1.000790 -0.020731 0.024888 0.998451 -0.022021 0.024284 0.995617 -0.023079 0.024461 0.992623 -0.023747 0.025549 0.989759 -0.024036 0.026910 0.987644 -0.024027 0.028432 0.986178 -0.023922 0.029799 0.985141 -0.023754 0.031084 0.984319 -0.023503 0.032418 0.983654 -0.023133 0.033817 0.983236 -0.022637 0.035261 0.983063 -0.022045 0.036720 0.983073 -0.021398 0.038179 0.983202 -0.020740 0.039639 0.983383 -0.016215 0.034492 1.001183 -0.018099 0.032160 1.002319 -0.019850 0.029932 1.003524 -0.022213 0.028485 1.002270 -0.024420 0.027554 1.000359 -0.026257 0.027323 0.997809 -0.027609 0.027708 0.994953 -0.028238 0.028780 0.992052 -0.028335 0.029980 0.989787 -0.028017 0.031240 0.988092 -0.027592 0.032354 0.986835 -0.027088 0.033397 0.985791 -0.026430 0.034481 0.984917 -0.025591 0.035599 0.984321 -0.024612 0.036721 0.983963 -0.023536 0.037832 0.983779 -0.022402 0.038927 0.983697 -0.021249 0.040015 0.983647 -0.018660 0.033304 1.002853 -0.020955 0.032185 1.004576 -0.023829 0.031778 1.003807 -0.026466 0.031726 1.002305 -0.028603 0.032106 1.000040 -0.030115 0.032818 0.997337 -0.030723 0.033845 0.994416 -0.030704 0.034807 0.992040 -0.030200 0.035689 0.990169 -0.029578 0.036427 0.988735 -0.028858 0.037093 0.987499 -0.027969 0.037750 0.986410 -0.026887 0.038382 0.985581 -0.025663 0.038980 0.984980 -0.024341 0.039543 0.984551 -0.022953 0.040078 0.984221 -0.021532 0.040595 0.983915 -0.018660 0.034622 1.003302 -0.020955 0.034781 1.005461 -0.023829 0.035573 1.005101 -0.026466 0.036533 1.003943 -0.028603 0.037617 1.001919 -0.030116 0.038707 0.999345 -0.030724 0.039682 0.996407 -0.030705 0.040372 0.993938 -0.030200 0.040817 0.991918 -0.029566 0.041119 0.990331 -0.028825 0.041343 0.988928 -0.027923 0.041507 0.987659 -0.026840 0.041582 0.986635 -0.025626 0.041579 0.985832 -0.024319 0.041515 0.985197 -0.022945 0.041405 0.984659 -0.021530 0.041264 0.984140 -0.020090 0.041081 0.983640 -0.018099 0.035854 1.003578 -0.019850 0.037207 1.006004 -0.022213 0.039119 1.005895 -0.024420 0.041024 1.004951 -0.026257 0.042767 1.003075 -0.027610 0.044210 1.000581 -0.028241 0.045137 0.997632 -0.028338 0.045572 0.995105 -0.028018 0.045609 0.992993 -0.027566 0.045496 0.991305 -0.027006 0.045307 0.989800 -0.026311 0.045013 0.988421 -0.025467 0.044569 0.987278 -0.024512 0.044008 0.986352 -0.023477 0.043358 0.985591 -0.022380 0.042645 0.984925 -0.021246 0.041891 0.984275 -0.017087 0.036755 1.003626 -0.017858 0.038982 1.006099 -0.019302 0.041713 1.006027 -0.020731 0.044301 1.005071 -0.022022 0.046514 1.003200 -0.023080 0.048207 1.000725 -0.023749 0.049100 0.997794 -0.024038 0.049315 0.995287 -0.024028 0.049003 0.993194 -0.023895 0.048544 0.991515 -0.023655 0.048022 0.990024 -0.023354 0.047416 0.988647 -0.022971 0.046652 0.987468 -0.022502 0.045729 0.986494 -0.021963 0.044685 0.985682 -0.021366 0.043550 0.984972 -0.020735 0.042350 0.984295 -0.018743 0.050961 0.994490 -0.037843 0.008935 0.992128 -0.036731 0.012141 0.993092 -0.037643 0.014985 0.992128 -0.039101 0.017361 0.990574 -0.041050 0.019015 0.988484 -0.043239 0.019907 0.986132 -0.045481 0.019795 0.983720 -0.048543 0.018046 0.980444 -0.049522 0.016962 0.979391 -0.050300 0.015882 0.978457 -0.050955 0.014737 0.977646 -0.051433 0.013490 0.977056 -0.051750 0.012166 0.976660 -0.051942 0.010783 0.976404 -0.052052 0.009344 0.976230 -0.052108 0.007840 0.976112 -0.036758 0.008625 0.991102 -0.034594 0.011530 0.991071 -0.034519 0.014093 0.989174 -0.035155 0.016233 0.986840 -0.036532 0.017723 0.984209 -0.038412 0.018526 0.981565 -0.040694 0.018424 0.979190 -0.042676 0.017820 0.977533 -0.044361 0.016850 0.976487 -0.045715 0.015881 0.975795 -0.046881 0.014907 0.975231 -0.047952 0.013875 0.974812 -0.048881 0.012754 0.974645 -0.049674 0.011565 0.974694 -0.050359 0.010325 0.974899 -0.050977 0.009034 0.975206 -0.051562 0.007683 0.975589 -0.035888 0.007757 0.990279 -0.032880 0.009820 0.989451 -0.032015 0.011593 0.986806 -0.031991 0.013074 0.983846 -0.032910 0.014105 0.980781 -0.034543 0.014661 0.977903 -0.036856 0.014591 0.975559 -0.039024 0.014173 0.974078 -0.041007 0.013503 0.973315 -0.042658 0.012837 0.972910 -0.044131 0.012164 0.972646 -0.045539 0.011450 0.972552 -0.046835 0.010682 0.972730 -0.048011 0.009875 0.973135 -0.049090 0.009037 0.973706 -0.050115 0.008163 0.974391 -0.051128 0.007243 0.975166 -0.035405 0.006502 0.989822 -0.031928 0.007349 0.988551 -0.030673 0.007977 0.985470 -0.030348 0.008498 0.982153 -0.030899 0.008879 0.978879 -0.032395 0.009078 0.975871 -0.034725 0.009054 0.973544 -0.036996 0.008906 0.972161 -0.039146 0.008667 0.971555 -0.040961 0.008429 0.971305 -0.042599 0.008191 0.971215 -0.044200 0.007941 0.971316 -0.045702 0.007688 0.971693 -0.047096 0.007434 0.972288 -0.048405 0.007178 0.973031 -0.049660 0.006907 0.973911 -0.050899 0.006607 0.974917 -0.035405 0.005109 0.989822 -0.031928 0.004606 0.988551 -0.030801 0.003990 0.985413 -0.030792 0.003510 0.982026 -0.031763 0.003197 0.978758 -0.033405 0.003041 0.975873 -0.035627 0.003068 0.973664 -0.037600 0.003173 0.972292 -0.039347 0.003329 0.971546 -0.040967 0.003517 0.971172 -0.042619 0.003754 0.971076 -0.044242 0.004025 0.971193 -0.045761 0.004350 0.971591 -0.047158 0.004716 0.972210 -0.048450 0.005107 0.972990 -0.049685 0.005506 0.973891 -0.050907 0.005899 0.974910 -0.035888 0.003855 0.990279 -0.032880 0.002135 0.989451 -0.032180 0.000407 0.986717 -0.032504 -0.000938 0.983645 -0.033693 -0.001817 0.980583 -0.035445 -0.002258 0.977801 -0.037648 -0.002184 0.975576 -0.039550 -0.001890 0.974135 -0.041187 -0.001452 0.973287 -0.042676 -0.000924 0.972789 -0.044166 -0.000265 0.972544 -0.045610 0.000476 0.972508 -0.046927 0.001328 0.972726 -0.048105 0.002259 0.973144 -0.049167 0.003239 0.973704 -0.050165 0.004244 0.974372 -0.051147 0.005261 0.975151 -0.036758 0.002986 0.991102 -0.034594 0.000424 0.991071 -0.034559 -0.002120 0.989144 -0.035244 -0.004224 0.986783 -0.036535 -0.005762 0.984207 -0.038415 -0.006562 0.981564 -0.040696 -0.006457 0.979189 -0.042678 -0.005852 0.977533 -0.044362 -0.004884 0.976487 -0.045716 -0.003925 0.975802 -0.046899 -0.002975 0.975301 -0.047999 -0.001913 0.974971 -0.048941 -0.000707 0.974850 -0.049739 0.000595 0.974868 -0.050419 0.001962 0.974996 -0.051019 0.003376 0.975229 -0.051583 0.004820 0.975577 -0.037843 0.002676 0.992128 -0.036731 -0.000186 0.993092 -0.037643 -0.003030 0.992128 -0.039102 -0.005404 0.990572 -0.041053 -0.007054 0.988481 -0.043243 -0.007940 0.986128 -0.045484 -0.007824 0.983716 -0.047233 -0.007152 0.981840 -0.048544 -0.006078 0.980442 -0.049528 -0.005013 0.979408 -0.050344 -0.003961 0.978560 -0.051029 -0.002783 0.977839 -0.051514 -0.001447 0.977290 -0.051813 0.000003 0.976878 -0.051971 0.001520 0.976563 -0.052054 0.003077 0.976312 -0.052119 0.004665 0.976114 -0.038928 0.002986 0.993154 -0.038868 0.000424 0.995113 -0.040766 -0.002138 0.995081 -0.043049 -0.004277 0.994305 -0.045573 -0.005763 0.992755 -0.048070 -0.006562 0.990693 -0.050272 -0.006456 0.988243 -0.051788 -0.005851 0.986146 -0.052726 -0.004883 0.984397 -0.053341 -0.003924 0.983013 -0.053777 -0.002973 0.981808 -0.054065 -0.001925 0.980677 -0.054128 -0.000735 0.979672 -0.053958 0.000576 0.978795 -0.053609 0.001960 0.978019 -0.053149 0.003382 0.977314 -0.052654 0.004823 0.976648 -0.038869 0.005695 0.991170 -0.039799 0.003855 0.993977 -0.040582 0.002135 0.996734 -0.043269 0.000360 0.997456 -0.046199 -0.001138 0.997354 -0.049185 -0.002180 0.996263 -0.051940 -0.002736 0.994433 -0.054118 -0.002658 0.991933 -0.055490 -0.002253 0.989640 -0.056191 -0.001607 0.987586 -0.056556 -0.000958 0.985897 -0.056728 -0.000309 0.984370 -0.056675 0.000436 0.982890 -0.056317 0.001301 0.981538 -0.055708 0.002249 0.980311 -0.054918 0.003240 0.979183 -0.054022 0.004251 0.978116 -0.053089 0.005264 0.977067 -0.040282 0.005109 0.994433 -0.041534 0.004606 0.997633 -0.044659 0.003972 0.998771 -0.047960 0.003438 0.999018 -0.051204 0.003067 0.998171 -0.054098 0.002870 0.996473 -0.056257 0.002898 0.993955 -0.057529 0.003043 0.991568 -0.058070 0.003274 0.989363 -0.058263 0.003510 0.987515 -0.058254 0.003741 0.985806 -0.058007 0.004011 0.984129 -0.057443 0.004342 0.982574 -0.056623 0.004714 0.981147 -0.055620 0.005109 0.979822 -0.054500 0.005509 0.978555 -0.053333 0.005900 0.977295 -0.040282 0.006502 0.994433 -0.041534 0.007349 0.997633 -0.044659 0.007982 0.998771 -0.047960 0.008517 0.999018 -0.051204 0.008890 0.998171 -0.054098 0.009092 0.996474 -0.056257 0.009066 0.993957 -0.057529 0.008922 0.991570 -0.058070 0.008692 0.989364 -0.058254 0.008466 0.987505 -0.058231 0.008225 0.985769 -0.057977 0.007971 0.984074 -0.057413 0.007711 0.982514 -0.056603 0.007450 0.981095 -0.055611 0.007184 0.979787 -0.054500 0.006906 0.978538 -0.053333 0.006605 0.977292 -0.052126 0.006271 0.976060 -0.039799 0.007757 0.993977 -0.040582 0.009820 0.996734 -0.043269 0.011595 0.997456 -0.046199 0.013093 0.997354 -0.049184 0.014138 0.996265 -0.051940 0.014699 0.994437 -0.054119 0.014624 0.991938 -0.055491 0.014221 0.989644 -0.056192 0.013575 0.987588 -0.056535 0.012923 0.985873 -0.056672 0.012258 0.984277 -0.056600 0.011535 0.982744 -0.056243 0.010746 0.981376 -0.055655 0.009916 0.980169 -0.054895 0.009055 0.979085 -0.054019 0.008166 0.978068 -0.053092 0.007242 0.977055 -0.038928 0.008625 0.993154 -0.038868 0.011530 0.995113 -0.040766 0.014093 0.995082 -0.043048 0.016234 0.994306 -0.045571 0.017724 0.992759 -0.048068 0.018528 0.990699 -0.050271 0.018427 0.988250 -0.051787 0.017822 0.986152 -0.052726 0.016851 0.984400 -0.053321 0.015875 0.982984 -0.053713 0.014900 0.981689 -0.053976 0.013882 0.980483 -0.054038 0.012779 0.979450 -0.053892 0.011591 0.978595 -0.053579 0.010341 0.977877 -0.053147 0.009037 0.977242 -0.052654 0.007683 0.976635 -0.047231 0.019123 0.981842 -0.039293 0.009409 0.953037 -0.038648 0.012604 0.954412 -0.039616 0.015439 0.953449 -0.040973 0.017816 0.951762 -0.042652 0.019479 0.949401 -0.044453 0.020388 0.946684 -0.046208 0.020299 0.943835 -0.048469 0.018589 0.939864 -0.049146 0.017522 0.938556 -0.049644 0.016463 0.937405 -0.050038 0.015340 0.936398 -0.050290 0.014111 0.935639 -0.050413 0.012802 0.935100 -0.050434 0.011433 0.934721 -0.050384 0.010008 0.934438 -0.050286 0.008518 0.934215 -0.037960 0.009266 0.952192 -0.036022 0.012323 0.952748 -0.035779 0.015029 0.951017 -0.036125 0.017296 0.948687 -0.037101 0.018883 0.945880 -0.038522 0.019751 0.942923 -0.040325 0.019666 0.940105 -0.041931 0.019047 0.938032 -0.043331 0.018038 0.936606 -0.044470 0.017027 0.935597 -0.045446 0.016014 0.934751 -0.046349 0.014940 0.934066 -0.047155 0.013768 0.933654 -0.047862 0.012521 0.933480 -0.048487 0.011219 0.933481 -0.049062 0.009864 0.933593 -0.049613 0.008445 0.933784 -0.036837 0.008535 0.951476 -0.033811 0.010884 0.951338 -0.032547 0.012925 0.948956 -0.032041 0.014638 0.946083 -0.032426 0.015839 0.942897 -0.033529 0.016498 0.939737 -0.035372 0.016440 0.936945 -0.037218 0.015978 0.935026 -0.039004 0.015222 0.933846 -0.040527 0.014466 0.933088 -0.041900 0.013705 0.932505 -0.043239 0.012895 0.932101 -0.044516 0.012019 0.931989 -0.045716 0.011094 0.932124 -0.046850 0.010132 0.932442 -0.047949 0.009130 0.932883 -0.049050 0.008075 0.933414 -0.036146 0.007361 0.951031 -0.032451 0.008572 0.950462 -0.030604 0.009540 0.947644 -0.029638 0.010349 0.944409 -0.029552 0.010949 0.941044 -0.030458 0.011275 0.937757 -0.032327 0.011260 0.934982 -0.034320 0.011050 0.933158 -0.036343 0.010697 0.932131 -0.038102 0.010341 0.931524 -0.039715 0.009987 0.931112 -0.041329 0.009608 0.930896 -0.042900 0.009211 0.930976 -0.044406 0.008805 0.931295 -0.045858 0.008390 0.931779 -0.047281 0.007954 0.932409 -0.048712 0.007480 0.933167 -0.036025 0.005977 0.950945 -0.032213 0.005844 0.950292 -0.030375 0.005570 0.947317 -0.029627 0.005366 0.943891 -0.029905 0.005244 0.940409 -0.030953 0.005195 0.937195 -0.032741 0.005230 0.934563 -0.034458 0.005294 0.932821 -0.036080 0.005375 0.931755 -0.037653 0.005468 0.931086 -0.039321 0.005586 0.930693 -0.041005 0.005721 0.930523 -0.042648 0.005896 0.930656 -0.044217 0.006104 0.931038 -0.045715 0.006331 0.931601 -0.047181 0.006561 0.932298 -0.048657 0.006776 0.933115 -0.036498 0.004656 0.951235 -0.033143 0.003242 0.950863 -0.031723 0.001798 0.948145 -0.031301 0.000682 0.944918 -0.031792 -0.000037 0.941568 -0.032948 -0.000385 0.938419 -0.034718 -0.000301 0.935777 -0.036365 -0.000038 0.933991 -0.037880 0.000341 0.932859 -0.039325 0.000792 0.932112 -0.040835 0.001352 0.931627 -0.042348 0.001982 0.931365 -0.043796 0.002711 0.931389 -0.045151 0.003513 0.931645 -0.046423 0.004361 0.932068 -0.047654 0.005231 0.932613 -0.048894 0.006104 0.933272 -0.037470 0.003660 0.951843 -0.035058 0.001280 0.952061 -0.034405 -0.001092 0.949977 -0.034426 -0.003046 0.947348 -0.035063 -0.004468 0.944426 -0.036345 -0.005194 0.941370 -0.038166 -0.005073 0.938565 -0.039876 -0.004490 0.936568 -0.041444 -0.003572 0.935262 -0.042752 -0.002666 0.934379 -0.043925 -0.001773 0.933713 -0.045058 -0.000774 0.933240 -0.046088 0.000363 0.933016 -0.047010 0.001594 0.932965 -0.047841 0.002891 0.933049 -0.048618 0.004233 0.933258 -0.049383 0.005598 0.933591 -0.038749 0.003186 0.952650 -0.037577 0.000347 0.953650 -0.038051 -0.002472 0.952335 -0.038996 -0.004820 0.950352 -0.040390 -0.006441 0.947786 -0.042036 -0.007301 0.944958 -0.043811 -0.007162 0.942123 -0.045246 -0.006477 0.939953 -0.046374 -0.005397 0.938370 -0.047246 -0.004330 0.937213 -0.047986 -0.003278 0.936274 -0.048630 -0.002101 0.935495 -0.049123 -0.000765 0.934935 -0.049465 0.000686 0.934555 -0.049692 0.002208 0.934303 -0.049859 0.003770 0.934132 -0.050021 0.005359 0.934020 -0.040082 0.003329 0.953495 -0.040203 0.000628 0.955314 -0.041888 -0.002062 0.954766 -0.043845 -0.004301 0.953426 -0.045942 -0.005847 0.951304 -0.047967 -0.006666 0.948716 -0.049692 -0.006533 0.945850 -0.050841 -0.005877 0.943498 -0.051512 -0.004846 0.941626 -0.051930 -0.003828 0.940182 -0.052204 -0.002819 0.938949 -0.052352 -0.001708 0.937824 -0.052312 -0.000450 0.936877 -0.052074 0.000937 0.936111 -0.051682 0.002403 0.935483 -0.051196 0.003909 0.934950 -0.050685 0.005433 0.934465 -0.039848 0.006186 0.951683 -0.041205 0.004059 0.954210 -0.042414 0.002068 0.956723 -0.045119 0.000039 0.956833 -0.047923 -0.001665 0.956087 -0.050620 -0.002842 0.954367 -0.052974 -0.003459 0.951978 -0.054663 -0.003346 0.949065 -0.055609 -0.002864 0.946530 -0.055949 -0.002111 0.944377 -0.056025 -0.001358 0.942655 -0.055940 -0.000602 0.941130 -0.055647 0.000261 0.939701 -0.055081 0.001258 0.938465 -0.054297 0.002345 0.937407 -0.053354 0.003482 0.936484 -0.052317 0.004641 0.935645 -0.051248 0.005804 0.934830 -0.041895 0.005233 0.954655 -0.043774 0.004380 0.957600 -0.047106 0.003420 0.958115 -0.050441 0.002616 0.957709 -0.053506 0.002068 0.956226 -0.056058 0.001786 0.953965 -0.057719 0.001852 0.951035 -0.058523 0.002091 0.948409 -0.058635 0.002456 0.946109 -0.058469 0.002825 0.944233 -0.058128 0.003192 0.942534 -0.057557 0.003615 0.940915 -0.056695 0.004112 0.939481 -0.055607 0.004659 0.938226 -0.054356 0.005235 0.937109 -0.053000 0.005820 0.936073 -0.051597 0.006399 0.935053 -0.042016 0.006618 0.954741 -0.044012 0.007107 0.957769 -0.047455 0.007406 0.958362 -0.050882 0.007666 0.958022 -0.054012 0.007857 0.956586 -0.056599 0.007973 0.954351 -0.058256 0.007984 0.951418 -0.059035 0.007936 0.948775 -0.059105 0.007843 0.946445 -0.058888 0.007754 0.944531 -0.058487 0.007656 0.942779 -0.057859 0.007559 0.941110 -0.056946 0.007469 0.939634 -0.055813 0.007385 0.938347 -0.054520 0.007302 0.937204 -0.053117 0.007211 0.936143 -0.051658 0.007101 0.935093 -0.050157 0.006960 0.934063 -0.041544 0.007939 0.954452 -0.043082 0.009709 0.957199 -0.046095 0.011210 0.957528 -0.049160 0.012484 0.956967 -0.052038 0.013383 0.955377 -0.054489 0.013877 0.953060 -0.056166 0.013837 0.950138 -0.057042 0.013516 0.947553 -0.057269 0.012984 0.945318 -0.057205 0.012448 0.943492 -0.056957 0.011905 0.941824 -0.056505 0.011315 0.940255 -0.055794 0.010668 0.938900 -0.054880 0.009984 0.937748 -0.053815 0.009274 0.936750 -0.052645 0.008538 0.935839 -0.051421 0.007772 0.934940 -0.040572 0.008935 0.953843 -0.041168 0.011671 0.956000 -0.043298 0.014076 0.955770 -0.045626 0.016093 0.954695 -0.047982 0.017507 0.952761 -0.050146 0.018281 0.950274 -0.051854 0.018209 0.947395 -0.052899 0.017660 0.944968 -0.053400 0.016764 0.942973 -0.053624 0.015862 0.941380 -0.053668 0.014966 0.939946 -0.053596 0.014031 0.938624 -0.053350 0.013012 0.937508 -0.052922 0.011911 0.936604 -0.052350 0.010749 0.935864 -0.051671 0.009538 0.935228 -0.050931 0.008277 0.934627 -0.047527 0.019648 0.941580 0.000801 0.000813 1.048121 0.001612 0.004019 1.049319 0.000988 0.006863 1.048174 -0.000008 0.009240 1.046332 -0.001337 0.010894 1.043858 -0.002827 0.011786 1.041075 -0.004352 0.011674 1.038221 -0.006440 0.009924 1.034341 -0.007106 0.008841 1.033095 -0.007613 0.007760 1.032013 -0.008034 0.006615 1.031080 -0.008341 0.005369 1.030401 -0.008544 0.004045 1.029945 -0.008663 0.002662 1.029654 -0.008725 0.001223 1.029462 -0.008750 -0.000281 1.029336 0.002052 0.000504 1.047439 0.004076 0.003409 1.047975 0.004588 0.005971 1.046210 0.004542 0.008112 1.043849 0.003873 0.009601 1.041014 0.002739 0.010404 1.038037 0.001168 0.010303 1.035208 -0.000292 0.009698 1.033133 -0.001618 0.008729 1.031710 -0.002718 0.007760 1.030705 -0.003673 0.006785 1.029871 -0.004573 0.005753 1.029197 -0.005400 0.004632 1.028798 -0.006151 0.003444 1.028637 -0.006837 0.002204 1.028652 -0.007484 0.000913 1.028779 -0.008119 -0.000438 1.028987 0.003055 -0.000365 1.046892 0.006052 0.001699 1.046897 0.007476 0.003472 1.044635 0.008190 0.004953 1.041857 0.008050 0.005983 1.038734 0.007200 0.006539 1.035601 0.005593 0.006470 1.032793 0.003918 0.006052 1.030835 0.002248 0.005382 1.029600 0.000805 0.004716 1.028788 -0.000506 0.004043 1.028157 -0.001796 0.003329 1.027700 -0.003045 0.002561 1.027530 -0.004236 0.001754 1.027604 -0.005375 0.000916 1.027860 -0.006490 0.000042 1.028237 -0.007615 -0.000878 1.028702 0.003612 -0.001619 1.046588 0.007148 -0.000772 1.046299 0.009038 -0.000144 1.043728 0.010116 0.000376 1.040693 0.010368 0.000758 1.037469 0.009677 0.000957 1.034250 0.008049 0.000933 1.031453 0.006256 0.000785 1.029560 0.004394 0.000545 1.028429 0.002761 0.000308 1.027722 0.001255 0.000070 1.027210 -0.000260 -0.000180 1.026887 -0.001748 -0.000433 1.026850 -0.003185 -0.000687 1.027046 -0.004579 -0.000943 1.027404 -0.005954 -0.001214 1.027904 -0.007344 -0.001514 1.028527 0.003612 -0.003012 1.046588 0.007148 -0.003515 1.046299 0.008932 -0.004132 1.043642 0.009732 -0.004611 1.040458 0.009591 -0.004924 1.037130 0.008735 -0.005080 1.033988 0.007181 -0.005053 1.031331 0.005662 -0.004948 1.029526 0.004209 -0.004792 1.028369 0.002787 -0.004604 1.027595 0.001270 -0.004367 1.027073 -0.000270 -0.004096 1.026760 -0.001779 -0.003771 1.026738 -0.003225 -0.003405 1.026957 -0.004612 -0.003014 1.027353 -0.005973 -0.002615 1.027879 -0.007349 -0.002222 1.028519 0.003055 -0.004267 1.046892 0.006052 -0.005987 1.046897 0.007343 -0.007714 1.044508 0.007758 -0.009060 1.041534 0.007366 -0.009939 1.038344 0.006384 -0.010379 1.035270 0.004850 -0.010305 1.032602 0.003415 -0.010012 1.030751 0.002087 -0.009573 1.029526 0.000816 -0.009045 1.028670 -0.000516 -0.008387 1.028051 -0.001852 -0.007645 1.027640 -0.003131 -0.006793 1.027502 -0.004326 -0.005862 1.027589 -0.005446 -0.004882 1.027838 -0.006532 -0.003877 1.028206 -0.007629 -0.002860 1.028683 0.002052 -0.005135 1.047439 0.004076 -0.007697 1.047975 0.004558 -0.010241 1.046171 0.004472 -0.012345 1.043771 0.003871 -0.013884 1.041012 0.002737 -0.014683 1.038035 0.001165 -0.014579 1.035207 -0.000294 -0.013973 1.033132 -0.001619 -0.013005 1.031709 -0.002721 -0.012046 1.030712 -0.003706 -0.011096 1.029932 -0.004654 -0.010034 1.029334 -0.005504 -0.008828 1.028975 -0.006252 -0.007527 1.028784 -0.006915 -0.006160 1.028727 -0.007529 -0.004745 1.028790 -0.008135 -0.003301 1.028970 0.000801 -0.005445 1.048121 0.001612 -0.008307 1.049319 0.000987 -0.011151 1.048174 -0.000009 -0.013526 1.046330 -0.001338 -0.015175 1.043854 -0.002829 -0.016062 1.041070 -0.004354 -0.015945 1.038217 -0.005545 -0.015273 1.035995 -0.006441 -0.014199 1.034339 -0.007116 -0.013134 1.033109 -0.007678 -0.012082 1.032099 -0.008148 -0.010904 1.031243 -0.008472 -0.009568 1.030599 -0.008654 -0.008118 1.030134 -0.008728 -0.006601 1.029796 -0.008746 -0.005044 1.029539 -0.008760 -0.003457 1.029336 -0.000450 -0.005135 1.048804 -0.000852 -0.007697 1.050662 -0.002613 -0.010259 1.050138 -0.004559 -0.012399 1.048812 -0.006549 -0.013885 1.046696 -0.008394 -0.014683 1.044105 -0.009874 -0.014578 1.041226 -0.010796 -0.013972 1.038859 -0.011262 -0.013004 1.036969 -0.011511 -0.012045 1.035507 -0.011636 -0.011094 1.034259 -0.011640 -0.010046 1.033120 -0.011464 -0.008857 1.032158 -0.011101 -0.007546 1.031378 -0.010594 -0.006161 1.030739 -0.010001 -0.004739 1.030195 -0.009384 -0.003298 1.029699 0.000069 -0.002427 1.046953 -0.001454 -0.004267 1.049351 -0.002828 -0.005987 1.051740 -0.005500 -0.007761 1.051719 -0.008207 -0.009259 1.050859 -0.010734 -0.010301 1.049054 -0.012874 -0.010858 1.046615 -0.014320 -0.010779 1.043695 -0.015062 -0.010374 1.041180 -0.015236 -0.009729 1.039065 -0.015181 -0.009080 1.037382 -0.014985 -0.008430 1.035900 -0.014590 -0.007686 1.034521 -0.013940 -0.006820 1.033343 -0.013085 -0.005873 1.032348 -0.012086 -0.004881 1.031493 -0.011001 -0.003871 1.030723 -0.009887 -0.002858 1.029979 -0.002010 -0.003012 1.049654 -0.003925 -0.003515 1.052338 -0.007103 -0.004149 1.052593 -0.010237 -0.004683 1.051965 -0.013062 -0.005054 1.050322 -0.015362 -0.005252 1.047970 -0.016785 -0.005223 1.045040 -0.017413 -0.005078 1.042462 -0.017402 -0.004848 1.040246 -0.017150 -0.004611 1.038458 -0.016743 -0.004380 1.036853 -0.016121 -0.004110 1.035340 -0.015231 -0.003779 1.034024 -0.014134 -0.003407 1.032895 -0.012889 -0.003012 1.031911 -0.011550 -0.002613 1.031011 -0.010168 -0.002222 1.030130 -0.002010 -0.001619 1.049654 -0.003925 -0.000772 1.052338 -0.007103 -0.000139 1.052593 -0.010237 0.000396 1.051965 -0.013062 0.000769 1.050323 -0.015362 0.000970 1.047971 -0.016786 0.000945 1.045041 -0.017414 0.000801 1.042464 -0.017402 0.000571 1.040247 -0.017139 0.000344 1.038451 -0.016713 0.000104 1.036824 -0.016080 -0.000150 1.035296 -0.015190 -0.000410 1.033975 -0.014103 -0.000672 1.032852 -0.012873 -0.000937 1.031880 -0.011545 -0.001215 1.030995 -0.010167 -0.001516 1.030127 -0.008755 -0.001851 1.029283 -0.001454 -0.000365 1.049351 -0.002828 0.001699 1.051740 -0.005500 0.003474 1.051719 -0.008207 0.004972 1.050859 -0.010734 0.006017 1.049056 -0.012875 0.006578 1.046618 -0.014322 0.006503 1.043699 -0.015064 0.006100 1.041184 -0.015237 0.005453 1.039067 -0.015156 0.004802 1.037364 -0.014911 0.004137 1.035827 -0.014485 0.003414 1.034404 -0.013833 0.002625 1.033210 -0.013003 0.001795 1.032228 -0.012042 0.000934 1.031406 -0.010988 0.000045 1.030678 -0.009887 -0.000879 1.029967 -0.000450 0.000504 1.048804 -0.000852 0.003409 1.050662 -0.002613 0.005971 1.050138 -0.004559 0.008113 1.048814 -0.006548 0.009603 1.046700 -0.008394 0.010407 1.044112 -0.009874 0.010306 1.041233 -0.010797 0.009701 1.038864 -0.011262 0.008730 1.036972 -0.011486 0.007754 1.035484 -0.011549 0.006779 1.034164 -0.011512 0.005761 1.032961 -0.011328 0.004657 1.031974 -0.010992 0.003470 1.031207 -0.010533 0.002219 1.030613 -0.009982 0.000916 1.030128 -0.009381 -0.000439 1.029686 -0.005544 0.011002 1.035999 -0.030598 0.039239 0.869855 -0.030746 0.041591 0.872859 -0.030487 0.044947 0.873298 -0.030063 0.048241 0.872808 -0.029488 0.051191 0.871315 -0.028837 0.053581 0.869109 -0.028167 0.055049 0.866287 -0.027268 0.055522 0.861572 -0.026976 0.055173 0.859775 -0.026667 0.054713 0.858179 -0.026387 0.054108 0.856696 -0.026184 0.053272 0.855389 -0.026046 0.052244 0.854249 -0.025950 0.051070 0.853232 -0.025873 0.049786 0.852284 -0.025811 0.048403 0.851365 -0.029187 0.038801 0.869933 -0.027968 0.040729 0.873013 -0.026427 0.043688 0.873522 -0.024932 0.046649 0.873090 -0.023612 0.049367 0.871637 -0.022559 0.051633 0.869453 -0.021942 0.053116 0.866629 -0.021726 0.053795 0.864095 -0.021830 0.053834 0.861872 -0.022030 0.053642 0.860055 -0.022228 0.053333 0.858430 -0.022488 0.052891 0.856912 -0.022869 0.052235 0.855569 -0.023346 0.051400 0.854392 -0.023886 0.050428 0.853339 -0.024470 0.049352 0.852356 -0.025096 0.048184 0.851401 -0.028056 0.037858 0.869657 -0.025740 0.038869 0.872470 -0.023171 0.040971 0.872729 -0.020817 0.043216 0.872085 -0.018901 0.045436 0.870486 -0.017527 0.047432 0.868223 -0.016951 0.048950 0.865409 -0.016977 0.049832 0.862935 -0.017469 0.050196 0.860808 -0.018060 0.050330 0.859092 -0.018665 0.050347 0.857567 -0.019368 0.050251 0.856149 -0.020224 0.049982 0.854915 -0.021194 0.049563 0.853855 -0.022242 0.049029 0.852928 -0.023349 0.048407 0.852077 -0.024522 0.047710 0.851253 -0.027428 0.036594 0.869082 -0.024503 0.036381 0.871337 -0.021374 0.037356 0.871026 -0.018571 0.038664 0.869891 -0.016286 0.040175 0.868091 -0.014735 0.041813 0.865665 -0.014181 0.043376 0.862872 -0.014342 0.044529 0.860521 -0.015049 0.045327 0.858591 -0.015855 0.045892 0.857072 -0.016688 0.046342 0.855756 -0.017651 0.046711 0.854553 -0.018780 0.046960 0.853555 -0.020019 0.047104 0.852740 -0.021330 0.047169 0.852056 -0.022719 0.047159 0.851470 -0.024198 0.047081 0.850942 -0.027428 0.035262 0.868322 -0.024503 0.033757 0.869840 -0.021399 0.033608 0.868732 -0.018717 0.034104 0.866796 -0.016668 0.035117 0.864326 -0.015293 0.036438 0.861664 -0.014774 0.037974 0.859035 -0.014779 0.039248 0.857035 -0.015154 0.040303 0.855533 -0.015752 0.041233 0.854321 -0.016588 0.042145 0.853250 -0.017577 0.043016 0.852325 -0.018731 0.043819 0.851640 -0.019992 0.044550 0.851174 -0.021322 0.045217 0.850873 -0.022716 0.045835 0.850678 -0.024197 0.046408 0.850546 -0.028056 0.034124 0.867526 -0.025740 0.031517 0.868273 -0.023192 0.030360 0.866462 -0.020942 0.030071 0.863976 -0.019177 0.030570 0.861148 -0.017945 0.031634 0.858306 -0.017402 0.033211 0.855706 -0.017313 0.034657 0.853826 -0.017546 0.035968 0.852503 -0.017975 0.037207 0.851506 -0.018604 0.038499 0.850705 -0.019372 0.039793 0.850086 -0.020273 0.041070 0.849741 -0.021254 0.042311 0.849636 -0.022283 0.043513 0.849708 -0.023362 0.044682 0.849893 -0.024520 0.045825 0.850150 -0.029187 0.033407 0.866854 -0.027968 0.030103 0.866949 -0.026425 0.028202 0.864628 -0.024936 0.027130 0.861830 -0.023612 0.026901 0.858812 -0.022560 0.027632 0.855753 -0.021942 0.029312 0.853041 -0.021727 0.031149 0.851168 -0.021830 0.033041 0.850004 -0.022036 0.034692 0.849244 -0.022293 0.036213 0.848689 -0.022640 0.037760 0.848338 -0.023064 0.039323 0.848280 -0.023519 0.040881 0.848443 -0.023996 0.042423 0.848779 -0.024512 0.043949 0.849248 -0.025098 0.045456 0.849817 -0.030598 0.033252 0.866437 -0.030746 0.029797 0.866129 -0.030487 0.027713 0.863462 -0.030063 0.026462 0.860376 -0.029487 0.026252 0.857077 -0.028836 0.026941 0.853899 -0.028166 0.028628 0.851203 -0.027648 0.030498 0.849420 -0.027267 0.032443 0.848399 -0.026993 0.034146 0.847781 -0.026773 0.035718 0.847366 -0.026581 0.037321 0.847174 -0.026414 0.038948 0.847293 -0.026254 0.040570 0.847672 -0.026092 0.042174 0.848233 -0.025939 0.043768 0.848901 -0.025819 0.045368 0.849625 -0.032008 0.033689 0.866359 -0.033525 0.030659 0.865975 -0.034548 0.028972 0.863237 -0.035194 0.028053 0.860092 -0.035362 0.028074 0.856752 -0.035111 0.028888 0.853552 -0.034389 0.030559 0.850858 -0.033568 0.032336 0.849092 -0.032703 0.034130 0.848099 -0.031949 0.035684 0.847507 -0.031237 0.037109 0.847124 -0.030501 0.038547 0.846934 -0.029741 0.039994 0.847040 -0.028954 0.041429 0.847440 -0.028147 0.042834 0.848054 -0.027336 0.044212 0.848802 -0.026536 0.045582 0.849603 -0.030407 0.036818 0.866895 -0.033140 0.034633 0.866635 -0.035753 0.032518 0.866518 -0.037807 0.031685 0.864034 -0.039344 0.031447 0.861123 -0.040131 0.031947 0.857932 -0.040205 0.033029 0.854799 -0.039431 0.034678 0.852082 -0.038375 0.036261 0.850209 -0.037138 0.037740 0.849053 -0.036005 0.038983 0.848316 -0.034892 0.040106 0.847793 -0.033693 0.041216 0.847501 -0.032425 0.042285 0.847553 -0.031119 0.043296 0.847886 -0.029791 0.044251 0.848418 -0.028452 0.045162 0.849066 -0.027108 0.046058 0.849748 -0.033767 0.035896 0.867210 -0.036989 0.035007 0.867650 -0.039615 0.035322 0.865690 -0.041633 0.036054 0.863220 -0.042755 0.037230 0.860335 -0.043009 0.038673 0.857367 -0.042211 0.040272 0.854629 -0.041026 0.041593 0.852636 -0.039581 0.042654 0.851291 -0.038227 0.043480 0.850368 -0.036871 0.044181 0.849652 -0.035408 0.044816 0.849140 -0.033866 0.045348 0.848943 -0.032286 0.045783 0.849009 -0.030684 0.046136 0.849266 -0.029064 0.046432 0.849637 -0.027423 0.046699 0.850039 -0.033767 0.037229 0.867970 -0.036989 0.037631 0.869148 -0.039615 0.039158 0.867879 -0.041633 0.040913 0.865993 -0.042755 0.042801 0.863515 -0.043010 0.044625 0.860765 -0.042213 0.046173 0.857997 -0.041028 0.047218 0.855847 -0.039582 0.047837 0.854249 -0.038213 0.048220 0.853076 -0.036829 0.048472 0.852099 -0.035348 0.048609 0.851296 -0.033803 0.048577 0.850773 -0.032234 0.048407 0.850491 -0.030651 0.048128 0.850388 -0.029050 0.047773 0.850392 -0.027420 0.047375 0.850422 -0.025780 0.046923 0.850469 -0.033140 0.038366 0.868766 -0.035753 0.039871 0.870714 -0.037807 0.042434 0.870169 -0.039344 0.045062 0.868893 -0.040132 0.047558 0.866842 -0.040208 0.049709 0.864320 -0.039435 0.051212 0.861521 -0.038379 0.052022 0.859206 -0.037141 0.052264 0.857344 -0.035974 0.052263 0.855898 -0.034788 0.052133 0.854647 -0.033536 0.051847 0.853542 -0.032256 0.051337 0.852681 -0.030978 0.050651 0.852038 -0.029701 0.049833 0.851561 -0.028413 0.048921 0.851181 -0.027100 0.047955 0.850820 -0.032008 0.039084 0.869438 -0.033525 0.041285 0.872039 -0.034548 0.044500 0.872099 -0.035195 0.047676 0.871292 -0.035364 0.050544 0.869580 -0.035115 0.052890 0.867256 -0.034394 0.054364 0.864449 -0.033573 0.054982 0.862021 -0.032706 0.054923 0.859967 -0.031915 0.054627 0.858316 -0.031107 0.054217 0.856868 -0.030298 0.053689 0.855531 -0.029516 0.052950 0.854373 -0.028759 0.051998 0.853402 -0.028018 0.050880 0.852581 -0.027278 0.049642 0.851855 -0.026526 0.048322 0.851157 -0.027649 0.055634 0.863769 -0.036869 0.042518 0.915636 -0.036017 0.045776 0.917575 -0.036682 0.049147 0.917207 -0.037745 0.052157 0.916060 -0.039163 0.054512 0.914130 -0.040753 0.056098 0.911715 -0.042382 0.056597 0.908979 -0.044610 0.055524 0.904857 -0.045322 0.054607 0.903402 -0.045869 0.053657 0.902100 -0.046324 0.052605 0.900924 -0.046656 0.051386 0.899962 -0.046876 0.050033 0.899195 -0.047006 0.048578 0.898568 -0.047076 0.047042 0.898022 -0.047106 0.045419 0.897521 -0.035662 0.042340 0.914855 -0.033640 0.045425 0.916037 -0.033208 0.048633 0.914959 -0.033355 0.051507 0.913217 -0.034136 0.053767 0.910875 -0.035384 0.055301 0.908237 -0.037057 0.055807 0.905530 -0.038587 0.055593 0.903420 -0.039958 0.054835 0.901845 -0.041088 0.053986 0.900667 -0.042067 0.053095 0.899647 -0.042985 0.052105 0.898766 -0.043819 0.050957 0.898126 -0.044567 0.049683 0.897696 -0.045245 0.048313 0.897420 -0.045879 0.046863 0.897240 -0.046497 0.045329 0.897123 -0.034694 0.041516 0.914073 -0.031733 0.043804 0.914495 -0.030422 0.046264 0.912706 -0.029835 0.048512 0.910369 -0.030107 0.050337 0.907613 -0.031080 0.051637 0.904753 -0.032787 0.052172 0.902075 -0.034525 0.052136 0.900133 -0.036228 0.051661 0.898827 -0.037689 0.051100 0.897923 -0.039011 0.050491 0.897188 -0.040305 0.049799 0.896611 -0.041546 0.048985 0.896296 -0.042720 0.048073 0.896205 -0.043835 0.047087 0.896279 -0.044920 0.046036 0.896462 -0.046012 0.044914 0.896719 -0.034157 0.040211 0.913443 -0.030675 0.041233 0.913256 -0.028918 0.042510 0.910862 -0.027982 0.043764 0.908021 -0.027870 0.044901 0.904991 -0.028690 0.045831 0.901952 -0.030417 0.046414 0.899297 -0.032270 0.046657 0.897491 -0.034158 0.046631 0.896401 -0.035801 0.046515 0.895712 -0.037311 0.046356 0.895209 -0.038822 0.046141 0.894886 -0.040294 0.045860 0.894838 -0.041706 0.045527 0.895013 -0.043067 0.045155 0.895342 -0.044405 0.044735 0.895805 -0.045751 0.044257 0.896380 -0.034157 0.038683 0.913092 -0.030675 0.038223 0.912563 -0.029026 0.038152 0.909776 -0.028372 0.038340 0.906549 -0.028653 0.038736 0.903257 -0.029632 0.039256 0.900208 -0.031281 0.039865 0.897699 -0.032858 0.040369 0.896031 -0.034344 0.040786 0.895002 -0.035781 0.041153 0.894350 -0.037303 0.041518 0.893957 -0.038837 0.041872 0.893776 -0.040329 0.042221 0.893888 -0.041749 0.042563 0.894242 -0.043102 0.042893 0.894772 -0.044424 0.043204 0.895428 -0.045757 0.043482 0.896193 -0.034694 0.037234 0.913088 -0.031733 0.035369 0.912556 -0.030559 0.034015 0.909765 -0.030276 0.033203 0.906535 -0.030799 0.032945 0.903242 -0.031901 0.033138 0.900192 -0.033530 0.033800 0.897683 -0.035026 0.034522 0.896016 -0.036391 0.035265 0.894988 -0.037683 0.036025 0.894336 -0.039025 0.036875 0.893950 -0.040363 0.037769 0.893786 -0.041632 0.038724 0.893911 -0.042809 0.039718 0.894271 -0.043906 0.040729 0.894798 -0.044963 0.041742 0.895445 -0.046027 0.042743 0.896201 -0.035662 0.036152 0.913433 -0.033640 0.033237 0.913235 -0.033240 0.030851 0.910832 -0.033428 0.029074 0.907983 -0.034139 0.027995 0.904947 -0.035386 0.027770 0.901905 -0.037059 0.028502 0.899250 -0.038589 0.029616 0.897446 -0.039959 0.030984 0.896360 -0.041090 0.032250 0.895676 -0.042097 0.033458 0.895195 -0.043059 0.034749 0.894918 -0.043914 0.036146 0.894904 -0.044661 0.037610 0.895073 -0.045319 0.039118 0.895385 -0.045923 0.040651 0.895825 -0.046514 0.042191 0.896385 -0.036869 0.035650 0.914057 -0.036017 0.032249 0.914465 -0.036682 0.029378 0.912661 -0.037746 0.027174 0.910313 -0.039165 0.025904 0.907549 -0.040756 0.025539 0.904684 -0.042385 0.026289 0.902006 -0.043656 0.027511 0.900068 -0.044611 0.029051 0.898768 -0.045331 0.030488 0.897871 -0.045929 0.031863 0.897179 -0.046430 0.033342 0.896664 -0.046777 0.034949 0.896390 -0.046977 0.036641 0.896312 -0.047064 0.038381 0.896371 -0.047093 0.040147 0.896516 -0.047116 0.041934 0.896720 -0.038076 0.035829 0.914838 -0.038394 0.032601 0.916003 -0.040157 0.029892 0.914910 -0.042136 0.027823 0.913155 -0.044191 0.026647 0.910802 -0.046125 0.026333 0.908158 -0.047710 0.027077 0.905452 -0.048722 0.028261 0.903347 -0.049262 0.029740 0.901779 -0.049571 0.031115 0.900616 -0.049748 0.032435 0.899653 -0.049800 0.033839 0.898816 -0.049668 0.035359 0.898180 -0.049341 0.036974 0.897744 -0.048868 0.038639 0.897457 -0.048305 0.040326 0.897271 -0.047717 0.042022 0.897132 -0.037642 0.039216 0.913714 -0.039044 0.036652 0.915621 -0.040300 0.034222 0.917545 -0.042941 0.032258 0.917169 -0.045652 0.030785 0.916052 -0.048227 0.030023 0.914131 -0.050445 0.029937 0.911704 -0.051998 0.030661 0.908950 -0.052838 0.031659 0.906645 -0.053100 0.032836 0.904769 -0.053117 0.033923 0.903303 -0.052986 0.034967 0.902027 -0.052655 0.036094 0.900869 -0.052063 0.037311 0.899925 -0.051261 0.038579 0.899172 -0.050310 0.039865 0.898561 -0.049271 0.041153 0.898034 -0.048202 0.042439 0.897532 -0.039581 0.037957 0.916250 -0.041358 0.036793 0.918785 -0.044488 0.036016 0.918981 -0.047611 0.035545 0.918346 -0.050472 0.035480 0.916761 -0.052845 0.035768 0.914516 -0.054376 0.036440 0.911738 -0.055106 0.037167 0.909303 -0.055190 0.037913 0.907218 -0.055017 0.038572 0.905540 -0.054683 0.039186 0.904032 -0.054133 0.039824 0.902615 -0.053310 0.040486 0.901395 -0.052274 0.041154 0.900360 -0.051086 0.041816 0.899464 -0.049801 0.042466 0.898649 -0.048473 0.043101 0.897848 -0.039581 0.039485 0.916602 -0.041358 0.039803 0.919477 -0.044488 0.040416 0.919993 -0.047611 0.041118 0.919627 -0.050472 0.041870 0.918231 -0.052845 0.042596 0.916087 -0.054377 0.043208 0.913296 -0.055107 0.043619 0.910788 -0.055190 0.043859 0.908586 -0.055006 0.044012 0.906783 -0.054654 0.044113 0.905134 -0.054094 0.044180 0.903570 -0.053271 0.044195 0.902197 -0.052245 0.044166 0.901007 -0.051071 0.044100 0.899958 -0.049797 0.044002 0.898986 -0.048473 0.043877 0.898023 -0.047113 0.043708 0.897074 -0.039044 0.040934 0.916606 -0.040300 0.042656 0.919484 -0.042941 0.044588 0.920004 -0.045652 0.046402 0.919643 -0.048227 0.047929 0.918250 -0.050445 0.049070 0.916107 -0.051999 0.049626 0.913316 -0.052840 0.049737 0.910807 -0.053101 0.049497 0.908602 -0.053093 0.049161 0.906788 -0.052917 0.048775 0.905126 -0.052557 0.048301 0.903552 -0.051963 0.047706 0.902176 -0.051185 0.047020 0.900988 -0.050270 0.046266 0.899943 -0.049260 0.045460 0.898978 -0.048203 0.044613 0.898020 -0.038076 0.042016 0.916261 -0.038394 0.044788 0.918806 -0.040157 0.047703 0.919005 -0.042135 0.050332 0.918332 -0.044191 0.052422 0.916733 -0.046125 0.053865 0.914496 -0.047710 0.054383 0.911737 -0.048722 0.054238 0.909325 -0.049263 0.053590 0.907266 -0.049547 0.052848 0.905589 -0.049666 0.052071 0.904068 -0.049680 0.051221 0.902646 -0.049541 0.050232 0.901407 -0.049241 0.049101 0.900355 -0.048813 0.047865 0.899448 -0.048289 0.046547 0.898632 -0.047715 0.045163 0.897841 -0.043654 0.056345 0.906702 -0.037409 0.004147 0.914839 -0.036651 0.007792 0.916063 -0.037226 0.011025 0.914900 -0.038143 0.013727 0.913028 -0.039366 0.015607 0.910515 -0.040737 0.016621 0.907689 -0.042141 0.016493 0.904790 -0.044062 0.014505 0.900849 -0.044676 0.013273 0.899583 -0.045137 0.012045 0.898488 -0.045519 0.010743 0.897543 -0.045798 0.009326 0.896856 -0.045982 0.007821 0.896395 -0.046089 0.006248 0.896101 -0.046143 0.004613 0.895908 -0.046163 0.002903 0.895782 -0.036149 0.003795 0.914216 -0.034169 0.007098 0.914835 -0.033599 0.010011 0.913105 -0.033559 0.012444 0.910759 -0.034117 0.014137 0.907917 -0.035130 0.015050 0.904913 -0.036579 0.014935 0.902038 -0.037946 0.014248 0.899915 -0.039205 0.013146 0.898445 -0.040255 0.012044 0.897401 -0.041168 0.010936 0.896531 -0.042032 0.009763 0.895824 -0.042835 0.008488 0.895392 -0.043570 0.007138 0.895200 -0.044248 0.005728 0.895184 -0.044893 0.004260 0.895283 -0.045527 0.002725 0.895462 -0.035138 0.002808 0.913716 -0.032178 0.005154 0.913851 -0.030690 0.007169 0.911666 -0.029884 0.008853 0.908940 -0.029909 0.010024 0.905834 -0.030635 0.010656 0.902688 -0.032121 0.010577 0.899831 -0.033704 0.010102 0.897815 -0.035310 0.009340 0.896517 -0.036706 0.008583 0.895649 -0.037978 0.007818 0.894966 -0.039236 0.007006 0.894458 -0.040463 0.006134 0.894235 -0.041642 0.005217 0.894257 -0.042777 0.004263 0.894461 -0.043892 0.003270 0.894788 -0.045020 0.002224 0.895201 -0.034577 0.001381 0.913439 -0.031073 0.002344 0.913304 -0.029114 0.003059 0.910833 -0.027939 0.003650 0.907867 -0.027574 0.004084 0.904678 -0.028140 0.004310 0.901453 -0.029647 0.004283 0.898607 -0.031350 0.004114 0.896651 -0.033148 0.003842 0.895448 -0.034735 0.003572 0.894675 -0.036204 0.003302 0.894102 -0.037688 0.003018 0.893716 -0.039157 0.002730 0.893616 -0.040584 0.002442 0.893748 -0.041974 0.002150 0.894043 -0.043350 0.001842 0.894481 -0.044745 0.001501 0.895039 -0.034577 -0.000202 0.913439 -0.031073 -0.000774 0.913304 -0.029215 -0.001475 0.910743 -0.028310 -0.002020 0.907617 -0.028329 -0.002375 0.904309 -0.029061 -0.002553 0.901152 -0.030500 -0.002522 0.898449 -0.031935 -0.002402 0.896591 -0.033329 -0.002225 0.895380 -0.034705 -0.002011 0.894551 -0.036185 -0.001742 0.893967 -0.037694 -0.001434 0.893590 -0.039184 -0.001065 0.893503 -0.040620 -0.000649 0.893658 -0.042004 -0.000204 0.893992 -0.043367 0.000250 0.894455 -0.044750 0.000696 0.895030 -0.035138 -0.001628 0.913716 -0.032178 -0.003583 0.913851 -0.030816 -0.005547 0.911535 -0.030299 -0.007077 0.908601 -0.030571 -0.008076 0.905417 -0.031430 -0.008576 0.902324 -0.032848 -0.008493 0.899610 -0.034199 -0.008159 0.897710 -0.035466 -0.007660 0.896437 -0.036690 -0.007060 0.895533 -0.037983 -0.006311 0.894861 -0.039288 -0.005468 0.894396 -0.040547 -0.004500 0.894204 -0.041730 -0.003442 0.894238 -0.042846 -0.002328 0.894437 -0.043932 -0.001185 0.894756 -0.045033 -0.000029 0.895182 -0.036149 -0.002615 0.914216 -0.034169 -0.005528 0.914835 -0.033627 -0.008419 0.913066 -0.033626 -0.010812 0.910680 -0.034119 -0.012561 0.907915 -0.035132 -0.013470 0.904911 -0.036582 -0.013351 0.902036 -0.037948 -0.012663 0.899914 -0.039206 -0.011562 0.898444 -0.040257 -0.010471 0.897407 -0.041203 -0.009392 0.896590 -0.042117 -0.008185 0.895956 -0.042943 -0.006813 0.895563 -0.043676 -0.005334 0.895341 -0.044329 -0.003780 0.895256 -0.044937 -0.002172 0.895292 -0.045543 -0.000530 0.895445 -0.037409 -0.002967 0.914839 -0.036651 -0.006221 0.916063 -0.037226 -0.009454 0.914899 -0.038144 -0.012154 0.913026 -0.039368 -0.014029 0.910512 -0.040739 -0.015037 0.907684 -0.042143 -0.014904 0.904786 -0.043238 -0.014140 0.902530 -0.044063 -0.012919 0.900847 -0.044686 -0.011709 0.899597 -0.045204 -0.010512 0.898570 -0.045637 -0.009173 0.897700 -0.045934 -0.007654 0.897047 -0.046097 -0.006007 0.896578 -0.046158 -0.004282 0.896239 -0.046167 -0.002512 0.895983 -0.046173 -0.000707 0.895781 -0.038669 -0.002615 0.915463 -0.039133 -0.005528 0.917290 -0.040854 -0.008440 0.916694 -0.042728 -0.010873 0.915294 -0.044617 -0.012562 0.913108 -0.046346 -0.013469 0.910457 -0.047703 -0.013350 0.907535 -0.048528 -0.012661 0.905146 -0.048920 -0.011561 0.903249 -0.049113 -0.010470 0.901788 -0.049192 -0.009389 0.900544 -0.049155 -0.008198 0.899413 -0.048946 -0.006846 0.898466 -0.048559 -0.005355 0.897707 -0.048035 -0.003782 0.897094 -0.047430 -0.002165 0.896581 -0.046802 -0.000527 0.896114 -0.038090 0.000464 0.913649 -0.039680 -0.001628 0.915963 -0.041124 -0.003583 0.918275 -0.043763 -0.005601 0.918139 -0.046405 -0.007303 0.917169 -0.048836 -0.008488 0.915268 -0.050862 -0.009121 0.912754 -0.052184 -0.009032 0.909794 -0.052826 -0.008571 0.907265 -0.052921 -0.007837 0.905158 -0.052806 -0.007100 0.903490 -0.052558 -0.006361 0.902028 -0.052119 -0.005515 0.900677 -0.051434 -0.004530 0.899535 -0.050554 -0.003454 0.898584 -0.049536 -0.002326 0.897778 -0.048437 -0.001178 0.897061 -0.047310 -0.000026 0.896371 -0.040241 -0.000202 0.916240 -0.042229 -0.000774 0.918821 -0.045377 -0.001494 0.918937 -0.048450 -0.002101 0.918179 -0.051181 -0.002523 0.916427 -0.053367 -0.002748 0.913993 -0.054668 -0.002715 0.911022 -0.055194 -0.002550 0.908437 -0.055104 -0.002288 0.906238 -0.054790 -0.002020 0.904474 -0.054330 -0.001757 0.902898 -0.053660 -0.001450 0.901423 -0.052734 -0.001074 0.900155 -0.051610 -0.000651 0.899082 -0.050345 -0.000202 0.898159 -0.048990 0.000252 0.897323 -0.047592 0.000697 0.896508 -0.040241 0.001381 0.916240 -0.042229 0.002344 0.918821 -0.045377 0.003064 0.918937 -0.048450 0.003672 0.918178 -0.051181 0.004097 0.916427 -0.053368 0.004325 0.913994 -0.054669 0.004296 0.911024 -0.055195 0.004133 0.908438 -0.055104 0.003871 0.906239 -0.054779 0.003614 0.904467 -0.054299 0.003340 0.902871 -0.053618 0.003052 0.901381 -0.052692 0.002756 0.900109 -0.051578 0.002459 0.899041 -0.050327 0.002157 0.898129 -0.048984 0.001841 0.897308 -0.047592 0.001499 0.896505 -0.046166 0.001119 0.895728 -0.039680 0.002808 0.915963 -0.041124 0.005154 0.918275 -0.043763 0.007171 0.918139 -0.046405 0.008875 0.917168 -0.048836 0.010062 0.915269 -0.050863 0.010700 0.912757 -0.052186 0.010615 0.909798 -0.052829 0.010157 0.907269 -0.052922 0.009422 0.905161 -0.052781 0.008681 0.903474 -0.052483 0.007925 0.901959 -0.052011 0.007103 0.900565 -0.051324 0.006207 0.899408 -0.050469 0.005263 0.898468 -0.049489 0.004284 0.897694 -0.048422 0.003273 0.897017 -0.047309 0.002223 0.896359 -0.038669 0.003795 0.915463 -0.039133 0.007098 0.917290 -0.040854 0.010011 0.916694 -0.042728 0.012445 0.915295 -0.044616 0.014139 0.913112 -0.046346 0.015053 0.910463 -0.047704 0.014939 0.907542 -0.048530 0.014251 0.905151 -0.048921 0.013147 0.903252 -0.049088 0.012037 0.901766 -0.049102 0.010929 0.900453 -0.049022 0.009771 0.899260 -0.048805 0.008517 0.898288 -0.048445 0.007167 0.897542 -0.047970 0.005745 0.896972 -0.047409 0.004264 0.896515 -0.046799 0.002724 0.896101 -0.043237 0.015729 0.902533 -0.029506 0.004662 0.870372 -0.032213 0.007075 0.869635 -0.033719 0.007965 0.866848 -0.034590 0.008269 0.863682 -0.034673 0.007889 0.860354 -0.034082 0.006966 0.857190 -0.032753 0.005490 0.854561 -0.029827 0.002646 0.851938 -0.028518 0.001466 0.851409 -0.027252 0.000438 0.851055 -0.026002 -0.000544 0.850882 -0.024802 -0.001474 0.851002 -0.023653 -0.002346 0.851376 -0.022535 -0.003172 0.851940 -0.021421 -0.003973 0.852631 -0.020288 -0.004773 0.853425 -0.028279 0.005681 0.870389 -0.029794 0.009082 0.869668 -0.030184 0.010899 0.866895 -0.030122 0.011975 0.863741 -0.029556 0.012133 0.860422 -0.028616 0.011499 0.857263 -0.027331 0.009986 0.854634 -0.026149 0.008313 0.852932 -0.025092 0.006574 0.852001 -0.024217 0.005045 0.851467 -0.023389 0.003648 0.851111 -0.022605 0.002273 0.850934 -0.021911 0.000918 0.851047 -0.021296 -0.000401 0.851410 -0.020734 -0.001687 0.851962 -0.020196 -0.002963 0.852644 -0.019664 -0.004259 0.853430 -0.026857 0.006178 0.870773 -0.026995 0.010061 0.870424 -0.026094 0.012329 0.868001 -0.024952 0.013782 0.865138 -0.023636 0.014200 0.862021 -0.022291 0.013707 0.858971 -0.021058 0.012177 0.856329 -0.020183 0.010398 0.854544 -0.019614 0.008489 0.853481 -0.019233 0.006793 0.852816 -0.018911 0.005216 0.852335 -0.018668 0.003637 0.852024 -0.018563 0.002068 0.851981 -0.018568 0.000531 0.852172 -0.018651 -0.000975 0.852539 -0.018781 -0.002477 0.853031 -0.018941 -0.004012 0.853617 -0.025525 0.006054 0.871449 -0.024370 0.009817 0.871755 -0.022250 0.011933 0.869911 -0.020098 0.013232 0.867527 -0.018085 0.013684 0.864834 -0.016362 0.013156 0.861977 -0.015178 0.011630 0.859310 -0.014587 0.009879 0.857381 -0.014476 0.008012 0.856085 -0.014551 0.006358 0.855190 -0.014701 0.004823 0.854486 -0.014974 0.003272 0.853935 -0.015426 0.001742 0.853620 -0.016012 0.000259 0.853502 -0.016685 -0.001185 0.853527 -0.017436 -0.002620 0.853679 -0.018256 -0.004085 0.853940 -0.024544 0.005334 0.872282 -0.022439 0.008399 0.873396 -0.019431 0.009772 0.872198 -0.016597 0.010294 0.870213 -0.014198 0.010018 0.867739 -0.012349 0.009151 0.865106 -0.011263 0.007720 0.862541 -0.010789 0.006357 0.860609 -0.010760 0.005078 0.859177 -0.010996 0.003844 0.858037 -0.011479 0.002543 0.857037 -0.012136 0.001238 0.856176 -0.013014 -0.000012 0.855520 -0.014055 -0.001183 0.855047 -0.015207 -0.002286 0.854717 -0.016441 -0.003362 0.854492 -0.017754 -0.004456 0.854355 -0.024110 0.004161 0.873108 -0.021584 0.006088 0.875023 -0.018191 0.006422 0.874556 -0.015059 0.006133 0.873142 -0.012464 0.005328 0.871041 -0.010516 0.004195 0.868595 -0.009446 0.002806 0.865999 -0.009038 0.001620 0.863943 -0.009106 0.000606 0.862325 -0.009460 -0.000311 0.860961 -0.010093 -0.001218 0.859687 -0.010926 -0.002088 0.858527 -0.011995 -0.002849 0.857532 -0.013235 -0.003491 0.856691 -0.014586 -0.004039 0.855971 -0.016020 -0.004542 0.855340 -0.017539 -0.005050 0.854784 -0.024309 0.002766 0.873763 -0.021975 0.003340 0.876314 -0.018757 0.002488 0.876558 -0.015698 0.001333 0.875902 -0.013020 -0.000011 0.874473 -0.010952 -0.001474 0.872274 -0.009812 -0.002880 0.869522 -0.009483 -0.003927 0.867096 -0.009790 -0.004664 0.865007 -0.010278 -0.005197 0.863323 -0.010855 -0.005629 0.861851 -0.011618 -0.005967 0.860466 -0.012598 -0.006139 0.859211 -0.013715 -0.006169 0.858062 -0.014931 -0.006085 0.857003 -0.016239 -0.005931 0.856026 -0.017645 -0.005755 0.855125 -0.025100 0.001426 0.874117 -0.023534 0.000702 0.877012 -0.021036 -0.001349 0.877628 -0.018560 -0.003503 0.877304 -0.016317 -0.005591 0.875951 -0.014474 -0.007434 0.873850 -0.013305 -0.008792 0.871085 -0.012806 -0.009551 0.868583 -0.012841 -0.009827 0.866373 -0.013060 -0.009905 0.864569 -0.013368 -0.009883 0.862978 -0.013827 -0.009710 0.861460 -0.014477 -0.009320 0.860059 -0.015265 -0.008739 0.858772 -0.016138 -0.008023 0.857576 -0.017069 -0.007234 0.856436 -0.018056 -0.006425 0.855322 -0.026328 0.000407 0.874101 -0.025953 -0.001306 0.876979 -0.024570 -0.004283 0.877581 -0.023027 -0.007211 0.877245 -0.021431 -0.009836 0.875883 -0.019937 -0.011969 0.873777 -0.018723 -0.013289 0.871012 -0.017961 -0.013829 0.868514 -0.017574 -0.013755 0.866309 -0.017375 -0.013485 0.864511 -0.017259 -0.013104 0.862923 -0.017232 -0.012560 0.861397 -0.017344 -0.011774 0.859980 -0.017582 -0.010750 0.858688 -0.017903 -0.009555 0.857505 -0.018278 -0.008258 0.856401 -0.018686 -0.006931 0.855329 -0.026761 0.002305 0.871176 -0.027749 -0.000090 0.873717 -0.028752 -0.002285 0.876223 -0.028664 -0.005714 0.876482 -0.028221 -0.009027 0.875904 -0.027384 -0.011930 0.874363 -0.026290 -0.014216 0.872145 -0.025016 -0.015517 0.869373 -0.023933 -0.015991 0.866932 -0.023040 -0.015809 0.864829 -0.022340 -0.015412 0.863132 -0.021713 -0.014883 0.861634 -0.021135 -0.014119 0.860220 -0.020665 -0.013054 0.858965 -0.020286 -0.011756 0.857866 -0.019969 -0.010299 0.856893 -0.019684 -0.008753 0.856002 -0.019407 -0.007178 0.855138 -0.029082 0.000033 0.873041 -0.031377 -0.002041 0.874892 -0.032501 -0.005357 0.874536 -0.033081 -0.008575 0.873439 -0.032956 -0.011412 0.871536 -0.032245 -0.013662 0.869125 -0.030918 -0.014969 0.866381 -0.029560 -0.015469 0.864080 -0.028226 -0.015327 0.862201 -0.027077 -0.014958 0.860726 -0.025980 -0.014447 0.859444 -0.024877 -0.013714 0.858274 -0.023832 -0.012699 0.857302 -0.022852 -0.011470 0.856513 -0.021919 -0.010090 0.855868 -0.021006 -0.008620 0.855315 -0.020080 -0.007114 0.854794 -0.030063 0.000753 0.872208 -0.033308 -0.000623 0.873251 -0.035324 -0.003284 0.872137 -0.036656 -0.005949 0.870399 -0.037056 -0.008402 0.868051 -0.036626 -0.010446 0.865403 -0.035262 -0.011781 0.862692 -0.033701 -0.012430 0.860563 -0.032041 -0.012526 0.858959 -0.030556 -0.012385 0.857758 -0.029104 -0.012100 0.856747 -0.027617 -0.011628 0.855881 -0.026154 -0.010918 0.855259 -0.024735 -0.010026 0.854851 -0.023352 -0.009002 0.854607 -0.021977 -0.007893 0.854467 -0.020574 -0.006748 0.854369 -0.019148 -0.005589 0.854321 -0.030497 0.001927 0.871382 -0.034163 0.001689 0.871624 -0.036574 0.000095 0.869758 -0.038240 -0.001669 0.867388 -0.038874 -0.003494 0.864599 -0.038569 -0.005202 0.861713 -0.037187 -0.006583 0.859034 -0.035536 -0.007476 0.857076 -0.033732 -0.007960 0.855745 -0.032090 -0.008211 0.854819 -0.030480 -0.008316 0.854078 -0.028825 -0.008282 0.853516 -0.027178 -0.008070 0.853240 -0.025567 -0.007714 0.853207 -0.023985 -0.007250 0.853358 -0.022405 -0.006716 0.853628 -0.020792 -0.006155 0.853945 -0.030298 0.003322 0.870727 -0.033772 0.004436 0.870333 -0.035998 0.004109 0.867868 -0.037470 0.003395 0.864971 -0.037971 0.002308 0.861830 -0.037606 0.001003 0.858767 -0.036248 -0.000423 0.856126 -0.034632 -0.001590 0.854351 -0.032879 -0.002519 0.853305 -0.031289 -0.003225 0.852652 -0.029740 -0.003781 0.852177 -0.028197 -0.004266 0.851850 -0.026675 -0.004658 0.851787 -0.025175 -0.004952 0.851994 -0.023692 -0.005163 0.852409 -0.022206 -0.005317 0.852970 -0.020690 -0.005450 0.853608 -0.031307 0.004036 0.852862 -0.034817 0.042538 0.955058 -0.033943 0.046204 0.956238 -0.034622 0.049456 0.955102 -0.035705 0.052173 0.953273 -0.037151 0.054065 0.950817 -0.038772 0.055085 0.948053 -0.040433 0.054956 0.945220 -0.042704 0.052956 0.941367 -0.043430 0.051717 0.940130 -0.043985 0.050482 0.939053 -0.044447 0.049172 0.938122 -0.044785 0.047747 0.937444 -0.045008 0.046233 0.936990 -0.045139 0.044651 0.936699 -0.045209 0.043006 0.936507 -0.045238 0.041286 0.936379 -0.033544 0.042183 0.954297 -0.031436 0.045506 0.954740 -0.030958 0.048436 0.952912 -0.031075 0.050884 0.950505 -0.031849 0.052587 0.947647 -0.033109 0.053505 0.944667 -0.034816 0.053389 0.941861 -0.036386 0.052698 0.939818 -0.037798 0.051589 0.938434 -0.038964 0.050481 0.937466 -0.039976 0.049366 0.936663 -0.040925 0.048186 0.936022 -0.041792 0.046904 0.935658 -0.042573 0.045546 0.935532 -0.043281 0.044127 0.935582 -0.043947 0.042652 0.935745 -0.044597 0.041107 0.935990 -0.032523 0.041190 0.953687 -0.029425 0.043550 0.953538 -0.028020 0.045578 0.951156 -0.027363 0.047271 0.948285 -0.027600 0.048450 0.945105 -0.028570 0.049085 0.941952 -0.030313 0.049006 0.939169 -0.032101 0.048528 0.937257 -0.033864 0.047761 0.936082 -0.035379 0.047000 0.935328 -0.036753 0.046230 0.934751 -0.038099 0.045414 0.934352 -0.039395 0.044536 0.934242 -0.040624 0.043613 0.934379 -0.041794 0.042655 0.934699 -0.042935 0.041656 0.935141 -0.044085 0.040604 0.935674 -0.031956 0.039756 0.953349 -0.028310 0.040724 0.952871 -0.026432 0.041443 0.950150 -0.025406 0.042038 0.946997 -0.025241 0.042474 0.943695 -0.026050 0.042702 0.940445 -0.027814 0.042675 0.937675 -0.029723 0.042505 0.935836 -0.031680 0.042231 0.934777 -0.033389 0.041959 0.934139 -0.034960 0.041688 0.933694 -0.036535 0.041401 0.933442 -0.038075 0.041112 0.933482 -0.039555 0.040822 0.933756 -0.040984 0.040529 0.934192 -0.042391 0.040219 0.934774 -0.043809 0.039876 0.935481 -0.031956 0.038163 0.953349 -0.028310 0.037588 0.952871 -0.026543 0.036883 0.950068 -0.025811 0.036334 0.946777 -0.026054 0.035977 0.943389 -0.027031 0.035799 0.940226 -0.028715 0.035830 0.937595 -0.030337 0.035950 0.935831 -0.031874 0.036128 0.934725 -0.033366 0.036343 0.934009 -0.034949 0.036614 0.933554 -0.036550 0.036923 0.933314 -0.038110 0.037295 0.933369 -0.039598 0.037714 0.933667 -0.041020 0.038161 0.934143 -0.042411 0.038617 0.934749 -0.043815 0.039066 0.935473 -0.032523 0.036728 0.953687 -0.029425 0.034762 0.953538 -0.028161 0.032787 0.951034 -0.027819 0.031248 0.947978 -0.028318 0.030243 0.944742 -0.029423 0.029739 0.941656 -0.031087 0.029823 0.939012 -0.032624 0.030159 0.937197 -0.034032 0.030661 0.936015 -0.035371 0.031264 0.935207 -0.036766 0.032017 0.934644 -0.038159 0.032865 0.934294 -0.039485 0.033839 0.934219 -0.040717 0.034904 0.934368 -0.041868 0.036025 0.934680 -0.042980 0.037174 0.935112 -0.044100 0.038337 0.935655 -0.033544 0.035736 0.954297 -0.031436 0.032806 0.954740 -0.030990 0.029897 0.952874 -0.031150 0.027491 0.950430 -0.031852 0.025732 0.947644 -0.033112 0.024817 0.944665 -0.034818 0.024937 0.941860 -0.036387 0.025629 0.939817 -0.037799 0.026736 0.938434 -0.038967 0.027833 0.937473 -0.040008 0.028919 0.936728 -0.041005 0.030133 0.936167 -0.041894 0.031513 0.935843 -0.042673 0.033001 0.935687 -0.043360 0.034564 0.935663 -0.043993 0.036181 0.935759 -0.044614 0.037833 0.935974 -0.034817 0.035381 0.955058 -0.033943 0.032108 0.956238 -0.034622 0.028856 0.955101 -0.035706 0.026141 0.953271 -0.037153 0.024255 0.950813 -0.038775 0.023241 0.948049 -0.040435 0.023374 0.945215 -0.041731 0.024143 0.943010 -0.042705 0.025371 0.941366 -0.043439 0.026589 0.940146 -0.044050 0.027792 0.939144 -0.044560 0.029139 0.938294 -0.044914 0.030667 0.937654 -0.045116 0.032324 0.937189 -0.045202 0.034059 0.936847 -0.045229 0.035839 0.936586 -0.045249 0.037655 0.936380 -0.036090 0.035736 0.955818 -0.036450 0.032806 0.957736 -0.038286 0.029876 0.957291 -0.040336 0.027430 0.956038 -0.042454 0.025730 0.953982 -0.044438 0.024817 0.951433 -0.046051 0.024938 0.948571 -0.047074 0.025631 0.946202 -0.047611 0.026737 0.944297 -0.047911 0.027834 0.942819 -0.048077 0.028921 0.941552 -0.048115 0.030120 0.940389 -0.047961 0.031480 0.939399 -0.047608 0.032979 0.938584 -0.047103 0.034562 0.937905 -0.046506 0.036189 0.937320 -0.045883 0.037836 0.936782 -0.035607 0.038833 0.953903 -0.037110 0.036728 0.956428 -0.038461 0.034762 0.958937 -0.041223 0.032732 0.959053 -0.044046 0.031020 0.958315 -0.046711 0.029828 0.956603 -0.048995 0.029192 0.954224 -0.050574 0.029281 0.951319 -0.051416 0.029744 0.948790 -0.051657 0.030483 0.946641 -0.051649 0.031225 0.944920 -0.051490 0.031968 0.943398 -0.051122 0.032819 0.941971 -0.050485 0.033809 0.940735 -0.049631 0.034892 0.939676 -0.048624 0.036026 0.938751 -0.047525 0.037181 0.937910 -0.046395 0.038340 0.937094 -0.037677 0.038163 0.956767 -0.039577 0.037588 0.959604 -0.042854 0.036863 0.960028 -0.046112 0.036253 0.959548 -0.049080 0.035828 0.958017 -0.051526 0.035602 0.955735 -0.053083 0.035635 0.952818 -0.053807 0.035801 0.950220 -0.053861 0.036064 0.947958 -0.053653 0.036335 0.946120 -0.053279 0.036599 0.944461 -0.052681 0.036908 0.942885 -0.051799 0.037286 0.941497 -0.050699 0.037712 0.940288 -0.049441 0.038163 0.939219 -0.048084 0.038620 0.938232 -0.046681 0.039067 0.937262 -0.037677 0.039756 0.956767 -0.039577 0.040724 0.959604 -0.042854 0.041448 0.960028 -0.046112 0.042060 0.959548 -0.049080 0.042487 0.958017 -0.051526 0.042717 0.955736 -0.053084 0.042688 0.952820 -0.053808 0.042524 0.950221 -0.053861 0.042260 0.947959 -0.053642 0.042001 0.946112 -0.053249 0.041726 0.944431 -0.052639 0.041436 0.942838 -0.051758 0.041139 0.941445 -0.050668 0.040840 0.940242 -0.049425 0.040536 0.939187 -0.048079 0.040218 0.938216 -0.046680 0.039874 0.937259 -0.045245 0.039491 0.936325 -0.037110 0.041190 0.956428 -0.038461 0.043550 0.958937 -0.041223 0.045580 0.959053 -0.044046 0.047293 0.958315 -0.046711 0.048487 0.956605 -0.048995 0.049129 0.954227 -0.050576 0.049044 0.951323 -0.051418 0.048583 0.948794 -0.051658 0.047843 0.946643 -0.051624 0.047098 0.944901 -0.051416 0.046338 0.943320 -0.051018 0.045511 0.941846 -0.050378 0.044609 0.940594 -0.049550 0.043660 0.939549 -0.048580 0.042676 0.938661 -0.047512 0.041659 0.937864 -0.046395 0.040602 0.937082 -0.036090 0.042183 0.955818 -0.036450 0.045506 0.957736 -0.038286 0.048436 0.957291 -0.040336 0.050884 0.956040 -0.042454 0.052589 0.953986 -0.044437 0.053508 0.951439 -0.046052 0.053393 0.948578 -0.047075 0.052701 0.946208 -0.047611 0.051590 0.944300 -0.047886 0.050474 0.942794 -0.047990 0.049359 0.941450 -0.047987 0.048195 0.940220 -0.047826 0.046933 0.939203 -0.047501 0.045575 0.938404 -0.047044 0.044145 0.937774 -0.046489 0.042655 0.937251 -0.045881 0.041106 0.936768 -0.041729 0.054188 0.943013</float_array>
          <technique_common><accessor source="#fruits-mesh-positions-array" count="2880" stride="3">
            <param name="X" type="float"/><param name="Y" type="float"/><param name="Z" type="float"/>
          </accessor></technique_common>
        </source>
        <vertices id="fruits-mesh-vertices">
          <input semantic="POSITION" source="#fruits-mesh-positions"/>
        </vertices>
        <triangles count="5712">
          <input semantic="VERTEX" source="#fruits-mesh-vertices" offset="0"/>
          <p>9 8 25 9 25 26 3 2 18 3 18 19 10 9 26 10 26 27 4 3 19 4 19 20 11 10 27 11 27 28 5 4 20 5 20 21 12 11 28 12 28 29 6 5 21 6 21 22 13 12 29 13 29 30 239 6 22 239 22 23 0 152 16 14 13 30 14 30 31 7 239 23 7 23 24 1 0 16 1 16 17 15 14 31 15 31 32 8 7 24 8 24 25 2 1 17 2 17 18 204 15 32 30 29 46 30 46 47 23 22 39 23 39 40 16 152 33 31 30 47 31 47 48 24 23 40 24 40 41 17 16 33 17 33 34 32 31 48 32 48 49 25 24 41 25 41 42 18 17 34 18 34 35 204 32 49 26 25 42 26 42 43 19 18 35 19 35 36 27 26 43 27 43 44 20 19 36 20 36 37 28 27 44 28 44 45 21 20 37 21 37 38 29 28 45 29 45 46 22 21 38 22 38 39 47 46 63 47 63 64 40 39 56 40 56 57 33 152 50 48 47 64 48 64 65 41 40 57 41 57 58 34 33 50 34 50 51 49 48 65 49 65 66 42 41 58 42 58 59 35 34 51 35 51 52 204 49 66 43 42 59 43 59 60 36 35 52 36 52 53 44 43 60 44 60 61 37 36 53 37 53 54 45 44 61 45 61 62 38 37 54 38 54 55 46 45 62 46 62 63 39 38 55 39 55 56 64 63 80 64 80 81 57 56 73 57 73 74 50 152 67 65 64 81 65 81 82 58 57 74 58 74 75 51 50 67 51 67 68 66 65 82 66 82 83 59 58 75 59 75 76 52 51 68 52 68 69 204 66 83 60 59 76 60 76 77 53 52 69 53 69 70 61 60 77 61 77 78 54 53 70 54 70 71 62 61 78 62 78 79 55 54 71 55 71 72 63 62 79 63 79 80 56 55 72 56 72 73 81 80 97 81 97 98 74 73 90 74 90 91 67 152 84 82 81 98 82 98 99 75 74 91 75 91 92 68 67 84 68 84 85 83 82 99 83 99 100 76 75 92 76 92 93 69 68 85 69 85 86 204 83 100 77 76 93 77 93 94 70 69 86 70 86 87 78 77 94 78 94 95 71 70 87 71 87 88 79 78 95 79 95 96 72 71 88 72 88 89 80 79 96 80 96 97 73 72 89 73 89 90 98 97 114 98 114 115 91 90 107 91 107 108 84 152 101 99 98 115 99 115 116 92 91 108 92 108 109 85 84 101 85 101 102 100 99 116 100 116 117 93 92 109 93 109 110 86 85 102 86 102 103 204 100 117 94 93 110 94 110 111 87 86 103 87 103 104 95 94 111 95 111 112 88 87 104 88 104 105 96 95 112 96 112 113 89 88 105 89 105 106 97 96 113 97 113 114 90 89 106 90 106 107 115 114 131 115 131 132 108 107 124 108 124 125 101 152 118 116 115 132 116 132 133 109 108 125 109 125 126 102 101 118 102 118 119 117 116 133 117 133 134 110 109 126 110 126 127 103 102 119 103 119 120 204 117 134 111 110 127 111 127 128 104 103 120 104 120 121 112 111 128 112 128 129 105 104 121 105 121 122 113 112 129 113 129 130 106 105 122 106 122 123 114 113 130 114 130 131 107 106 123 107 123 124 132 131 148 132 148 149 125 124 141 125 141 142 118 152 135 133 132 149 133 149 150 126 125 142 126 142 143 119 118 135 119 135 136 134 133 150 134 150 151 127 126 143 127 143 144 120 119 136 120 136 137 204 134 151 128 127 144 128 144 145 121 120 137 121 137 138 129 128 145 129 145 146 122 121 138 122 138 139 130 129 146 130 146 147 123 122 139 123 139 140 131 130 147 131 147 148 124 123 140 124 140 141 149 148 166 149 166 167 142 141 159 142 159 160 135 152 153 150 149 167 150 167 168 143 142 160 143 160 161 136 135 153 136 153 154 151 150 168 151 168 169 144 143 161 144 161 162 137 136 154 137 154 155 204 151 169 145 144 162 145 162 163 138 137 155 138 155 156 146 145 163 146 163 164 139 138 156 139 156 157 147 146 164 147 164 165 140 139 157 140 157 158 148 147 165 148 165 166 141 140 158 141 158 159 167 166 183 167 183 184 160 159 176 160 176 177 153 152 170 168 167 184 168 184 185 161 160 177 161 177 178 154 153 170 154 170 171 169 168 185 169 185 186 162 161 178 162 178 179 155 154 171 155 171 172 204 169 186 163 162 179 163 179 180 156 155 172 156 172 173 164 163 180 164 180 181 157 156 173 157 173 174 165 164 181 165 181 182 158 157 174 158 174 175 166 165 182 166 182 183 159 158 175 159 175 176 184 183 200 184 200 201 177 176 193 177 193 194 170 152 187 185 184 201 185 201 202 178 177 194 178 194 195 171 170 187 171 187 188 186 185 202 186 202 203 179 178 195 179 195 196 172 171 188 172 188 189 204 186 203 180 179 196 180 196 197 173 172 189 173 189 190 181 180 197 181 197 198 174 173 190 174 190 191 182 181 198 182 198 199 175 174 191 175 191 192 183 182 199 183 199 200 176 175 192 176 192 193 201 200 218 201 218 219 194 193 211 194 211 212 187 152 205 202 201 219 202 219 220 195 194 212 195 212 213 188 187 205 188 205 206 203 202 220 203 220 221 196 195 213 196 213 214 189 188 206 189 206 207 204 203 221 197 196 214 197 214 215 190 189 207 190 207 208 198 197 215 198 215 216 191 190 208 191 208 209 199 198 216 199 216 217 192 191 209 192 209 210 200 199 217 200 217 218 193 192 210 193 210 211 219 218 235 219 235 236 212 211 228 212 228 229 205 152 222 220 219 236 220 236 237 213 212 229 213 229 230 206 205 222 206 222 223 221 220 237 221 237 238 214 213 230 214 230 231 207 206 223 207 223 224 204 221 238 215 214 231 215 231 232 208 207 224 208 224 225 216 215 232 216 232 233 209 208 225 209 225 226 217 216 233 217 233 234 210 209 226 210 226 227 218 217 234 218 234 235 211 210 227 211 227 228 236 235 12 236 12 13 229 228 6 229 6 239 222 152 0 237 236 13 237 13 14 230 229 239 230 239 7 223 222 0 223 0 1 238 237 14 238 14 15 231 230 7 231 7 8 224 223 1 224 1 2 204 238 15 232 231 8 232 8 9 225 224 2 225 2 3 233 232 9 233 9 10 226 225 3 226 3 4 234 233 10 234 10 11 227 226 4 227 4 5 235 234 11 235 11 12 228 227 5 228 5 6 249 248 265 249 265 266 243 242 258 243 258 259 250 249 266 250 266 267 244 243 259 244 259 260 251 250 267 251 267 268 245 244 260 245 260 261 252 251 268 252 268 269 246 245 261 246 261 262 253 252 269 253 269 270 479 246 262 479 262 263 240 392 256 254 253 270 254 270 271 247 479 263 247 263 264 241 240 256 241 256 257 255 254 271 255 271 272 248 247 264 248 264 265 242 241 257 242 257 258 444 255 272 270 269 286 270 286 287 263 262 279 263 279 280 256 392 273 271 270 287 271 287 288 264 263 280 264 280 281 257 256 273 257 273 274 272 271 288 272 288 289 265 264 281 265 281 282 258 257 274 258 274 275 444 272 289 266 265 282 266 282 283 259 258 275 259 275 276 267 266 283 267 283 284 260 259 276 260 276 277 268 267 284 268 284 285 261 260 277 261 277 278 269 268 285 269 285 286 262 261 278 262 278 279 287 286 303 287 303 304 280 279 296 280 296 297 273 392 290 288 287 304 288 304 305 281 280 297 281 297 298 274 273 290 274 290 291 289 288 305 289 305 306 282 281 298 282 298 299 275 274 291 275 291 292 444 289 306 283 282 299 283 299 300 276 275 292 276 292 293 284 283 300 284 300 301 277 276 293 277 293 294 285 284 301 285 301 302 278 277 294 278 294 295 286 285 302 286 302 303 279 278 295 279 295 296 304 303 320 304 320 321 297 296 313 297 313 314 290 392 307 305 304 321 305 321 322 298 297 314 298 314 315 291 290 307 291 307 308 306 305 322 306 322 323 299 298 315 299 315 316 292 291 308 292 308 309 444 306 323 300 299 316 300 316 317 293 292 309 293 309 310 301 300 317 301 317 318 294 293 310 294 310 311 302 301 318 302 318 319 295 294 311 295 311 312 303 302 319 303 319 320 296 295 312 296 312 313 321 320 337 321 337 338 314 313 330 314 330 331 307 392 324 322 321 338 322 338 339 315 314 331 315 331 332 308 307 324 308 324 325 323 322 339 323 339 340 316 315 332 316 332 333 309 308 325 309 325 326 444 323 340 317 316 333 317 333 334 310 309 326 310 326 327 318 317 334 318 334 335 311 310 327 311 327 328 319 318 335 319 335 336 312 311 328 312 328 329 320 319 336 320 336 337 313 312 329 313 329 330 338 337 354 338 354 355 331 330 347 331 347 348 324 392 341 339 338 355 339 355 356 332 331 348 332 348 349 325 324 341 325 341 342 340 339 356 340 356 357 333 332 349 333 349 350 326 325 342 326 342 343 444 340 357 334 333 350 334 350 351 327 326 343 327 343 344 335 334 351 335 351 352 328 327 344 328 344 345 336 335 352 336 352 353 329 328 345 329 345 346 337 336 353 337 353 354 330 329 346 330 346 347 355 354 371 355 371 372 348 347 364 348 364 365 341 392 358 356 355 372 356 372 373 349 348 365 349 365 366 342 341 358 342 358 359 357 356 373 357 373 374 350 349 366 350 366 367 343 342 359 343 359 360 444 357 374 351 350 367 351 367 368 344 343 360 344 360 361 352 351 368 352 368 369 345 344 361 345 361 362 353 352 369 353 369 370 346 345 362 346 362 363 354 353 370 354 370 371 347 346 363 347 363 364 372 371 388 372 388 389 365 364 381 365 381 382 358 392 375 373 372 389 373 389 390 366 365 382 366 382 383 359 358 375 359 375 376 374 373 390 374 390 391 367 366 383 367 383 384 360 359 376 360 376 377 444 374 391 368 367 384 368 384 385 361 360 377 361 377 378 369 368 385 369 385 386 362 361 378 362 378 379 370 369 386 370 386 387 363 362 379 363 379 380 371 370 387 371 387 388 364 363 380 364 380 381 389 388 406 389 406 407 382 381 399 382 399 400 375 392 393 390 389 407 390 407 408 383 382 400 383 400 401 376 375 393 376 393 394 391 390 408 391 408 409 384 383 401 384 401 402 377 376 394 377 394 395 444 391 409 385 384 402 385 402 403 378 377 395 378 395 396 386 385 403 386 403 404 379 378 396 379 396 397 387 386 404 387 404 405 380 379 397 380 397 398 388 387 405 388 405 406 381 380 398 381 398 399 407 406 423 407 423 424 400 399 416 400 416 417 393 392 410 408 407 424 408 424 425 401 400 417 401 417 418 394 393 410 394 410 411 409 408 425 409 425 426 402 401 418 402 418 419 395 394 411 395 411 412 444 409 426 403 402 419 403 419 420 396 395 412 396 412 413 404 403 420 404 420 421 397 396 413 397 413 414 405 404 421 405 421 422 398 397 414 398 414 415 406 405 422 406 422 423 399 398 415 399 415 416 424 423 440 424 440 441 417 416 433 417 433 434 410 392 427 425 424 441 425 441 442 418 417 434 418 434 435 411 410 427 411 427 428 426 425 442 426 442 443 419 418 435 419 435 436 412 411 428 412 428 429 444 426 443 420 419 436 420 436 437 413 412 429 413 429 430 421 420 437 421 437 438 414 413 430 414 430 431 422 421 438 422 438 439 415 414 431 415 431 432 423 422 439 423 439 440 416 415 432 416 432 433 441 440 458 441 458 459 434 433 451 434 451 452 427 392 445 442 441 459 442 459 460 435 434 452 435 452 453 428 427 445 428 445 446 443 442 460 443 460 461 436 435 453 436 453 454 429 428 446 429 446 447 444 443 461 437 436 454 437 454 455 430 429 447 430 447 448 438 437 455 438 455 456 431 430 448 431 448 449 439 438 456 439 456 457 432 431 449 432 449 450 440 439 457 440 457 458 433 432 450 433 450 451 459 458 475 459 475 476 452 451 468 452 468 469 445 392 462 460 459 476 460 476 477 453 452 469 453 469 470 446 445 462 446 462 463 461 460 477 461 477 478 454 453 470 454 470 471 447 446 463 447 463 464 444 461 478 455 454 471 455 471 472 448 447 464 448 464 465 456 455 472 456 472 473 449 448 465 449 465 466 457 456 473 457 473 474 450 449 466 450 466 467 458 457 474 458 474 475 451 450 467 451 467 468 476 475 252 476 252 253 469 468 246 469 246 479 462 392 240 477 476 253 477 253 254 470 469 479 470 479 247 463 462 240 463 240 241 478 477 254 478 254 255 471 470 247 471 247 248 464 463 241 464 241 242 444 478 255 472 471 248 472 248 249 465 464 242 465 242 243 473 472 249 473 249 250 466 465 243 466 243 244 474 473 250 474 250 251 467 466 244 467 244 245 475 474 251 475 251 252 468 467 245 468 245 246 489 488 505 489 505 506 483 482 498 483 498 499 490 489 506 490 506 507 484 483 499 484 499 500 491 490 507 491 507 508 485 484 500 485 500 501 492 491 508 492 508 509 486 485 501 486 501 502 493 492 509 493 509 510 719 486 502 719 502 503 480 632 496 494 493 510 494 510 511 487 719 503 487 503 504 481 480 496 481 496 497 495 494 511 495 511 512 488 487 504 488 504 505 482 481 497 482 497 498 684 495 512 510 509 526 510 526 527 503 502 519 503 519 520 496 632 513 511 510 527 511 527 528 504 503 520 504 520 521 497 496 513 497 513 514 512 511 528 512 528 529 505 504 521 505 521 522 498 497 514 498 514 515 684 512 529 506 505 522 506 522 523 499 498 515 499 515 516 507 506 523 507 523 524 500 499 516 500 516 517 508 507 524 508 524 525 501 500 517 501 517 518 509 508 525 509 525 526 502 501 518 502 518 519 527 526 543 527 543 544 520 519 536 520 536 537 513 632 530 528 527 544 528 544 545 521 520 537 521 537 538 514 513 530 514 530 531 529 528 545 529 545 546 522 521 538 522 538 539 515 514 531 515 531 532 684 529 546 523 522 539 523 539 540 516 515 532 516 532 533 524 523 540 524 540 541 517 516 533 517 533 534 525 524 541 525 541 542 518 517 534 518 534 535 526 525 542 526 542 543 519 518 535 519 535 536 544 543 560 544 560 561 537 536 553 537 553 554 530 632 547 545 544 561 545 561 562 538 537 554 538 554 555 531 530 547 531 547 548 546 545 562 546 562 563 539 538 555 539 555 556 532 531 548 532 548 549 684 546 563 540 539 556 540 556 557 533 532 549 533 549 550 541 540 557 541 557 558 534 533 550 534 550 551 542 541 558 542 558 559 535 534 551 535 551 552 543 542 559 543 559 560 536 535 552 536 552 553 561 560 577 561 577 578 554 553 570 554 570 571 547 632 564 562 561 578 562 578 579 555 554 571 555 571 572 548 547 564 548 564 565 563 562 579 563 579 580 556 555 572 556 572 573 549 548 565 549 565 566 684 563 580 557 556 573 557 573 574 550 549 566 550 566 567 558 557 574 558 574 575 551 550 567 551 567 568 559 558 575 559 575 576 552 551 568 552 568 569 560 559 576 560 576 577 553 552 569 553 569 570 578 577 594 578 594 595 571 570 587 571 587 588 564 632 581 579 578 595 579 595 596 572 571 588 572 588 589 565 564 581 565 581 582 580 579 596 580 596 597 573 572 589 573 589 590 566 565 582 566 582 583 684 580 597 574 573 590 574 590 591 567 566 583 567 583 584 575 574 591 575 591 592 568 567 584 568 584 585 576 575 592 576 592 593 569 568 585 569 585 586 577 576 593 577 593 594 570 569 586 570 586 587 595 594 611 595 611 612 588 587 604 588 604 605 581 632 598 596 595 612 596 612 613 589 588 605 589 605 606 582 581 598 582 598 599 597 596 613 597 613 614 590 589 606 590 606 607 583 582 599 583 599 600 684 597 614 591 590 607 591 607 608 584 583 600 584 600 601 592 591 608 592 608 609 585 584 601 585 601 602 593 592 609 593 609 610 586 585 602 586 602 603 594 593 610 594 610 611 587 586 603 587 603 604 612 611 628 612 628 629 605 604 621 605 621 622 598 632 615 613 612 629 613 629 630 606 605 622 606 622 623 599 598 615 599 615 616 614 613 630 614 630 631 607 606 623 607 623 624 600 599 616 600 616 617 684 614 631 608 607 624 608 624 625 601 600 617 601 617 618 609 608 625 609 625 626 602 601 618 602 618 619 610 609 626 610 626 627 603 602 619 603 619 620 611 610 627 611 627 628 604 603 620 604 620 621 629 628 646 629 646 647 622 621 639 622 639 640 615 632 633 630 629 647 630 647 648 623 622 640 623 640 641 616 615 633 616 633 634 631 630 648 631 648 649 624 623 641 624 641 642 617 616 634 617 634 635 684 631 649 625 624 642 625 642 643 618 617 635 618 635 636 626 625 643 626 643 644 619 618 636 619 636 637 627 626 644 627 644 645 620 619 637 620 637 638 628 627 645 628 645 646 621 620 638 621 638 639 647 646 663 647 663 664 640 639 656 640 656 657 633 632 650 648 647 664 648 664 665 641 640 657 641 657 658 634 633 650 634 650 651 649 648 665 649 665 666 642 641 658 642 658 659 635 634 651 635 651 652 684 649 666 643 642 659 643 659 660 636 635 652 636 652 653 644 643 660 644 660 661 637 636 653 637 653 654 645 644 661 645 661 662 638 637 654 638 654 655 646 645 662 646 662 663 639 638 655 639 655 656 664 663 680 664 680 681 657 656 673 657 673 674 650 632 667 665 664 681 665 681 682 658 657 674 658 674 675 651 650 667 651 667 668 666 665 682 666 682 683 659 658 675 659 675 676 652 651 668 652 668 669 684 666 683 660 659 676 660 676 677 653 652 669 653 669 670 661 660 677 661 677 678 654 653 670 654 670 671 662 661 678 662 678 679 655 654 671 655 671 672 663 662 679 663 679 680 656 655 672 656 672 673 681 680 698 681 698 699 674 673 691 674 691 692 667 632 685 682 681 699 682 699 700 675 674 692 675 692 693 668 667 685 668 685 686 683 682 700 683 700 701 676 675 693 676 693 694 669 668 686 669 686 687 684 683 701 677 676 694 677 694 695 670 669 687 670 687 688 678 677 695 678 695 696 671 670 688 671 688 689 679 678 696 679 696 697 672 671 689 672 689 690 680 679 697 680 697 698 673 672 690 673 690 691 699 698 715 699 715 716 692 691 708 692 708 709 685 632 702 700 699 716 700 716 717 693 692 709 693 709 710 686 685 702 686 702 703 701 700 717 701 717 718 694 693 710 694 710 711 687 686 703 687 703 704 684 701 718 695 694 711 695 711 712 688 687 704 688 704 705 696 695 712 696 712 713 689 688 705 689 705 706 697 696 713 697 713 714 690 689 706 690 706 707 698 697 714 698 714 715 691 690 707 691 707 708 716 715 492 716 492 493 709 708 486 709 486 719 702 632 480 717 716 493 717 493 494 710 709 719 710 719 487 703 702 480 703 480 481 718 717 494 718 494 495 711 710 487 711 487 488 704 703 481 704 481 482 684 718 495 712 711 488 712 488 489 705 704 482 705 482 483 713 712 489 713 489 490 706 705 483 706 483 484 714 713 490 714 490 491 707 706 484 707 484 485 715 714 491 715 491 492 708 707 485 708 485 486 729 728 745 729 745 746 723 722 738 723 738 739 730 729 746 730 746 747 724 723 739 724 739 740 731 730 747 731 747 748 725 724 740 725 740 741 732 731 748 732 748 749 726 725 741 726 741 742 733 732 749 733 749 750 959 726 742 959 742 743 720 872 736 734 733 750 734 750 751 727 959 743 727 743 744 721 720 736 721 736 737 735 734 751 735 751 752 728 727 744 728 744 745 722 721 737 722 737 738 924 735 752 750 749 766 750 766 767 743 742 759 743 759 760 736 872 753 751 750 767 751 767 768 744 743 760 744 760 761 737 736 753 737 753 754 752 751 768 752 768 769 745 744 761 745 761 762 738 737 754 738 754 755 924 752 769 746 745 762 746 762 763 739 738 755 739 755 756 747 746 763 747 763 764 740 739 756 740 756 757 748 747 764 748 764 765 741 740 757 741 757 758 749 748 765 749 765 766 742 741 758 742 758 759 767 766 783 767 783 784 760 759 776 760 776 777 753 872 770 768 767 784 768 784 785 761 760 777 761 777 778 754 753 770 754 770 771 769 768 785 769 785 786 762 761 778 762 778 779 755 754 771 755 771 772 924 769 786 763 762 779 763 779 780 756 755 772 756 772 773 764 763 780 764 780 781 757 756 773 757 773 774 765 764 781 765 781 782 758 757 774 758 774 775 766 765 782 766 782 783 759 758 775 759 775 776 784 783 800 784 800 801 777 776 793 777 793 794 770 872 787 785 784 801 785 801 802 778 777 794 778 794 795 771 770 787 771 787 788 786 785 802 786 802 803 779 778 795 779 795 796 772 771 788 772 788 789 924 786 803 780 779 796 780 796 797 773 772 789 773 789 790 781 780 797 781 797 798 774 773 790 774 790 791 782 781 798 782 798 799 775 774 791 775 791 792 783 782 799 783 799 800 776 775 792 776 792 793 801 800 817 801 817 818 794 793 810 794 810 811 787 872 804 802 801 818 802 818 819 795 794 811 795 811 812 788 787 804 788 804 805 803 802 819 803 819 820 796 795 812 796 812 813 789 788 805 789 805 806 924 803 820 797 796 813 797 813 814 790 789 806 790 806 807 798 797 814 798 814 815 791 790 807 791 807 808 799 798 815 799 815 816 792 791 808 792 808 809 800 799 816 800 816 817 793 792 809 793 809 810 818 817 834 818 834 835 811 810 827 811 827 828 804 872 821 819 818 835 819 835 836 812 811 828 812 828 829 805 804 821 805 821 822 820 819 836 820 836 837 813 812 829 813 829 830 806 805 822 806 822 823 924 820 837 814 813 830 814 830 831 807 806 823 807 823 824 815 814 831 815 831 832 808 807 824 808 824 825 816 815 832 816 832 833 809 808 825 809 825 826 817 816 833 817 833 834 810 809 826 810 826 827 835 834 851 835 851 852 828 827 844 828 844 845 821 872 838 836 835 852 836 852 853 829 828 845 829 845 846 822 821 838 822 838 839 837 836 853 837 853 854 830 829 846 830 846 847 823 822 839 823 839 840 924 837 854 831 830 847 831 847 848 824 823 840 824 840 841 832 831 848 832 848 849 825 824 841 825 841 842 833 832 849 833 849 850 826 825 842 826 842 843 834 833 850 834 850 851 827 826 843 827 843 844 852 851 868 852 868 869 845 844 861 845 861 862 838 872 855 853 852 869 853 869 870 846 845 862 846 862 863 839 838 855 839 855 856 854 853 870 854 870 871 847 846 863 847 863 864 840 839 856 840 856 857 924 854 871 848 847 864 848 864 865 841 840 857 841 857 858 849 848 865 849 865 866 842 841 858 842 858 859 850 849 866 850 866 867 843 842 859 843 859 860 851 850 867 851 867 868 844 843 860 844 860 861 869 868 886 869 886 887 862 861 879 862 879 880 855 872 873 870 869 887 870 887 888 863 862 880 863 880 881 856 855 873 856 873 874 871 870 888 871 888 889 864 863 881 864 881 882 857 856 874 857 874 875 924 871 889 865 864 882 865 882 883 858 857 875 858 875 876 866 865 883 866 883 884 859 858 876 859 876 877 867 866 884 867 884 885 860 859 877 860 877 878 868 867 885 868 885 886 861 860 878 861 878 879 887 886 903 887 903 904 880 879 896 880 896 897 873 872 890 888 887 904 888 904 905 881 880 897 881 897 898 874 873 890 874 890 891 889 888 905 889 905 906 882 881 898 882 898 899 875 874 891 875 891 892 924 889 906 883 882 899 883 899 900 876 875 892 876 892 893 884 883 900 884 900 901 877 876 893 877 893 894 885 884 901 885 901 902 878 877 894 878 894 895 886 885 902 886 902 903 879 878 895 879 895 896 904 903 920 904 920 921 897 896 913 897 913 914 890 872 907 905 904 921 905 921 922 898 897 914 898 914 915 891 890 907 891 907 908 906 905 922 906 922 923 899 898 915 899 915 916 892 891 908 892 908 909 924 906 923 900 899 916 900 916 917 893 892 909 893 909 910 901 900 917 901 917 918 894 893 910 894 910 911 902 901 918 902 918 919 895 894 911 895 911 912 903 902 919 903 919 920 896 895 912 896 912 913 921 920 938 921 938 939 914 913 931 914 931 932 907 872 925 922 921 939 922 939 940 915 914 932 915 932 933 908 907 925 908 925 926 923 922 940 923 940 941 916 915 933 916 933 934 909 908 926 909 926 927 924 923 941 917 916 934 917 934 935 910 909 927 910 927 928 918 917 935 918 935 936 911 910 928 911 928 929 919 918 936 919 936 937 912 911 929 912 929 930 920 919 937 920 937 938 913 912 930 913 930 931 939 938 955 939 955 956 932 931 948 932 948 949 925 872 942 940 939 956 940 956 957 933 932 949 933 949 950 926 925 942 926 942 943 941 940 957 941 957 958 934 933 950 934 950 951 927 926 943 927 943 944 924 941 958 935 934 951 935 951 952 928 927 944 928 944 945 936 935 952 936 952 953 929 928 945 929 945 946 937 936 953 937 953 954 930 929 946 930 946 947 938 937 954 938 954 955 931 930 947 931 947 948 956 955 732 956 732 733 949 948 726 949 726 959 942 872 720 957 956 733 957 733 734 950 949 959 950 959 727 943 942 720 943 720 721 958 957 734 958 734 735 951 950 727 951 727 728 944 943 721 944 721 722 924 958 735 952 951 728 952 728 729 945 944 722 945 722 723 953 952 729 953 729 730 946 945 723 946 723 724 954 953 730 954 730 731 947 946 724 947 724 725 955 954 731 955 731 732 948 947 725 948 725 726 969 968 985 969 985 986 963 962 978 963 978 979 970 969 986 970 986 987 964 963 979 964 979 980 971 970 987 971 987 988 965 964 980 965 980 981 972 971 988 972 988 989 966 965 981 966 981 982 973 972 989 973 989 990 1199 966 982 1199 982 983 960 1112 976 974 973 990 974 990 991 967 1199 983 967 983 984 961 960 976 961 976 977 975 974 991 975 991 992 968 967 984 968 984 985 962 961 977 962 977 978 1164 975 992 990 989 1006 990 1006 1007 983 982 999 983 999 1000 976 1112 993 991 990 1007 991 1007 1008 984 983 1000 984 1000 1001 977 976 993 977 993 994 992 991 1008 992 1008 1009 985 984 1001 985 1001 1002 978 977 994 978 994 995 1164 992 1009 986 985 1002 986 1002 1003 979 978 995 979 995 996 987 986 1003 987 1003 1004 980 979 996 980 996 997 988 987 1004 988 1004 1005 981 980 997 981 997 998 989 988 1005 989 1005 1006 982 981 998 982 998 999 1007 1006 1023 1007 1023 1024 1000 999 1016 1000 1016 1017 993 1112 1010 1008 1007 1024 1008 1024 1025 1001 1000 1017 1001 1017 1018 994 993 1010 994 1010 1011 1009 1008 1025 1009 1025 1026 1002 1001 1018 1002 1018 1019 995 994 1011 995 1011 1012 1164 1009 1026 1003 1002 1019 1003 1019 1020 996 995 1012 996 1012 1013 1004 1003 1020 1004 1020 1021 997 996 1013 997 1013 1014 1005 1004 1021 1005 1021 1022 998 997 1014 998 1014 1015 1006 1005 1022 1006 1022 1023 999 998 1015 999 1015 1016 1024 1023 1040 1024 1040 1041 1017 1016 1033 1017 1033 1034 1010 1112 1027 1025 1024 1041 1025 1041 1042 1018 1017 1034 1018 1034 1035 1011 1010 1027 1011 1027 1028 1026 1025 1042 1026 1042 1043 1019 1018 1035 1019 1035 1036 1012 1011 1028 1012 1028 1029 1164 1026 1043 1020 1019 1036 1020 1036 1037 1013 1012 1029 1013 1029 1030 1021 1020 1037 1021 1037 1038 1014 1013 1030 1014 1030 1031 1022 1021 1038 1022 1038 1039 1015 1014 1031 1015 1031 1032 1023 1022 1039 1023 1039 1040 1016 1015 1032 1016 1032 1033 1041 1040 1057 1041 1057 1058 1034 1033 1050 1034 1050 1051 1027 1112 1044 1042 1041 1058 1042 1058 1059 1035 1034 1051 1035 1051 1052 1028 1027 1044 1028 1044 1045 1043 1042 1059 1043 1059 1060 1036 1035 1052 1036 1052 1053 1029 1028 1045 1029 1045 1046 1164 1043 1060 1037 1036 1053 1037 1053 1054 1030 1029 1046 1030 1046 1047 1038 1037 1054 1038 1054 1055 1031 1030 1047 1031 1047 1048 1039 1038 1055 1039 1055 1056 1032 1031 1048 1032 1048 1049 1040 1039 1056 1040 1056 1057 1033 1032 1049 1033 1049 1050 1058 1057 1074 1058 1074 1075 1051 1050 1067 1051 1067 1068 1044 1112 1061 1059 1058 1075 1059 1075 1076 1052 1051 1068 1052 1068 1069 1045 1044 1061 1045 1061 1062 1060 1059 1076 1060 1076 1077 1053 1052 1069 1053 1069 1070 1046 1045 1062 1046 1062 1063 1164 1060 1077 1054 1053 1070 1054 1070 1071 1047 1046 1063 1047 1063 1064 1055 1054 1071 1055 1071 1072 1048 1047 1064 1048 1064 1065 1056 1055 1072 1056 1072 1073 1049 1048 1065 1049 1065 1066 1057 1056 1073 1057 1073 1074 1050 1049 1066 1050 1066 1067 1075 1074 1091 1075 1091 1092 1068 1067 1084 1068 1084 1085 1061 1112 1078 1076 1075 1092 1076 1092 1093 1069 1068 1085 1069 1085 1086 1062 1061 1078 1062 1078 1079 1077 1076 1093 1077 1093 1094 1070 1069 1086 1070 1086 1087 1063 1062 1079 1063 1079 1080 1164 1077 1094 1071 1070 1087 1071 1087 1088 1064 1063 1080 1064 1080 1081 1072 1071 1088 1072 1088 1089 1065 1064 1081 1065 1081 1082 1073 1072 1089 1073 1089 1090 1066 1065 1082 1066 1082 1083 1074 1073 1090 1074 1090 1091 1067 1066 1083 1067 1083 1084 1092 1091 1108 1092 1108 1109 1085 1084 1101 1085 1101 1102 1078 1112 1095 1093 1092 1109 1093 1109 1110 1086 1085 1102 1086 1102 1103 1079 1078 1095 1079 1095 1096 1094 1093 1110 1094 1110 1111 1087 1086 1103 1087 1103 1104 1080 1079 1096 1080 1096 1097 1164 1094 1111 1088 1087 1104 1088 1104 1105 1081 1080 1097 1081 1097 1098 1089 1088 1105 1089 1105 1106 1082 1081 1098 1082 1098 1099 1090 1089 1106 1090 1106 1107 1083 1082 1099 1083 1099 1100 1091 1090 1107 1091 1107 1108 1084 1083 1100 1084 1100 1101 1109 1108 1126 1109 1126 1127 1102 1101 1119 1102 1119 1120 1095 1112 1113 1110 1109 1127 1110 1127 1128 1103 1102 1120 1103 1120 1121 1096 1095 1113 1096 1113 1114 1111 1110 1128 1111 1128 1129 1104 1103 1121 1104 1121 1122 1097 1096 1114 1097 1114 1115 1164 1111 1129 1105 1104 1122 1105 1122 1123 1098 1097 1115 1098 1115 1116 1106 1105 1123 1106 1123 1124 1099 1098 1116 1099 1116 1117 1107 1106 1124 1107 1124 1125 1100 1099 1117 1100 1117 1118 1108 1107 1125 1108 1125 1126 1101 1100 1118 1101 1118 1119 1127 1126 1143 1127 1143 1144 1120 1119 1136 1120 1136 1137 1113 1112 1130 1128 1127 1144 1128 1144 1145 1121 1120 1137 1121 1137 1138 1114 1113 1130 1114 1130 1131 1129 1128 1145 1129 1145 1146 1122 1121 1138 1122 1138 1139 1115 1114 1131 1115 1131 1132 1164 1129 1146 1123 1122 1139 1123 1139 1140 1116 1115 1132 1116 1132 1133 1124 1123 1140 1124 1140 1141 1117 1116 1133 1117 1133 1134 1125 1124 1141 1125 1141 1142 1118 1117 1134 1118 1134 1135 1126 1125 1142 1126 1142 1143 1119 1118 1135 1119 1135 1136 1144 1143 1160 1144 1160 1161 1137 1136 1153 1137 1153 1154 1130 1112 1147 1145 1144 1161 1145 1161 1162 1138 1137 1154 1138 1154 1155 1131 1130 1147 1131 1147 1148 1146 1145 1162 1146 1162 1163 1139 1138 1155 1139 1155 1156 1132 1131 1148 1132 1148 1149 1164 1146 1163 1140 1139 1156 1140 1156 1157 1133 1132 1149 1133 1149 1150 1141 1140 1157 1141 1157 1158 1134 1133 1150 1134 1150 1151 1142 1141 1158 1142 1158 1159 1135 1134 1151 1135 1151 1152 1143 1142 1159 1143 1159 1160 1136 1135 1152 1136 1152 1153 1161 1160 1178 1161 1178 1179 1154 1153 1171 1154 1171 1172 1147 1112 1165 1162 1161 1179 1162 1179 1180 1155 1154 1172 1155 1172 1173 1148 1147 1165 1148 1165 1166 1163 1162 1180 1163 1180 1181 1156 1155 1173 1156 1173 1174 1149 1148 1166 1149 1166 1167 1164 1163 1181 1157 1156 1174 1157 1174 1175 1150 1149 1167 1150 1167 1168 1158 1157 1175 1158 1175 1176 1151 1150 1168 1151 1168 1169 1159 1158 1176 1159 1176 1177 1152 1151 1169 1152 1169 1170 1160 1159 1177 1160 1177 1178 1153 1152 1170 1153 1170 1171 1179 1178 1195 1179 1195 1196 1172 1171 1188 1172 1188 1189 1165 1112 1182 1180 1179 1196 1180 1196 1197 1173 1172 1189 1173 1189 1190 1166 1165 1182 1166 1182 1183 1181 1180 1197 1181 1197 1198 1174 1173 1190 1174 1190 1191 1167 1166 1183 1167 1183 1184 1164 1181 1198 1175 1174 1191 1175 1191 1192 1168 1167 1184 1168 1184 1185 1176 1175 1192 1176 1192 1193 1169 1168 1185 1169 1185 1186 1177 1176 1193 1177 1193 1194 1170 1169 1186 1170 1186 1187 1178 1177 1194 1178 1194 1195 1171 1170 1187 1171 1187 1188 1196 1195 972 1196 972 973 1189 1188 966 1189 966 1199 1182 1112 960 1197 1196 973 1197 973 974 1190 1189 1199 1190 1199 967 1183 1182 960 1183 960 961 1198 1197 974 1198 974 975 1191 1190 967 1191 967 968 1184 1183 961 1184 961 962 1164 1198 975 1192 1191 968 1192 968 969 1185 1184 962 1185 962 963 1193 1192 969 1193 969 970 1186 1185 963 1186 963 964 1194 1193 970 1194 970 971 1187 1186 964 1187 964 965 1195 1194 971 1195 971 972 1188 1187 965 1188 965 966 1209 1208 1225 1209 1225 1226 1203 1202 1218 1203 1218 1219 1210 1209 1226 1210 1226 1227 1204 1203 1219 1204 1219 1220 1211 1210 1227 1211 1227 1228 1205 1204 1220 1205 1220 1221 1212 1211 1228 1212 1228 1229 1206 1205 1221 1206 1221 1222 1213 1212 1229 1213 1229 1230 1439 1206 1222 1439 1222 1223 1200 1352 1216 1214 1213 1230 1214 1230 1231 1207 1439 1223 1207 1223 1224 1201 1200 1216 1201 1216 1217 1215 1214 1231 1215 1231 1232 1208 1207 1224 1208 1224 1225 1202 1201 1217 1202 1217 1218 1404 1215 1232 1230 1229 1246 1230 1246 1247 1223 1222 1239 1223 1239 1240 1216 1352 1233 1231 1230 1247 1231 1247 1248 1224 1223 1240 1224 1240 1241 1217 1216 1233 1217 1233 1234 1232 1231 1248 1232 1248 1249 1225 1224 1241 1225 1241 1242 1218 1217 1234 1218 1234 1235 1404 1232 1249 1226 1225 1242 1226 1242 1243 1219 1218 1235 1219 1235 1236 1227 1226 1243 1227 1243 1244 1220 1219 1236 1220 1236 1237 1228 1227 1244 1228 1244 1245 1221 1220 1237 1221 1237 1238 1229 1228 1245 1229 1245 1246 1222 1221 1238 1222 1238 1239 1247 1246 1263 1247 1263 1264 1240 1239 1256 1240 1256 1257 1233 1352 1250 1248 1247 1264 1248 1264 1265 1241 1240 1257 1241 1257 1258 1234 1233 1250 1234 1250 1251 1249 1248 1265 1249 1265 1266 1242 1241 1258 1242 1258 1259 1235 1234 1251 1235 1251 1252 1404 1249 1266 1243 1242 1259 1243 1259 1260 1236 1235 1252 1236 1252 1253 1244 1243 1260 1244 1260 1261 1237 1236 1253 1237 1253 1254 1245 1244 1261 1245 1261 1262 1238 1237 1254 1238 1254 1255 1246 1245 1262 1246 1262 1263 1239 1238 1255 1239 1255 1256 1264 1263 1280 1264 1280 1281 1257 1256 1273 1257 1273 1274 1250 1352 1267 1265 1264 1281 1265 1281 1282 1258 1257 1274 1258 1274 1275 1251 1250 1267 1251 1267 1268 1266 1265 1282 1266 1282 1283 1259 1258 1275 1259 1275 1276 1252 1251 1268 1252 1268 1269 1404 1266 1283 1260 1259 1276 1260 1276 1277 1253 1252 1269 1253 1269 1270 1261 1260 1277 1261 1277 1278 1254 1253 1270 1254 1270 1271 1262 1261 1278 1262 1278 1279 1255 1254 1271 1255 1271 1272 1263 1262 1279 1263 1279 1280 1256 1255 1272 1256 1272 1273 1281 1280 1297 1281 1297 1298 1274 1273 1290 1274 1290 1291 1267 1352 1284 1282 1281 1298 1282 1298 1299 1275 1274 1291 1275 1291 1292 1268 1267 1284 1268 1284 1285 1283 1282 1299 1283 1299 1300 1276 1275 1292 1276 1292 1293 1269 1268 1285 1269 1285 1286 1404 1283 1300 1277 1276 1293 1277 1293 1294 1270 1269 1286 1270 1286 1287 1278 1277 1294 1278 1294 1295 1271 1270 1287 1271 1287 1288 1279 1278 1295 1279 1295 1296 1272 1271 1288 1272 1288 1289 1280 1279 1296 1280 1296 1297 1273 1272 1289 1273 1289 1290 1298 1297 1314 1298 1314 1315 1291 1290 1307 1291 1307 1308 1284 1352 1301 1299 1298 1315 1299 1315 1316 1292 1291 1308 1292 1308 1309 1285 1284 1301 1285 1301 1302 1300 1299 1316 1300 1316 1317 1293 1292 1309 1293 1309 1310 1286 1285 1302 1286 1302 1303 1404 1300 1317 1294 1293 1310 1294 1310 1311 1287 1286 1303 1287 1303 1304 1295 1294 1311 1295 1311 1312 1288 1287 1304 1288 1304 1305 1296 1295 1312 1296 1312 1313 1289 1288 1305 1289 1305 1306 1297 1296 1313 1297 1313 1314 1290 1289 1306 1290 1306 1307 1315 1314 1331 1315 1331 1332 1308 1307 1324 1308 1324 1325 1301 1352 1318 1316 1315 1332 1316 1332 1333 1309 1308 1325 1309 1325 1326 1302 1301 1318 1302 1318 1319 1317 1316 1333 1317 1333 1334 1310 1309 1326 1310 1326 1327 1303 1302 1319 1303 1319 1320 1404 1317 1334 1311 1310 1327 1311 1327 1328 1304 1303 1320 1304 1320 1321 1312 1311 1328 1312 1328 1329 1305 1304 1321 1305 1321 1322 1313 1312 1329 1313 1329 1330 1306 1305 1322 1306 1322 1323 1314 1313 1330 1314 1330 1331 1307 1306 1323 1307 1323 1324 1332 1331 1348 1332 1348 1349 1325 1324 1341 1325 1341 1342 1318 1352 1335 1333 1332 1349 1333 1349 1350 1326 1325 1342 1326 1342 1343 1319 1318 1335 1319 1335 1336 1334 1333 1350 1334 1350 1351 1327 1326 1343 1327 1343 1344 1320 1319 1336 1320 1336 1337 1404 1334 1351 1328 1327 1344 1328 1344 1345 1321 1320 1337 1321 1337 1338 1329 1328 1345 1329 1345 1346 1322 1321 1338 1322 1338 1339 1330 1329 1346 1330 1346 1347 1323 1322 1339 1323 1339 1340 1331 1330 1347 1331 1347 1348 1324 1323 1340 1324 1340 1341 1349 1348 1366 1349 1366 1367 1342 1341 1359 1342 1359 1360 1335 1352 1353 1350 1349 1367 1350 1367 1368 1343 1342 1360 1343 1360 1361 1336 1335 1353 1336 1353 1354 1351 1350 1368 1351 1368 1369 1344 1343 1361 1344 1361 1362 1337 1336 1354 1337 1354 1355 1404 1351 1369 1345 1344 1362 1345 1362 1363 1338 1337 1355 1338 1355 1356 1346 1345 1363 1346 1363 1364 1339 1338 1356 1339 1356 1357 1347 1346 1364 1347 1364 1365 1340 1339 1357 1340 1357 1358 1348 1347 1365 1348 1365 1366 1341 1340 1358 1341 1358 1359 1367 1366 1383 1367 1383 1384 1360 1359 1376 1360 1376 1377 1353 1352 1370 1368 1367 1384 1368 1384 1385 1361 1360 1377 1361 1377 1378 1354 1353 1370 1354 1370 1371 1369 1368 1385 1369 1385 1386 1362 1361 1378 1362 1378 1379 1355 1354 1371 1355 1371 1372 1404 1369 1386 1363 1362 1379 1363 1379 1380 1356 1355 1372 1356 1372 1373 1364 1363 1380 1364 1380 1381 1357 1356 1373 1357 1373 1374 1365 1364 1381 1365 1381 1382 1358 1357 1374 1358 1374 1375 1366 1365 1382 1366 1382 1383 1359 1358 1375 1359 1375 1376 1384 1383 1400 1384 1400 1401 1377 1376 1393 1377 1393 1394 1370 1352 1387 1385 1384 1401 1385 1401 1402 1378 1377 1394 1378 1394 1395 1371 1370 1387 1371 1387 1388 1386 1385 1402 1386 1402 1403 1379 1378 1395 1379 1395 1396 1372 1371 1388 1372 1388 1389 1404 1386 1403 1380 1379 1396 1380 1396 1397 1373 1372 1389 1373 1389 1390 1381 1380 1397 1381 1397 1398 1374 1373 1390 1374 1390 1391 1382 1381 1398 1382 1398 1399 1375 1374 1391 1375 1391 1392 1383 1382 1399 1383 1399 1400 1376 1375 1392 1376 1392 1393 1401 1400 1418 1401 1418 1419 1394 1393 1411 1394 1411 1412 1387 1352 1405 1402 1401 1419 1402 1419 1420 1395 1394 1412 1395 1412 1413 1388 1387 1405 1388 1405 1406 1403 1402 1420 1403 1420 1421 1396 1395 1413 1396 1413 1414 1389 1388 1406 1389 1406 1407 1404 1403 1421 1397 1396 1414 1397 1414 1415 1390 1389 1407 1390 1407 1408 1398 1397 1415 1398 1415 1416 1391 1390 1408 1391 1408 1409 1399 1398 1416 1399 1416 1417 1392 1391 1409 1392 1409 1410 1400 1399 1417 1400 1417 1418 1393 1392 1410 1393 1410 1411 1419 1418 1435 1419 1435 1436 1412 1411 1428 1412 1428 1429 1405 1352 1422 1420 1419 1436 1420 1436 1437 1413 1412 1429 1413 1429 1430 1406 1405 1422 1406 1422 1423 1421 1420 1437 1421 1437 1438 1414 1413 1430 1414 1430 1431 1407 1406 1423 1407 1423 1424 1404 1421 1438 1415 1414 1431 1415 1431 1432 1408 1407 1424 1408 1424 1425 1416 1415 1432 1416 1432 1433 1409 1408 1425 1409 1425 1426 1417 1416 1433 1417 1433 1434 1410 1409 1426 1410 1426 1427 1418 1417 1434 1418 1434 1435 1411 1410 1427 1411 1427 1428 1436 1435 1212 1436 1212 1213 1429 1428 1206 1429 1206 1439 1422 1352 1200 1437 1436 1213 1437 1213 1214 1430 1429 1439 1430 1439 1207 1423 1422 1200 1423 1200 1201 1438 1437 1214 1438 1214 1215 1431 1430 1207 1431 1207 1208 1424 1423 1201 1424 1201 1202 1404 1438 1215 1432 1431 1208 1432 1208 1209 1425 1424 1202 1425 1202 1203 1433 1432 1209 1433 1209 1210 1426 1425 1203 1426 1203 1204 1434 1433 1210 1434 1210 1211 1427 1426 1204 1427 1204 1205 1435 1434 1211 1435 1211 1212 1428 1427 1205 1428 1205 1206 1449 1448 1465 1449 1465 1466 1443 1442 1458 1443 1458 1459 1450 1449 1466 1450 1466 1467 1444 1443 1459 1444 1459 1460 1451 1450 1467 1451 1467 1468 1445 1444 1460 1445 1460 1461 1452 1451 1468 1452 1468 1469 1446 1445 1461 1446 1461 1462 1453 1452 1469 1453 1469 1470 1679 1446 1462 1679 1462 1463 1440 1592 1456 1454 1453 1470 1454 1470 1471 1447 1679 1463 1447 1463 1464 1441 1440 1456 1441 1456 1457 1455 1454 1471 1455 1471 1472 1448 1447 1464 1448 1464 1465 1442 1441 1457 1442 1457 1458 1644 1455 1472 1470 1469 1486 1470 1486 1487 1463 1462 1479 1463 1479 1480 1456 1592 1473 1471 1470 1487 1471 1487 1488 1464 1463 1480 1464 1480 1481 1457 1456 1473 1457 1473 1474 1472 1471 1488 1472 1488 1489 1465 1464 1481 1465 1481 1482 1458 1457 1474 1458 1474 1475 1644 1472 1489 1466 1465 1482 1466 1482 1483 1459 1458 1475 1459 1475 1476 1467 1466 1483 1467 1483 1484 1460 1459 1476 1460 1476 1477 1468 1467 1484 1468 1484 1485 1461 1460 1477 1461 1477 1478 1469 1468 1485 1469 1485 1486 1462 1461 1478 1462 1478 1479 1487 1486 1503 1487 1503 1504 1480 1479 1496 1480 1496 1497 1473 1592 1490 1488 1487 1504 1488 1504 1505 1481 1480 1497 1481 1497 1498 1474 1473 1490 1474 1490 1491 1489 1488 1505 1489 1505 1506 1482 1481 1498 1482 1498 1499 1475 1474 1491 1475 1491 1492 1644 1489 1506 1483 1482 1499 1483 1499 1500 1476 1475 1492 1476 1492 1493 1484 1483 1500 1484 1500 1501 1477 1476 1493 1477 1493 1494 1485 1484 1501 1485 1501 1502 1478 1477 1494 1478 1494 1495 1486 1485 1502 1486 1502 1503 1479 1478 1495 1479 1495 1496 1504 1503 1520 1504 1520 1521 1497 1496 1513 1497 1513 1514 1490 1592 1507 1505 1504 1521 1505 1521 1522 1498 1497 1514 1498 1514 1515 1491 1490 1507 1491 1507 1508 1506 1505 1522 1506 1522 1523 1499 1498 1515 1499 1515 1516 1492 1491 1508 1492 1508 1509 1644 1506 1523 1500 1499 1516 1500 1516 1517 1493 1492 1509 1493 1509 1510 1501 1500 1517 1501 1517 1518 1494 1493 1510 1494 1510 1511 1502 1501 1518 1502 1518 1519 1495 1494 1511 1495 1511 1512 1503 1502 1519 1503 1519 1520 1496 1495 1512 1496 1512 1513 1521 1520 1537 1521 1537 1538 1514 1513 1530 1514 1530 1531 1507 1592 1524 1522 1521 1538 1522 1538 1539 1515 1514 1531 1515 1531 1532 1508 1507 1524 1508 1524 1525 1523 1522 1539 1523 1539 1540 1516 1515 1532 1516 1532 1533 1509 1508 1525 1509 1525 1526 1644 1523 1540 1517 1516 1533 1517 1533 1534 1510 1509 1526 1510 1526 1527 1518 1517 1534 1518 1534 1535 1511 1510 1527 1511 1527 1528 1519 1518 1535 1519 1535 1536 1512 1511 1528 1512 1528 1529 1520 1519 1536 1520 1536 1537 1513 1512 1529 1513 1529 1530 1538 1537 1554 1538 1554 1555 1531 1530 1547 1531 1547 1548 1524 1592 1541 1539 1538 1555 1539 1555 1556 1532 1531 1548 1532 1548 1549 1525 1524 1541 1525 1541 1542 1540 1539 1556 1540 1556 1557 1533 1532 1549 1533 1549 1550 1526 1525 1542 1526 1542 1543 1644 1540 1557 1534 1533 1550 1534 1550 1551 1527 1526 1543 1527 1543 1544 1535 1534 1551 1535 1551 1552 1528 1527 1544 1528 1544 1545 1536 1535 1552 1536 1552 1553 1529 1528 1545 1529 1545 1546 1537 1536 1553 1537 1553 1554 1530 1529 1546 1530 1546 1547 1555 1554 1571 1555 1571 1572 1548 1547 1564 1548 1564 1565 1541 1592 1558 1556 1555 1572 1556 1572 1573 1549 1548 1565 1549 1565 1566 1542 1541 1558 1542 1558 1559 1557 1556 1573 1557 1573 1574 1550 1549 1566 1550 1566 1567 1543 1542 1559 1543 1559 1560 1644 1557 1574 1551 1550 1567 1551 1567 1568 1544 1543 1560 1544 1560 1561 1552 1551 1568 1552 1568 1569 1545 1544 1561 1545 1561 1562 1553 1552 1569 1553 1569 1570 1546 1545 1562 1546 1562 1563 1554 1553 1570 1554 1570 1571 1547 1546 1563 1547 1563 1564 1572 1571 1588 1572 1588 1589 1565 1564 1581 1565 1581 1582 1558 1592 1575 1573 1572 1589 1573 1589 1590 1566 1565 1582 1566 1582 1583 1559 1558 1575 1559 1575 1576 1574 1573 1590 1574 1590 1591 1567 1566 1583 1567 1583 1584 1560 1559 1576 1560 1576 1577 1644 1574 1591 1568 1567 1584 1568 1584 1585 1561 1560 1577 1561 1577 1578 1569 1568 1585 1569 1585 1586 1562 1561 1578 1562 1578 1579 1570 1569 1586 1570 1586 1587 1563 1562 1579 1563 1579 1580 1571 1570 1587 1571 1587 1588 1564 1563 1580 1564 1580 1581 1589 1588 1606 1589 1606 1607 1582 1581 1599 1582 1599 1600 1575 1592 1593 1590 1589 1607 1590 1607 1608 1583 1582 1600 1583 1600 1601 1576 1575 1593 1576 1593 1594 1591 1590 1608 1591 1608 1609 1584 1583 1601 1584 1601 1602 1577 1576 1594 1577 1594 1595 1644 1591 1609 1585 1584 1602 1585 1602 1603 1578 1577 1595 1578 1595 1596 1586 1585 1603 1586 1603 1604 1579 1578 1596 1579 1596 1597 1587 1586 1604 1587 1604 1605 1580 1579 1597 1580 1597 1598 1588 1587 1605 1588 1605 1606 1581 1580 1598 1581 1598 1599 1607 1606 1623 1607 1623 1624 1600 1599 1616 1600 1616 1617 1593 1592 1610 1608 1607 1624 1608 1624 1625 1601 1600 1617 1601 1617 1618 1594 1593 1610 1594 1610 1611 1609 1608 1625 1609 1625 1626 1602 1601 1618 1602 1618 1619 1595 1594 1611 1595 1611 1612 1644 1609 1626 1603 1602 1619 1603 1619 1620 1596 1595 1612 1596 1612 1613 1604 1603 1620 1604 1620 1621 1597 1596 1613 1597 1613 1614 1605 1604 1621 1605 1621 1622 1598 1597 1614 1598 1614 1615 1606 1605 1622 1606 1622 1623 1599 1598 1615 1599 1615 1616 1624 1623 1640 1624 1640 1641 1617 1616 1633 1617 1633 1634 1610 1592 1627 1625 1624 1641 1625 1641 1642 1618 1617 1634 1618 1634 1635 1611 1610 1627 1611 1627 1628 1626 1625 1642 1626 1642 1643 1619 1618 1635 1619 1635 1636 1612 1611 1628 1612 1628 1629 1644 1626 1643 1620 1619 1636 1620 1636 1637 1613 1612 1629 1613 1629 1630 1621 1620 1637 1621 1637 1638 1614 1613 1630 1614 1630 1631 1622 1621 1638 1622 1638 1639 1615 1614 1631 1615 1631 1632 1623 1622 1639 1623 1639 1640 1616 1615 1632 1616 1632 1633 1641 1640 1658 1641 1658 1659 1634 1633 1651 1634 1651 1652 1627 1592 1645 1642 1641 1659 1642 1659 1660 1635 1634 1652 1635 1652 1653 1628 1627 1645 1628 1645 1646 1643 1642 1660 1643 1660 1661 1636 1635 1653 1636 1653 1654 1629 1628 1646 1629 1646 1647 1644 1643 1661 1637 1636 1654 1637 1654 1655 1630 1629 1647 1630 1647 1648 1638 1637 1655 1638 1655 1656 1631 1630 1648 1631 1648 1649 1639 1638 1656 1639 1656 1657 1632 1631 1649 1632 1649 1650 1640 1639 1657 1640 1657 1658 1633 1632 1650 1633 1650 1651 1659 1658 1675 1659 1675 1676 1652 1651 1668 1652 1668 1669 1645 1592 1662 1660 1659 1676 1660 1676 1677 1653 1652 1669 1653 1669 1670 1646 1645 1662 1646 1662 1663 1661 1660 1677 1661 1677 1678 1654 1653 1670 1654 1670 1671 1647 1646 1663 1647 1663 1664 1644 1661 1678 1655 1654 1671 1655 1671 1672 1648 1647 1664 1648 1664 1665 1656 1655 1672 1656 1672 1673 1649 1648 1665 1649 1665 1666 1657 1656 1673 1657 1673 1674 1650 1649 1666 1650 1666 1667 1658 1657 1674 1658 1674 1675 1651 1650 1667 1651 1667 1668 1676 1675 1452 1676 1452 1453 1669 1668 1446 1669 1446 1679 1662 1592 1440 1677 1676 1453 1677 1453 1454 1670 1669 1679 1670 1679 1447 1663 1662 1440 1663 1440 1441 1678 1677 1454 1678 1454 1455 1671 1670 1447 1671 1447 1448 1664 1663 1441 1664 1441 1442 1644 1678 1455 1672 1671 1448 1672 1448 1449 1665 1664 1442 1665 1442 1443 1673 1672 1449 1673 1449 1450 1666 1665 1443 1666 1443 1444 1674 1673 1450 1674 1450 1451 1667 1666 1444 1667 1444 1445 1675 1674 1451 1675 1451 1452 1668 1667 1445 1668 1445 1446 1689 1688 1705 1689 1705 1706 1683 1682 1698 1683 1698 1699 1690 1689 1706 1690 1706 1707 1684 1683 1699 1684 1699 1700 1691 1690 1707 1691 1707 1708 1685 1684 1700 1685 1700 1701 1692 1691 1708 1692 1708 1709 1686 1685 1701 1686 1701 1702 1693 1692 1709 1693 1709 1710 1919 1686 1702 1919 1702 1703 1680 1832 1696 1694 1693 1710 1694 1710 1711 1687 1919 1703 1687 1703 1704 1681 1680 1696 1681 1696 1697 1695 1694 1711 1695 1711 1712 1688 1687 1704 1688 1704 1705 1682 1681 1697 1682 1697 1698 1884 1695 1712 1710 1709 1726 1710 1726 1727 1703 1702 1719 1703 1719 1720 1696 1832 1713 1711 1710 1727 1711 1727 1728 1704 1703 1720 1704 1720 1721 1697 1696 1713 1697 1713 1714 1712 1711 1728 1712 1728 1729 1705 1704 1721 1705 1721 1722 1698 1697 1714 1698 1714 1715 1884 1712 1729 1706 1705 1722 1706 1722 1723 1699 1698 1715 1699 1715 1716 1707 1706 1723 1707 1723 1724 1700 1699 1716 1700 1716 1717 1708 1707 1724 1708 1724 1725 1701 1700 1717 1701 1717 1718 1709 1708 1725 1709 1725 1726 1702 1701 1718 1702 1718 1719 1727 1726 1743 1727 1743 1744 1720 1719 1736 1720 1736 1737 1713 1832 1730 1728 1727 1744 1728 1744 1745 1721 1720 1737 1721 1737 1738 1714 1713 1730 1714 1730 1731 1729 1728 1745 1729 1745 1746 1722 1721 1738 1722 1738 1739 1715 1714 1731 1715 1731 1732 1884 1729 1746 1723 1722 1739 1723 1739 1740 1716 1715 1732 1716 1732 1733 1724 1723 1740 1724 1740 1741 1717 1716 1733 1717 1733 1734 1725 1724 1741 1725 1741 1742 1718 1717 1734 1718 1734 1735 1726 1725 1742 1726 1742 1743 1719 1718 1735 1719 1735 1736 1744 1743 1760 1744 1760 1761 1737 1736 1753 1737 1753 1754 1730 1832 1747 1745 1744 1761 1745 1761 1762 1738 1737 1754 1738 1754 1755 1731 1730 1747 1731 1747 1748 1746 1745 1762 1746 1762 1763 1739 1738 1755 1739 1755 1756 1732 1731 1748 1732 1748 1749 1884 1746 1763 1740 1739 1756 1740 1756 1757 1733 1732 1749 1733 1749 1750 1741 1740 1757 1741 1757 1758 1734 1733 1750 1734 1750 1751 1742 1741 1758 1742 1758 1759 1735 1734 1751 1735 1751 1752 1743 1742 1759 1743 1759 1760 1736 1735 1752 1736 1752 1753 1761 1760 1777 1761 1777 1778 1754 1753 1770 1754 1770 1771 1747 1832 1764 1762 1761 1778 1762 1778 1779 1755 1754 1771 1755 1771 1772 1748 1747 1764 1748 1764 1765 1763 1762 1779 1763 1779 1780 1756 1755 1772 1756 1772 1773 1749 1748 1765 1749 1765 1766 1884 1763 1780 1757 1756 1773 1757 1773 1774 1750 1749 1766 1750 1766 1767 1758 1757 1774 1758 1774 1775 1751 1750 1767 1751 1767 1768 1759 1758 1775 1759 1775 1776 1752 1751 1768 1752 1768 1769 1760 1759 1776 1760 1776 1777 1753 1752 1769 1753 1769 1770 1778 1777 1794 1778 1794 1795 1771 1770 1787 1771 1787 1788 1764 1832 1781 1779 1778 1795 1779 1795 1796 1772 1771 1788 1772 1788 1789 1765 1764 1781 1765 1781 1782 1780 1779 1796 1780 1796 1797 1773 1772 1789 1773 1789 1790 1766 1765 1782 1766 1782 1783 1884 1780 1797 1774 1773 1790 1774 1790 1791 1767 1766 1783 1767 1783 1784 1775 1774 1791 1775 1791 1792 1768 1767 1784 1768 1784 1785 1776 1775 1792 1776 1792 1793 1769 1768 1785 1769 1785 1786 1777 1776 1793 1777 1793 1794 1770 1769 1786 1770 1786 1787 1795 1794 1811 1795 1811 1812 1788 1787 1804 1788 1804 1805 1781 1832 1798 1796 1795 1812 1796 1812 1813 1789 1788 1805 1789 1805 1806 1782 1781 1798 1782 1798 1799 1797 1796 1813 1797 1813 1814 1790 1789 1806 1790 1806 1807 1783 1782 1799 1783 1799 1800 1884 1797 1814 1791 1790 1807 1791 1807 1808 1784 1783 1800 1784 1800 1801 1792 1791 1808 1792 1808 1809 1785 1784 1801 1785 1801 1802 1793 1792 1809 1793 1809 1810 1786 1785 1802 1786 1802 1803 1794 1793 1810 1794 1810 1811 1787 1786 1803 1787 1803 1804 1812 1811 1828 1812 1828 1829 1805 1804 1821 1805 1821 1822 1798 1832 1815 1813 1812 1829 1813 1829 1830 1806 1805 1822 1806 1822 1823 1799 1798 1815 1799 1815 1816 1814 1813 1830 1814 1830 1831 1807 1806 1823 1807 1823 1824 1800 1799 1816 1800 1816 1817 1884 1814 1831 1808 1807 1824 1808 1824 1825 1801 1800 1817 1801 1817 1818 1809 1808 1825 1809 1825 1826 1802 1801 1818 1802 1818 1819 1810 1809 1826 1810 1826 1827 1803 1802 1819 1803 1819 1820 1811 1810 1827 1811 1827 1828 1804 1803 1820 1804 1820 1821 1829 1828 1846 1829 1846 1847 1822 1821 1839 1822 1839 1840 1815 1832 1833 1830 1829 1847 1830 1847 1848 1823 1822 1840 1823 1840 1841 1816 1815 1833 1816 1833 1834 1831 1830 1848 1831 1848 1849 1824 1823 1841 1824 1841 1842 1817 1816 1834 1817 1834 1835 1884 1831 1849 1825 1824 1842 1825 1842 1843 1818 1817 1835 1818 1835 1836 1826 1825 1843 1826 1843 1844 1819 1818 1836 1819 1836 1837 1827 1826 1844 1827 1844 1845 1820 1819 1837 1820 1837 1838 1828 1827 1845 1828 1845 1846 1821 1820 1838 1821 1838 1839 1847 1846 1863 1847 1863 1864 1840 1839 1856 1840 1856 1857 1833 1832 1850 1848 1847 1864 1848 1864 1865 1841 1840 1857 1841 1857 1858 1834 1833 1850 1834 1850 1851 1849 1848 1865 1849 1865 1866 1842 1841 1858 1842 1858 1859 1835 1834 1851 1835 1851 1852 1884 1849 1866 1843 1842 1859 1843 1859 1860 1836 1835 1852 1836 1852 1853 1844 1843 1860 1844 1860 1861 1837 1836 1853 1837 1853 1854 1845 1844 1861 1845 1861 1862 1838 1837 1854 1838 1854 1855 1846 1845 1862 1846 1862 1863 1839 1838 1855 1839 1855 1856 1864 1863 1880 1864 1880 1881 1857 1856 1873 1857 1873 1874 1850 1832 1867 1865 1864 1881 1865 1881 1882 1858 1857 1874 1858 1874 1875 1851 1850 1867 1851 1867 1868 1866 1865 1882 1866 1882 1883 1859 1858 1875 1859 1875 1876 1852 1851 1868 1852 1868 1869 1884 1866 1883 1860 1859 1876 1860 1876 1877 1853 1852 1869 1853 1869 1870 1861 1860 1877 1861 1877 1878 1854 1853 1870 1854 1870 1871 1862 1861 1878 1862 1878 1879 1855 1854 1871 1855 1871 1872 1863 1862 1879 1863 1879 1880 1856 1855 1872 1856 1872 1873 1881 1880 1898 1881 1898 1899 1874 1873 1891 1874 1891 1892 1867 1832 1885 1882 1881 1899 1882 1899 1900 1875 1874 1892 1875 1892 1893 1868 1867 1885 1868 1885 1886 1883 1882 1900 1883 1900 1901 1876 1875 1893 1876 1893 1894 1869 1868 1886 1869 1886 1887 1884 1883 1901 1877 1876 1894 1877 1894 1895 1870 1869 1887 1870 1887 1888 1878 1877 1895 1878 1895 1896 1871 1870 1888 1871 1888 1889 1879 1878 1896 1879 1896 1897 1872 1871 1889 1872 1889 1890 1880 1879 1897 1880 1897 1898 1873 1872 1890 1873 1890 1891 1899 1898 1915 1899 1915 1916 1892 1891 1908 1892 1908 1909 1885 1832 1902 1900 1899 1916 1900 1916 1917 1893 1892 1909 1893 1909 1910 1886 1885 1902 1886 1902 1903 1901 1900 1917 1901 1917 1918 1894 1893 1910 1894 1910 1911 1887 1886 1903 1887 1903 1904 1884 1901 1918 1895 1894 1911 1895 1911 1912 1888 1887 1904 1888 1904 1905 1896 1895 1912 1896 1912 1913 1889 1888 1905 1889 1905 1906 1897 1896 1913 1897 1913 1914 1890 1889 1906 1890 1906 1907 1898 1897 1914 1898 1914 1915 1891 1890 1907 1891 1907 1908 1916 1915 1692 1916 1692 1693 1909 1908 1686 1909 1686 1919 1902 1832 1680 1917 1916 1693 1917 1693 1694 1910 1909 1919 1910 1919 1687 1903 1902 1680 1903 1680 1681 1918 1917 1694 1918 1694 1695 1911 1910 1687 1911 1687 1688 1904 1903 1681 1904 1681 1682 1884 1918 1695 1912 1911 1688 1912 1688 1689 1905 1904 1682 1905 1682 1683 1913 1912 1689 1913 1689 1690 1906 1905 1683 1906 1683 1684 1914 1913 1690 1914 1690 1691 1907 1906 1684 1907 1684 1685 1915 1914 1691 1915 1691 1692 1908 1907 1685 1908 1685 1686 1929 1928 1945 1929 1945 1946 1923 1922 1938 1923 1938 1939 1930 1929 1946 1930 1946 1947 1924 1923 1939 1924 1939 1940 1931 1930 1947 1931 1947 1948 1925 1924 1940 1925 1940 1941 1932 1931 1948 1932 1948 1949 1926 1925 1941 1926 1941 1942 1933 1932 1949 1933 1949 1950 2159 1926 1942 2159 1942 1943 1920 2072 1936 1934 1933 1950 1934 1950 1951 1927 2159 1943 1927 1943 1944 1921 1920 1936 1921 1936 1937 1935 1934 1951 1935 1951 1952 1928 1927 1944 1928 1944 1945 1922 1921 1937 1922 1937 1938 2124 1935 1952 1950 1949 1966 1950 1966 1967 1943 1942 1959 1943 1959 1960 1936 2072 1953 1951 1950 1967 1951 1967 1968 1944 1943 1960 1944 1960 1961 1937 1936 1953 1937 1953 1954 1952 1951 1968 1952 1968 1969 1945 1944 1961 1945 1961 1962 1938 1937 1954 1938 1954 1955 2124 1952 1969 1946 1945 1962 1946 1962 1963 1939 1938 1955 1939 1955 1956 1947 1946 1963 1947 1963 1964 1940 1939 1956 1940 1956 1957 1948 1947 1964 1948 1964 1965 1941 1940 1957 1941 1957 1958 1949 1948 1965 1949 1965 1966 1942 1941 1958 1942 1958 1959 1967 1966 1983 1967 1983 1984 1960 1959 1976 1960 1976 1977 1953 2072 1970 1968 1967 1984 1968 1984 1985 1961 1960 1977 1961 1977 1978 1954 1953 1970 1954 1970 1971 1969 1968 1985 1969 1985 1986 1962 1961 1978 1962 1978 1979 1955 1954 1971 1955 1971 1972 2124 1969 1986 1963 1962 1979 1963 1979 1980 1956 1955 1972 1956 1972 1973 1964 1963 1980 1964 1980 1981 1957 1956 1973 1957 1973 1974 1965 1964 1981 1965 1981 1982 1958 1957 1974 1958 1974 1975 1966 1965 1982 1966 1982 1983 1959 1958 1975 1959 1975 1976 1984 1983 2000 1984 2000 2001 1977 1976 1993 1977 1993 1994 1970 2072 1987 1985 1984 2001 1985 2001 2002 1978 1977 1994 1978 1994 1995 1971 1970 1987 1971 1987 1988 1986 1985 2002 1986 2002 2003 1979 1978 1995 1979 1995 1996 1972 1971 1988 1972 1988 1989 2124 1986 2003 1980 1979 1996 1980 1996 1997 1973 1972 1989 1973 1989 1990 1981 1980 1997 1981 1997 1998 1974 1973 1990 1974 1990 1991 1982 1981 1998 1982 1998 1999 1975 1974 1991 1975 1991 1992 1983 1982 1999 1983 1999 2000 1976 1975 1992 1976 1992 1993 2001 2000 2017 2001 2017 2018 1994 1993 2010 1994 2010 2011 1987 2072 2004 2002 2001 2018 2002 2018 2019 1995 1994 2011 1995 2011 2012 1988 1987 2004 1988 2004 2005 2003 2002 2019 2003 2019 2020 1996 1995 2012 1996 2012 2013 1989 1988 2005 1989 2005 2006 2124 2003 2020 1997 1996 2013 1997 2013 2014 1990 1989 2006 1990 2006 2007 1998 1997 2014 1998 2014 2015 1991 1990 2007 1991 2007 2008 1999 1998 2015 1999 2015 2016 1992 1991 2008 1992 2008 2009 2000 1999 2016 2000 2016 2017 1993 1992 2009 1993 2009 2010 2018 2017 2034 2018 2034 2035 2011 2010 2027 2011 2027 2028 2004 2072 2021 2019 2018 2035 2019 2035 2036 2012 2011 2028 2012 2028 2029 2005 2004 2021 2005 2021 2022 2020 2019 2036 2020 2036 2037 2013 2012 2029 2013 2029 2030 2006 2005 2022 2006 2022 2023 2124 2020 2037 2014 2013 2030 2014 2030 2031 2007 2006 2023 2007 2023 2024 2015 2014 2031 2015 2031 2032 2008 2007 2024 2008 2024 2025 2016 2015 2032 2016 2032 2033 2009 2008 2025 2009 2025 2026 2017 2016 2033 2017 2033 2034 2010 2009 2026 2010 2026 2027 2035 2034 2051 2035 2051 2052 2028 2027 2044 2028 2044 2045 2021 2072 2038 2036 2035 2052 2036 2052 2053 2029 2028 2045 2029 2045 2046 2022 2021 2038 2022 2038 2039 2037 2036 2053 2037 2053 2054 2030 2029 2046 2030 2046 2047 2023 2022 2039 2023 2039 2040 2124 2037 2054 2031 2030 2047 2031 2047 2048 2024 2023 2040 2024 2040 2041 2032 2031 2048 2032 2048 2049 2025 2024 2041 2025 2041 2042 2033 2032 2049 2033 2049 2050 2026 2025 2042 2026 2042 2043 2034 2033 2050 2034 2050 2051 2027 2026 2043 2027 2043 2044 2052 2051 2068 2052 2068 2069 2045 2044 2061 2045 2061 2062 2038 2072 2055 2053 2052 2069 2053 2069 2070 2046 2045 2062 2046 2062 2063 2039 2038 2055 2039 2055 2056 2054 2053 2070 2054 2070 2071 2047 2046 2063 2047 2063 2064 2040 2039 2056 2040 2056 2057 2124 2054 2071 2048 2047 2064 2048 2064 2065 2041 2040 2057 2041 2057 2058 2049 2048 2065 2049 2065 2066 2042 2041 2058 2042 2058 2059 2050 2049 2066 2050 2066 2067 2043 2042 2059 2043 2059 2060 2051 2050 2067 2051 2067 2068 2044 2043 2060 2044 2060 2061 2069 2068 2086 2069 2086 2087 2062 2061 2079 2062 2079 2080 2055 2072 2073 2070 2069 2087 2070 2087 2088 2063 2062 2080 2063 2080 2081 2056 2055 2073 2056 2073 2074 2071 2070 2088 2071 2088 2089 2064 2063 2081 2064 2081 2082 2057 2056 2074 2057 2074 2075 2124 2071 2089 2065 2064 2082 2065 2082 2083 2058 2057 2075 2058 2075 2076 2066 2065 2083 2066 2083 2084 2059 2058 2076 2059 2076 2077 2067 2066 2084 2067 2084 2085 2060 2059 2077 2060 2077 2078 2068 2067 2085 2068 2085 2086 2061 2060 2078 2061 2078 2079 2087 2086 2103 2087 2103 2104 2080 2079 2096 2080 2096 2097 2073 2072 2090 2088 2087 2104 2088 2104 2105 2081 2080 2097 2081 2097 2098 2074 2073 2090 2074 2090 2091 2089 2088 2105 2089 2105 2106 2082 2081 2098 2082 2098 2099 2075 2074 2091 2075 2091 2092 2124 2089 2106 2083 2082 2099 2083 2099 2100 2076 2075 2092 2076 2092 2093 2084 2083 2100 2084 2100 2101 2077 2076 2093 2077 2093 2094 2085 2084 2101 2085 2101 2102 2078 2077 2094 2078 2094 2095 2086 2085 2102 2086 2102 2103 2079 2078 2095 2079 2095 2096 2104 2103 2120 2104 2120 2121 2097 2096 2113 2097 2113 2114 2090 2072 2107 2105 2104 2121 2105 2121 2122 2098 2097 2114 2098 2114 2115 2091 2090 2107 2091 2107 2108 2106 2105 2122 2106 2122 2123 2099 2098 2115 2099 2115 2116 2092 2091 2108 2092 2108 2109 2124 2106 2123 2100 2099 2116 2100 2116 2117 2093 2092 2109 2093 2109 2110 2101 2100 2117 2101 2117 2118 2094 2093 2110 2094 2110 2111 2102 2101 2118 2102 2118 2119 2095 2094 2111 2095 2111 2112 2103 2102 2119 2103 2119 2120 2096 2095 2112 2096 2112 2113 2121 2120 2138 2121 2138 2139 2114 2113 2131 2114 2131 2132 2107 2072 2125 2122 2121 2139 2122 2139 2140 2115 2114 2132 2115 2132 2133 2108 2107 2125 2108 2125 2126 2123 2122 2140 2123 2140 2141 2116 2115 2133 2116 2133 2134 2109 2108 2126 2109 2126 2127 2124 2123 2141 2117 2116 2134 2117 2134 2135 2110 2109 2127 2110 2127 2128 2118 2117 2135 2118 2135 2136 2111 2110 2128 2111 2128 2129 2119 2118 2136 2119 2136 2137 2112 2111 2129 2112 2129 2130 2120 2119 2137 2120 2137 2138 2113 2112 2130 2113 2130 2131 2139 2138 2155 2139 2155 2156 2132 2131 2148 2132 2148 2149 2125 2072 2142 2140 2139 2156 2140 2156 2157 2133 2132 2149 2133 2149 2150 2126 2125 2142 2126 2142 2143 2141 2140 2157 2141 2157 2158 2134 2133 2150 2134 2150 2151 2127 2126 2143 2127 2143 2144 2124 2141 2158 2135 2134 2151 2135 2151 2152 2128 2127 2144 2128 2144 2145 2136 2135 2152 2136 2152 2153 2129 2128 2145 2129 2145 2146 2137 2136 2153 2137 2153 2154 2130 2129 2146 2130 2146 2147 2138 2137 2154 2138 2154 2155 2131 2130 2147 2131 2147 2148 2156 2155 1932 2156 1932 1933 2149 2148 1926 2149 1926 2159 2142 2072 1920 2157 2156 1933 2157 1933 1934 2150 2149 2159 2150 2159 1927 2143 2142 1920 2143 1920 1921 2158 2157 1934 2158 1934 1935 2151 2150 1927 2151 1927 1928 2144 2143 1921 2144 1921 1922 2124 2158 1935 2152 2151 1928 2152 1928 1929 2145 2144 1922 2145 1922 1923 2153 2152 1929 2153 1929 1930 2146 2145 1923 2146 1923 1924 2154 2153 1930 2154 1930 1931 2147 2146 1924 2147 1924 1925 2155 2154 1931 2155 1931 1932 2148 2147 1925 2148 1925 1926 2169 2168 2185 2169 2185 2186 2163 2162 2178 2163 2178 2179 2170 2169 2186 2170 2186 2187 2164 2163 2179 2164 2179 2180 2171 2170 2187 2171 2187 2188 2165 2164 2180 2165 2180 2181 2172 2171 2188 2172 2188 2189 2166 2165 2181 2166 2181 2182 2173 2172 2189 2173 2189 2190 2399 2166 2182 2399 2182 2183 2160 2312 2176 2174 2173 2190 2174 2190 2191 2167 2399 2183 2167 2183 2184 2161 2160 2176 2161 2176 2177 2175 2174 2191 2175 2191 2192 2168 2167 2184 2168 2184 2185 2162 2161 2177 2162 2177 2178 2364 2175 2192 2190 2189 2206 2190 2206 2207 2183 2182 2199 2183 2199 2200 2176 2312 2193 2191 2190 2207 2191 2207 2208 2184 2183 2200 2184 2200 2201 2177 2176 2193 2177 2193 2194 2192 2191 2208 2192 2208 2209 2185 2184 2201 2185 2201 2202 2178 2177 2194 2178 2194 2195 2364 2192 2209 2186 2185 2202 2186 2202 2203 2179 2178 2195 2179 2195 2196 2187 2186 2203 2187 2203 2204 2180 2179 2196 2180 2196 2197 2188 2187 2204 2188 2204 2205 2181 2180 2197 2181 2197 2198 2189 2188 2205 2189 2205 2206 2182 2181 2198 2182 2198 2199 2207 2206 2223 2207 2223 2224 2200 2199 2216 2200 2216 2217 2193 2312 2210 2208 2207 2224 2208 2224 2225 2201 2200 2217 2201 2217 2218 2194 2193 2210 2194 2210 2211 2209 2208 2225 2209 2225 2226 2202 2201 2218 2202 2218 2219 2195 2194 2211 2195 2211 2212 2364 2209 2226 2203 2202 2219 2203 2219 2220 2196 2195 2212 2196 2212 2213 2204 2203 2220 2204 2220 2221 2197 2196 2213 2197 2213 2214 2205 2204 2221 2205 2221 2222 2198 2197 2214 2198 2214 2215 2206 2205 2222 2206 2222 2223 2199 2198 2215 2199 2215 2216 2224 2223 2240 2224 2240 2241 2217 2216 2233 2217 2233 2234 2210 2312 2227 2225 2224 2241 2225 2241 2242 2218 2217 2234 2218 2234 2235 2211 2210 2227 2211 2227 2228 2226 2225 2242 2226 2242 2243 2219 2218 2235 2219 2235 2236 2212 2211 2228 2212 2228 2229 2364 2226 2243 2220 2219 2236 2220 2236 2237 2213 2212 2229 2213 2229 2230 2221 2220 2237 2221 2237 2238 2214 2213 2230 2214 2230 2231 2222 2221 2238 2222 2238 2239 2215 2214 2231 2215 2231 2232 2223 2222 2239 2223 2239 2240 2216 2215 2232 2216 2232 2233 2241 2240 2257 2241 2257 2258 2234 2233 2250 2234 2250 2251 2227 2312 2244 2242 2241 2258 2242 2258 2259 2235 2234 2251 2235 2251 2252 2228 2227 2244 2228 2244 2245 2243 2242 2259 2243 2259 2260 2236 2235 2252 2236 2252 2253 2229 2228 2245 2229 2245 2246 2364 2243 2260 2237 2236 2253 2237 2253 2254 2230 2229 2246 2230 2246 2247 2238 2237 2254 2238 2254 2255 2231 2230 2247 2231 2247 2248 2239 2238 2255 2239 2255 2256 2232 2231 2248 2232 2248 2249 2240 2239 2256 2240 2256 2257 2233 2232 2249 2233 2249 2250 2258 2257 2274 2258 2274 2275 2251 2250 2267 2251 2267 2268 2244 2312 2261 2259 2258 2275 2259 2275 2276 2252 2251 2268 2252 2268 2269 2245 2244 2261 2245 2261 2262 2260 2259 2276 2260 2276 2277 2253 2252 2269 2253 2269 2270 2246 2245 2262 2246 2262 2263 2364 2260 2277 2254 2253 2270 2254 2270 2271 2247 2246 2263 2247 2263 2264 2255 2254 2271 2255 2271 2272 2248 2247 2264 2248 2264 2265 2256 2255 2272 2256 2272 2273 2249 2248 2265 2249 2265 2266 2257 2256 2273 2257 2273 2274 2250 2249 2266 2250 2266 2267 2275 2274 2291 2275 2291 2292 2268 2267 2284 2268 2284 2285 2261 2312 2278 2276 2275 2292 2276 2292 2293 2269 2268 2285 2269 2285 2286 2262 2261 2278 2262 2278 2279 2277 2276 2293 2277 2293 2294 2270 2269 2286 2270 2286 2287 2263 2262 2279 2263 2279 2280 2364 2277 2294 2271 2270 2287 2271 2287 2288 2264 2263 2280 2264 2280 2281 2272 2271 2288 2272 2288 2289 2265 2264 2281 2265 2281 2282 2273 2272 2289 2273 2289 2290 2266 2265 2282 2266 2282 2283 2274 2273 2290 2274 2290 2291 2267 2266 2283 2267 2283 2284 2292 2291 2308 2292 2308 2309 2285 2284 2301 2285 2301 2302 2278 2312 2295 2293 2292 2309 2293 2309 2310 2286 2285 2302 2286 2302 2303 2279 2278 2295 2279 2295 2296 2294 2293 2310 2294 2310 2311 2287 2286 2303 2287 2303 2304 2280 2279 2296 2280 2296 2297 2364 2294 2311 2288 2287 2304 2288 2304 2305 2281 2280 2297 2281 2297 2298 2289 2288 2305 2289 2305 2306 2282 2281 2298 2282 2298 2299 2290 2289 2306 2290 2306 2307 2283 2282 2299 2283 2299 2300 2291 2290 2307 2291 2307 2308 2284 2283 2300 2284 2300 2301 2309 2308 2326 2309 2326 2327 2302 2301 2319 2302 2319 2320 2295 2312 2313 2310 2309 2327 2310 2327 2328 2303 2302 2320 2303 2320 2321 2296 2295 2313 2296 2313 2314 2311 2310 2328 2311 2328 2329 2304 2303 2321 2304 2321 2322 2297 2296 2314 2297 2314 2315 2364 2311 2329 2305 2304 2322 2305 2322 2323 2298 2297 2315 2298 2315 2316 2306 2305 2323 2306 2323 2324 2299 2298 2316 2299 2316 2317 2307 2306 2324 2307 2324 2325 2300 2299 2317 2300 2317 2318 2308 2307 2325 2308 2325 2326 2301 2300 2318 2301 2318 2319 2327 2326 2343 2327 2343 2344 2320 2319 2336 2320 2336 2337 2313 2312 2330 2328 2327 2344 2328 2344 2345 2321 2320 2337 2321 2337 2338 2314 2313 2330 2314 2330 2331 2329 2328 2345 2329 2345 2346 2322 2321 2338 2322 2338 2339 2315 2314 2331 2315 2331 2332 2364 2329 2346 2323 2322 2339 2323 2339 2340 2316 2315 2332 2316 2332 2333 2324 2323 2340 2324 2340 2341 2317 2316 2333 2317 2333 2334 2325 2324 2341 2325 2341 2342 2318 2317 2334 2318 2334 2335 2326 2325 2342 2326 2342 2343 2319 2318 2335 2319 2335 2336 2344 2343 2360 2344 2360 2361 2337 2336 2353 2337 2353 2354 2330 2312 2347 2345 2344 2361 2345 2361 2362 2338 2337 2354 2338 2354 2355 2331 2330 2347 2331 2347 2348 2346 2345 2362 2346 2362 2363 2339 2338 2355 2339 2355 2356 2332 2331 2348 2332 2348 2349 2364 2346 2363 2340 2339 2356 2340 2356 2357 2333 2332 2349 2333 2349 2350 2341 2340 2357 2341 2357 2358 2334 2333 2350 2334 2350 2351 2342 2341 2358 2342 2358 2359 2335 2334 2351 2335 2351 2352 2343 2342 2359 2343 2359 2360 2336 2335 2352 2336 2352 2353 2361 2360 2378 2361 2378 2379 2354 2353 2371 2354 2371 2372 2347 2312 2365 2362 2361 2379 2362 2379 2380 2355 2354 2372 2355 2372 2373 2348 2347 2365 2348 2365 2366 2363 2362 2380 2363 2380 2381 2356 2355 2373 2356 2373 2374 2349 2348 2366 2349 2366 2367 2364 2363 2381 2357 2356 2374 2357 2374 2375 2350 2349 2367 2350 2367 2368 2358 2357 2375 2358 2375 2376 2351 2350 2368 2351 2368 2369 2359 2358 2376 2359 2376 2377 2352 2351 2369 2352 2369 2370 2360 2359 2377 2360 2377 2378 2353 2352 2370 2353 2370 2371 2379 2378 2395 2379 2395 2396 2372 2371 2388 2372 2388 2389 2365 2312 2382 2380 2379 2396 2380 2396 2397 2373 2372 2389 2373 2389 2390 2366 2365 2382 2366 2382 2383 2381 2380 2397 2381 2397 2398 2374 2373 2390 2374 2390 2391 2367 2366 2383 2367 2383 2384 2364 2381 2398 2375 2374 2391 2375 2391 2392 2368 2367 2384 2368 2384 2385 2376 2375 2392 2376 2392 2393 2369 2368 2385 2369 2385 2386 2377 2376 2393 2377 2393 2394 2370 2369 2386 2370 2386 2387 2378 2377 2394 2378 2394 2395 2371 2370 2387 2371 2387 2388 2396 2395 2172 2396 2172 2173 2389 2388 2166 2389 2166 2399 2382 2312 2160 2397 2396 2173 2397 2173 2174 2390 2389 2399 2390 2399 2167 2383 2382 2160 2383 2160 2161 2398 2397 2174 2398 2174 2175 2391 2390 2167 2391 2167 2168 2384 2383 2161 2384 2161 2162 2364 2398 2175 2392 2391 2168 2392 2168 2169 2385 2384 2162 2385 2162 2163 2393 2392 2169 2393 2169 2170 2386 2385 2163 2386 2163 2164 2394 2393 2170 2394 2170 2171 2387 2386 2164 2387 2164 2165 2395 2394 2171 2395 2171 2172 2388 2387 2165 2388 2165 2166 2409 2408 2425 2409 2425 2426 2403 2402 2418 2403 2418 2419 2410 2409 2426 2410 2426 2427 2404 2403 2419 2404 2419 2420 2411 2410 2427 2411 2427 2428 2405 2404 2420 2405 2420 2421 2412 2411 2428 2412 2428 2429 2406 2405 2421 2406 2421 2422 2413 2412 2429 2413 2429 2430 2639 2406 2422 2639 2422 2423 2400 2552 2416 2414 2413 2430 2414 2430 2431 2407 2639 2423 2407 2423 2424 2401 2400 2416 2401 2416 2417 2415 2414 2431 2415 2431 2432 2408 2407 2424 2408 2424 2425 2402 2401 2417 2402 2417 2418 2604 2415 2432 2430 2429 2446 2430 2446 2447 2423 2422 2439 2423 2439 2440 2416 2552 2433 2431 2430 2447 2431 2447 2448 2424 2423 2440 2424 2440 2441 2417 2416 2433 2417 2433 2434 2432 2431 2448 2432 2448 2449 2425 2424 2441 2425 2441 2442 2418 2417 2434 2418 2434 2435 2604 2432 2449 2426 2425 2442 2426 2442 2443 2419 2418 2435 2419 2435 2436 2427 2426 2443 2427 2443 2444 2420 2419 2436 2420 2436 2437 2428 2427 2444 2428 2444 2445 2421 2420 2437 2421 2437 2438 2429 2428 2445 2429 2445 2446 2422 2421 2438 2422 2438 2439 2447 2446 2463 2447 2463 2464 2440 2439 2456 2440 2456 2457 2433 2552 2450 2448 2447 2464 2448 2464 2465 2441 2440 2457 2441 2457 2458 2434 2433 2450 2434 2450 2451 2449 2448 2465 2449 2465 2466 2442 2441 2458 2442 2458 2459 2435 2434 2451 2435 2451 2452 2604 2449 2466 2443 2442 2459 2443 2459 2460 2436 2435 2452 2436 2452 2453 2444 2443 2460 2444 2460 2461 2437 2436 2453 2437 2453 2454 2445 2444 2461 2445 2461 2462 2438 2437 2454 2438 2454 2455 2446 2445 2462 2446 2462 2463 2439 2438 2455 2439 2455 2456 2464 2463 2480 2464 2480 2481 2457 2456 2473 2457 2473 2474 2450 2552 2467 2465 2464 2481 2465 2481 2482 2458 2457 2474 2458 2474 2475 2451 2450 2467 2451 2467 2468 2466 2465 2482 2466 2482 2483 2459 2458 2475 2459 2475 2476 2452 2451 2468 2452 2468 2469 2604 2466 2483 2460 2459 2476 2460 2476 2477 2453 2452 2469 2453 2469 2470 2461 2460 2477 2461 2477 2478 2454 2453 2470 2454 2470 2471 2462 2461 2478 2462 2478 2479 2455 2454 2471 2455 2471 2472 2463 2462 2479 2463 2479 2480 2456 2455 2472 2456 2472 2473 2481 2480 2497 2481 2497 2498 2474 2473 2490 2474 2490 2491 2467 2552 2484 2482 2481 2498 2482 2498 2499 2475 2474 2491 2475 2491 2492 2468 2467 2484 2468 2484 2485 2483 2482 2499 2483 2499 2500 2476 2475 2492 2476 2492 2493 2469 2468 2485 2469 2485 2486 2604 2483 2500 2477 2476 2493 2477 2493 2494 2470 2469 2486 2470 2486 2487 2478 2477 2494 2478 2494 2495 2471 2470 2487 2471 2487 2488 2479 2478 2495 2479 2495 2496 2472 2471 2488 2472 2488 2489 2480 2479 2496 2480 2496 2497 2473 2472 2489 2473 2489 2490 2498 2497 2514 2498 2514 2515 2491 2490 2507 2491 2507 2508 2484 2552 2501 2499 2498 2515 2499 2515 2516 2492 2491 2508 2492 2508 2509 2485 2484 2501 2485 2501 2502 2500 2499 2516 2500 2516 2517 2493 2492 2509 2493 2509 2510 2486 2485 2502 2486 2502 2503 2604 2500 2517 2494 2493 2510 2494 2510 2511 2487 2486 2503 2487 2503 2504 2495 2494 2511 2495 2511 2512 2488 2487 2504 2488 2504 2505 2496 2495 2512 2496 2512 2513 2489 2488 2505 2489 2505 2506 2497 2496 2513 2497 2513 2514 2490 2489 2506 2490 2506 2507 2515 2514 2531 2515 2531 2532 2508 2507 2524 2508 2524 2525 2501 2552 2518 2516 2515 2532 2516 2532 2533 2509 2508 2525 2509 2525 2526 2502 2501 2518 2502 2518 2519 2517 2516 2533 2517 2533 2534 2510 2509 2526 2510 2526 2527 2503 2502 2519 2503 2519 2520 2604 2517 2534 2511 2510 2527 2511 2527 2528 2504 2503 2520 2504 2520 2521 2512 2511 2528 2512 2528 2529 2505 2504 2521 2505 2521 2522 2513 2512 2529 2513 2529 2530 2506 2505 2522 2506 2522 2523 2514 2513 2530 2514 2530 2531 2507 2506 2523 2507 2523 2524 2532 2531 2548 2532 2548 2549 2525 2524 2541 2525 2541 2542 2518 2552 2535 2533 2532 2549 2533 2549 2550 2526 2525 2542 2526 2542 2543 2519 2518 2535 2519 2535 2536 2534 2533 2550 2534 2550 2551 2527 2526 2543 2527 2543 2544 2520 2519 2536 2520 2536 2537 2604 2534 2551 2528 2527 2544 2528 2544 2545 2521 2520 2537 2521 2537 2538 2529 2528 2545 2529 2545 2546 2522 2521 2538 2522 2538 2539 2530 2529 2546 2530 2546 2547 2523 2522 2539 2523 2539 2540 2531 2530 2547 2531 2547 2548 2524 2523 2540 2524 2540 2541 2549 2548 2566 2549 2566 2567 2542 2541 2559 2542 2559 2560 2535 2552 2553 2550 2549 2567 2550 2567 2568 2543 2542 2560 2543 2560 2561 2536 2535 2553 2536 2553 2554 2551 2550 2568 2551 2568 2569 2544 2543 2561 2544 2561 2562 2537 2536 2554 2537 2554 2555 2604 2551 2569 2545 2544 2562 2545 2562 2563 2538 2537 2555 2538 2555 2556 2546 2545 2563 2546 2563 2564 2539 2538 2556 2539 2556 2557 2547 2546 2564 2547 2564 2565 2540 2539 2557 2540 2557 2558 2548 2547 2565 2548 2565 2566 2541 2540 2558 2541 2558 2559 2567 2566 2583 2567 2583 2584 2560 2559 2576 2560 2576 2577 2553 2552 2570 2568 2567 2584 2568 2584 2585 2561 2560 2577 2561 2577 2578 2554 2553 2570 2554 2570 2571 2569 2568 2585 2569 2585 2586 2562 2561 2578 2562 2578 2579 2555 2554 2571 2555 2571 2572 2604 2569 2586 2563 2562 2579 2563 2579 2580 2556 2555 2572 2556 2572 2573 2564 2563 2580 2564 2580 2581 2557 2556 2573 2557 2573 2574 2565 2564 2581 2565 2581 2582 2558 2557 2574 2558 2574 2575 2566 2565 2582 2566 2582 2583 2559 2558 2575 2559 2575 2576 2584 2583 2600 2584 2600 2601 2577 2576 2593 2577 2593 2594 2570 2552 2587 2585 2584 2601 2585 2601 2602 2578 2577 2594 2578 2594 2595 2571 2570 2587 2571 2587 2588 2586 2585 2602 2586 2602 2603 2579 2578 2595 2579 2595 2596 2572 2571 2588 2572 2588 2589 2604 2586 2603 2580 2579 2596 2580 2596 2597 2573 2572 2589 2573 2589 2590 2581 2580 2597 2581 2597 2598 2574 2573 2590 2574 2590 2591 2582 2581 2598 2582 2598 2599 2575 2574 2591 2575 2591 2592 2583 2582 2599 2583 2599 2600 2576 2575 2592 2576 2592 2593 2601 2600 2618 2601 2618 2619 2594 2593 2611 2594 2611 2612 2587 2552 2605 2602 2601 2619 2602 2619 2620 2595 2594 2612 2595 2612 2613 2588 2587 2605 2588 2605 2606 2603 2602 2620 2603 2620 2621 2596 2595 2613 2596 2613 2614 2589 2588 2606 2589 2606 2607 2604 2603 2621 2597 2596 2614 2597 2614 2615 2590 2589 2607 2590 2607 2608 2598 2597 2615 2598 2615 2616 2591 2590 2608 2591 2608 2609 2599 2598 2616 2599 2616 2617 2592 2591 2609 2592 2609 2610 2600 2599 2617 2600 2617 2618 2593 2592 2610 2593 2610 2611 2619 2618 2635 2619 2635 2636 2612 2611 2628 2612 2628 2629 2605 2552 2622 2620 2619 2636 2620 2636 2637 2613 2612 2629 2613 2629 2630 2606 2605 2622 2606 2622 2623 2621 2620 2637 2621 2637 2638 2614 2613 2630 2614 2630 2631 2607 2606 2623 2607 2623 2624 2604 2621 2638 2615 2614 2631 2615 2631 2632 2608 2607 2624 2608 2624 2625 2616 2615 2632 2616 2632 2633 2609 2608 2625 2609 2625 2626 2617 2616 2633 2617 2633 2634 2610 2609 2626 2610 2626 2627 2618 2617 2634 2618 2634 2635 2611 2610 2627 2611 2627 2628 2636 2635 2412 2636 2412 2413 2629 2628 2406 2629 2406 2639 2622 2552 2400 2637 2636 2413 2637 2413 2414 2630 2629 2639 2630 2639 2407 2623 2622 2400 2623 2400 2401 2638 2637 2414 2638 2414 2415 2631 2630 2407 2631 2407 2408 2624 2623 2401 2624 2401 2402 2604 2638 2415 2632 2631 2408 2632 2408 2409 2625 2624 2402 2625 2402 2403 2633 2632 2409 2633 2409 2410 2626 2625 2403 2626 2403 2404 2634 2633 2410 2634 2410 2411 2627 2626 2404 2627 2404 2405 2635 2634 2411 2635 2411 2412 2628 2627 2405 2628 2405 2406 2649 2648 2665 2649 2665 2666 2643 2642 2658 2643 2658 2659 2650 2649 2666 2650 2666 2667 2644 2643 2659 2644 2659 2660 2651 2650 2667 2651 2667 2668 2645 2644 2660 2645 2660 2661 2652 2651 2668 2652 2668 2669 2646 2645 2661 2646 2661 2662 2653 2652 2669 2653 2669 2670 2879 2646 2662 2879 2662 2663 2640 2792 2656 2654 2653 2670 2654 2670 2671 2647 2879 2663 2647 2663 2664 2641 2640 2656 2641 2656 2657 2655 2654 2671 2655 2671 2672 2648 2647 2664 2648 2664 2665 2642 2641 2657 2642 2657 2658 2844 2655 2672 2670 2669 2686 2670 2686 2687 2663 2662 2679 2663 2679 2680 2656 2792 2673 2671 2670 2687 2671 2687 2688 2664 2663 2680 2664 2680 2681 2657 2656 2673 2657 2673 2674 2672 2671 2688 2672 2688 2689 2665 2664 2681 2665 2681 2682 2658 2657 2674 2658 2674 2675 2844 2672 2689 2666 2665 2682 2666 2682 2683 2659 2658 2675 2659 2675 2676 2667 2666 2683 2667 2683 2684 2660 2659 2676 2660 2676 2677 2668 2667 2684 2668 2684 2685 2661 2660 2677 2661 2677 2678 2669 2668 2685 2669 2685 2686 2662 2661 2678 2662 2678 2679 2687 2686 2703 2687 2703 2704 2680 2679 2696 2680 2696 2697 2673 2792 2690 2688 2687 2704 2688 2704 2705 2681 2680 2697 2681 2697 2698 2674 2673 2690 2674 2690 2691 2689 2688 2705 2689 2705 2706 2682 2681 2698 2682 2698 2699 2675 2674 2691 2675 2691 2692 2844 2689 2706 2683 2682 2699 2683 2699 2700 2676 2675 2692 2676 2692 2693 2684 2683 2700 2684 2700 2701 2677 2676 2693 2677 2693 2694 2685 2684 2701 2685 2701 2702 2678 2677 2694 2678 2694 2695 2686 2685 2702 2686 2702 2703 2679 2678 2695 2679 2695 2696 2704 2703 2720 2704 2720 2721 2697 2696 2713 2697 2713 2714 2690 2792 2707 2705 2704 2721 2705 2721 2722 2698 2697 2714 2698 2714 2715 2691 2690 2707 2691 2707 2708 2706 2705 2722 2706 2722 2723 2699 2698 2715 2699 2715 2716 2692 2691 2708 2692 2708 2709 2844 2706 2723 2700 2699 2716 2700 2716 2717 2693 2692 2709 2693 2709 2710 2701 2700 2717 2701 2717 2718 2694 2693 2710 2694 2710 2711 2702 2701 2718 2702 2718 2719 2695 2694 2711 2695 2711 2712 2703 2702 2719 2703 2719 2720 2696 2695 2712 2696 2712 2713 2721 2720 2737 2721 2737 2738 2714 2713 2730 2714 2730 2731 2707 2792 2724 2722 2721 2738 2722 2738 2739 2715 2714 2731 2715 2731 2732 2708 2707 2724 2708 2724 2725 2723 2722 2739 2723 2739 2740 2716 2715 2732 2716 2732 2733 2709 2708 2725 2709 2725 2726 2844 2723 2740 2717 2716 2733 2717 2733 2734 2710 2709 2726 2710 2726 2727 2718 2717 2734 2718 2734 2735 2711 2710 2727 2711 2727 2728 2719 2718 2735 2719 2735 2736 2712 2711 2728 2712 2728 2729 2720 2719 2736 2720 2736 2737 2713 2712 2729 2713 2729 2730 2738 2737 2754 2738 2754 2755 2731 2730 2747 2731 2747 2748 2724 2792 2741 2739 2738 2755 2739 2755 2756 2732 2731 2748 2732 2748 2749 2725 2724 2741 2725 2741 2742 2740 2739 2756 2740 2756 2757 2733 2732 2749 2733 2749 2750 2726 2725 2742 2726 2742 2743 2844 2740 2757 2734 2733 2750 2734 2750 2751 2727 2726 2743 2727 2743 2744 2735 2734 2751 2735 2751 2752 2728 2727 2744 2728 2744 2745 2736 2735 2752 2736 2752 2753 2729 2728 2745 2729 2745 2746 2737 2736 2753 2737 2753 2754 2730 2729 2746 2730 2746 2747 2755 2754 2771 2755 2771 2772 2748 2747 2764 2748 2764 2765 2741 2792 2758 2756 2755 2772 2756 2772 2773 2749 2748 2765 2749 2765 2766 2742 2741 2758 2742 2758 2759 2757 2756 2773 2757 2773 2774 2750 2749 2766 2750 2766 2767 2743 2742 2759 2743 2759 2760 2844 2757 2774 2751 2750 2767 2751 2767 2768 2744 2743 2760 2744 2760 2761 2752 2751 2768 2752 2768 2769 2745 2744 2761 2745 2761 2762 2753 2752 2769 2753 2769 2770 2746 2745 2762 2746 2762 2763 2754 2753 2770 2754 2770 2771 2747 2746 2763 2747 2763 2764 2772 2771 2788 2772 2788 2789 2765 2764 2781 2765 2781 2782 2758 2792 2775 2773 2772 2789 2773 2789 2790 2766 2765 2782 2766 2782 2783 2759 2758 2775 2759 2775 2776 2774 2773 2790 2774 2790 2791 2767 2766 2783 2767 2783 2784 2760 2759 2776 2760 2776 2777 2844 2774 2791 2768 2767 2784 2768 2784 2785 2761 2760 2777 2761 2777 2778 2769 2768 2785 2769 2785 2786 2762 2761 2778 2762 2778 2779 2770 2769 2786 2770 2786 2787 2763 2762 2779 2763 2779 2780 2771 2770 2787 2771 2787 2788 2764 2763 2780 2764 2780 2781 2789 2788 2806 2789 2806 2807 2782 2781 2799 2782 2799 2800 2775 2792 2793 2790 2789 2807 2790 2807 2808 2783 2782 2800 2783 2800 2801 2776 2775 2793 2776 2793 2794 2791 2790 2808 2791 2808 2809 2784 2783 2801 2784 2801 2802 2777 2776 2794 2777 2794 2795 2844 2791 2809 2785 2784 2802 2785 2802 2803 2778 2777 2795 2778 2795 2796 2786 2785 2803 2786 2803 2804 2779 2778 2796 2779 2796 2797 2787 2786 2804 2787 2804 2805 2780 2779 2797 2780 2797 2798 2788 2787 2805 2788 2805 2806 2781 2780 2798 2781 2798 2799 2807 2806 2823 2807 2823 2824 2800 2799 2816 2800 2816 2817 2793 2792 2810 2808 2807 2824 2808 2824 2825 2801 2800 2817 2801 2817 2818 2794 2793 2810 2794 2810 2811 2809 2808 2825 2809 2825 2826 2802 2801 2818 2802 2818 2819 2795 2794 2811 2795 2811 2812 2844 2809 2826 2803 2802 2819 2803 2819 2820 2796 2795 2812 2796 2812 2813 2804 2803 2820 2804 2820 2821 2797 2796 2813 2797 2813 2814 2805 2804 2821 2805 2821 2822 2798 2797 2814 2798 2814 2815 2806 2805 2822 2806 2822 2823 2799 2798 2815 2799 2815 2816 2824 2823 2840 2824 2840 2841 2817 2816 2833 2817 2833 2834 2810 2792 2827 2825 2824 2841 2825 2841 2842 2818 2817 2834 2818 2834 2835 2811 2810 2827 2811 2827 2828 2826 2825 2842 2826 2842 2843 2819 2818 2835 2819 2835 2836 2812 2811 2828 2812 2828 2829 2844 2826 2843 2820 2819 2836 2820 2836 2837 2813 2812 2829 2813 2829 2830 2821 2820 2837 2821 2837 2838 2814 2813 2830 2814 2830 2831 2822 2821 2838 2822 2838 2839 2815 2814 2831 2815 2831 2832 2823 2822 2839 2823 2839 2840 2816 2815 2832 2816 2832 2833 2841 2840 2858 2841 2858 2859 2834 2833 2851 2834 2851 2852 2827 2792 2845 2842 2841 2859 2842 2859 2860 2835 2834 2852 2835 2852 2853 2828 2827 2845 2828 2845 2846 2843 2842 2860 2843 2860 2861 2836 2835 2853 2836 2853 2854 2829 2828 2846 2829 2846 2847 2844 2843 2861 2837 2836 2854 2837 2854 2855 2830 2829 2847 2830 2847 2848 2838 2837 2855 2838 2855 2856 2831 2830 2848 2831 2848 2849 2839 2838 2856 2839 2856 2857 2832 2831 2849 2832 2849 2850 2840 2839 2857 2840 2857 2858 2833 2832 2850 2833 2850 2851 2859 2858 2875 2859 2875 2876 2852 2851 2868 2852 2868 2869 2845 2792 2862 2860 2859 2876 2860 2876 2877 2853 2852 2869 2853 2869 2870 2846 2845 2862 2846 2862 2863 2861 2860 2877 2861 2877 2878 2854 2853 2870 2854 2870 2871 2847 2846 2863 2847 2863 2864 2844 2861 2878 2855 2854 2871 2855 2871 2872 2848 2847 2864 2848 2864 2865 2856 2855 2872 2856 2872 2873 2849 2848 2865 2849 2865 2866 2857 2856 2873 2857 2873 2874 2850 2849 2866 2850 2866 2867 2858 2857 2874 2858 2874 2875 2851 2850 2867 2851 2867 2868 2876 2875 2652 2876 2652 2653 2869 2868 2646 2869 2646 2879 2862 2792 2640 2877 2876 2653 2877 2653 2654 2870 2869 2879 2870 2879 2647 2863 2862 2640 2863 2640 2641 2878 2877 2654 2878 2654 2655 2871 2870 2647 2871 2647 2648 2864 2863 2641 2864 2641 2642 2844 2878 2655 2872 2871 2648 2872 2648 2649 2865 2864 2642 2865 2642 2643 2873 2872 2649 2873 2649 2650 2866 2865 2643 2866 2643 2644 2874 2873 2650 2874 2650 2651 2867 2866 2644 2867 2644 2645 2875 2874 2651 2875 2651 2652 2868 2867 2645 2868 2645 2646</p>
        </triangles>
      </mesh>
    </geometry>
  </library_geometries>
  <library_visual_scenes><visual_scene id="Scene" name="Scene">
    <node id="fruits" name="fruits" type="NODE">
      <instance_geometry url="#fruits-mesh"/>
    </node>
  </visual_scene></library_visual_scenes>
  <scene><instance_visual_scene url="#Scene"/></scene>
</COLLADA>