<?xml version="1.0" encoding="utf-8"?>
<COLLADA xmlns="http://www.collada.org/2005/11/COLLADASchema" version="1.4.1" xmlns:xsi="http://www.w3.org/2001/XMLSchema-instance">
  <asset>
    <contributor>
      <author>Blender User</author>
      <authoring_tool>Blender 3.6.5 commit date:2023-10-16, commit time:14:30, hash:cf1e1ed46b7e</authoring_tool>
    </contributor>
    <created>2026-09-12T17:20:25</created>
    <modified>2026-09-12T17:20:25</modified>
    <unit name="meter" meter="1"/>
    <up_axis>Z_UP</up_axis>
  </asset>
  <library_images/>
  <library_geometries>
    <geometry id="fruits-mesh" name="fruits">
      <mesh>
        <source id="fruits-mesh-positions">
          <float_array id="fruits-mesh-positions-array" count="8640">-0.007785201 0.007282316 1.089325 -0.007352113 0.006708204 1.089856 -0.007364869 0.005277693 1.089845 -0.007462084 0.005499064 1.089627 -0.007566452 0.005548059 1.089376 -0.007527887 0.005532562 1.089404 -0.007504105 0.005421876 1.089401 -0.007328689 0.005480885 1.08969 -0.00751537 0.005068778 1.089248 -0.007710158 0.00456053 1.088757 -0.007746815 0.00439924 1.088577 -0.007689356 0.004586458 1.088659 -0.007692992 0.004561305 1.088649 -0.007713794 0.004076242 1.088528 -0.007698833 0.003121316 1.08835 -0.007647812 0.001870751 1.088175 -0.004994213 0.006562292 1.087869 -0.005260646 0.006083846 1.088628 -0.006148517 0.00469911 1.089044 -0.006358146 0.00484848 1.088905 -0.006566345 0.004857242 1.088752 -0.006585597 0.004815697 1.088865 -0.006582021 0.004704236 1.088945 -0.006349802 0.004773974 1.089174 -0.006191194 0.004773914 1.089275 -0.006478846 0.004398465 1.088875 -0.006814837 0.003960728 1.088451 -0.006783664 0.003897249 1.088302 -0.006489157 0.004129171 1.088294 -0.006361067 0.004118561 1.088194 -0.006474733 0.003676295 1.088076 -0.006789922 0.002814233 1.088011 -0.007190823 0.001709103 1.088007 -0.002725481 0.004560232 1.086765 -0.003522932 0.004363417 1.087669 -0.005154848 0.003386318 1.088558 -0.005369842 0.003546059 1.088432 -0.005603253 0.003560304 1.088291 -0.005665242 0.00353682 1.08841 -0.005737483 0.003451526 1.088458 -0.005492746 0.003460109 1.088665 -0.005312263 0.003422558 1.088773 -0.005691051 0.003148019 1.088441 -0.006118416 0.002859532 1.088104 -0.006045401 0.002836406 1.087989 -0.005630314 0.002996981 1.08795 -0.005464732 0.002967953 1.087835 -0.005650281 0.002629458 1.087747 -0.006139099 0.002009332 1.087753 -0.006800711 0.001247286 1.087842 -0.001425325 0.0016703 1.086195 -0.002545535 0.001824438 1.087199 -0.004664182 0.001623332 1.088531 -0.004827499 0.00191617 1.08839 -0.004918158 0.002083778 1.088173 -0.005002796 0.002084672 1.088139 -0.005196928 0.001951813 1.088014 -0.005115211 0.001755654 1.088088 -0.005002915 0.001498043 1.088211 -0.005296111 0.001242756 1.088008 -0.005608856 0.001095354 1.087793 -0.005499422 0.001088321 1.087715 -0.005072295 0.001149415 1.087672 -0.004950642 0.001151204 1.087571 -0.005207061 0.001063764 1.087503 -0.005782306 8.93734e-4 1.087551 -0.006575226 6.77045e-4 1.087718 -0.001353323 -0.001557946 1.086246 -0.00255841 -0.001076877 1.087327 -0.004765212 -4.78415e-4 1.088881 -0.00498104 -3.16776e-4 1.088759 -0.005205988 -2.25842e-4 1.088264 -0.005404055 -2.44537e-4 1.08792 -0.005756437 -3.11928e-4 1.087544 -0.005807399 -4.64536e-4 1.087476 -0.005576372 -6.7827e-4 1.087651 -0.005451023 -8.30774e-4 1.087672 -0.005488514 -8.52545e-4 1.087602 -0.005328953 -8.23644e-4 1.087537 -0.00492686 -7.99911e-4 1.087483 -0.00483942 -6.79281e-4 1.087391 -0.005138158 -4.36744e-4 1.08737 -0.005749821 -1.09089e-4 1.087468 -0.006558239 2.36982e-4 1.087679 -0.002543389 -0.004509925 1.086915 -0.003503322 -0.003760755 1.087991 -0.005321979 -0.002680361 1.089307 -0.005674898 -0.003010809 1.0892 -0.006025373 -0.003280103 1.088724 -0.006229579 -0.003322482 1.088357 -0.006486058 -0.003130078 1.087913 -0.006403684 -0.002933561 1.087762 -0.006046473 -0.002781927 1.087842 -0.005812346 -0.002637803 1.087795 -0.005748093 -0.002479016 1.0877 -0.005563974 -0.00240761 1.087623 -0.005236387 -0.002369344 1.087556 -0.005210757 -0.002110183 1.087463 -0.005505859 -0.00162512 1.087444 -0.006054401 -9.5436e-4 1.087535 -0.006736874 -1.88768e-4 1.087722 -0.004786252 -0.006594479 1.088112 -0.005124509 -0.005634427 1.08903 -0.006105184 -0.004333376 1.08973 -0.006375491 -0.004876196 1.089519 -0.006562411 -0.005241215 1.089211 -0.006635129 -0.005294442 1.089049 -0.006738781 -0.005093276 1.088772 -0.00660175 -0.004906058 1.088689 -0.006406903 -0.004616081 1.088651 -0.006492674 -0.004176914 1.088324 -0.006589651 -0.003856658 1.088082 -0.006490051 -0.003790557 1.088024 -0.006291389 -0.003751039 1.087995 -0.006266236 -0.0033468 1.087867 -0.006379604 -0.002604544 1.087744 -0.00664252 -0.00159198 1.08771 -0.00703454 -4.98883e-4 1.087801 -0.007634699 -0.007353603 1.089637 -0.007168114 -0.006345629 1.090291 -0.00715959 -0.005059301 1.09043 -0.007268726 -0.005606949 1.090158 -0.00740832 -0.00587958 1.089733 -0.007461845 -0.005971193 1.089532 -0.007569551 -0.005822896 1.089259 -0.007554411 -0.005762219 1.089253 -0.007559537 -0.005565285 1.089225 -0.007771909 -0.005057096 1.088794 -0.007939636 -0.004618644 1.088466 -0.007975101 -0.00449264 1.088446 -0.007965266 -0.004445731 1.088533 -0.007943749 -0.004003584 1.088483 -0.007830619 -0.003118693 1.088328 -0.007649362 -0.001880705 1.088132 -0.007496416 -5.85295e-4 1.087966 -0.010477 -0.006603121 1.091185 -0.009351968 -0.005773544 1.091582 -0.00857073 -0.004728317 1.091425 -0.008769989 -0.005318403 1.091278 -0.009028911 -0.005711078 1.090875 -0.009209096 -0.005921125 1.09053 -0.00935477 -0.005799531 1.090033 -0.009418964 -0.005644917 1.089843 -0.009435355 -0.005314469 1.089698 -0.009522557 -0.004750967 1.089195 -0.009580671 -0.004254579 1.088832 -0.009638965 -0.004057466 1.08884 -0.009710133 -0.004019737 1.089021 -0.009658753 -0.003683924 1.089031 -0.009367585 -0.002919018 1.088861 -0.008794009 -0.00177586 1.088563 -0.00807476 -5.14717e-4 1.088212 -0.008783936 -1.76008e-4 1.087668 -0.01271313 -0.004518508 1.09241 -0.01121789 -0.003969013 1.092625 -0.009892642 -0.003308594 1.092315 -0.01027286 -0.00383085 1.092347 -0.01070916 -0.004207372 1.092027 -0.01107031 -0.004430949 1.091616 -0.01127314 -0.004346966 1.090891 -0.01135534 -0.004176139 1.090439 -0.01128667 -0.003867268 1.090095 -0.01119655 -0.00344336 1.089493 -0.01109492 -0.003080308 1.08908 -0.01106238 -0.002909481 1.089113 -0.01108038 -0.002834379 1.089372 -0.0109142 -0.002551913 1.089412 -0.01041942 -0.001984596 1.089225 -0.00954926 -0.001149117 1.088851 -0.008486509 -1.93651e-4 1.088384 -0.01392489 -0.001561999 1.093039 -0.01229512 -0.001244068 1.093157 -0.01066225 -0.001029133 1.092764 -0.01115602 -0.001237392 1.092893 -0.01171237 -0.001389503 1.092641 -0.01219558 -0.001479148 1.092226 -0.01243096 -0.001447975 1.091404 -0.01247155 -0.001378118 1.090821 -0.01228457 -0.001264989 1.090376 -0.01204276 -0.00113058 1.089733 -0.01179355 -0.001020848 1.089277 -0.01167768 -9.56801e-4 1.089292 -0.01168292 -8.78962e-4 1.089573 -0.01150619 -6.97419e-4 1.08964 -0.01096642 -4.13663e-4 1.089456 -0.009968519 -4.89647e-5 1.089035 -0.00870043 3.34724e-4 1.088481 -0.01392328 0.001671493 1.092946 -0.01229548 0.001799583 1.093034 -0.01064598 0.001552522 1.092601 -0.01107645 0.001747846 1.092701 -0.01156371 0.001891493 1.092459 -0.01198959 0.001978933 1.092089 -0.01220178 0.001953184 1.091332 -0.01224654 0.001890838 1.090807 -0.01208293 0.001786172 1.09042 -0.01186722 0.001647055 1.089824 -0.01162612 0.001515567 1.089351 -0.01150286 0.001465141 1.089309 -0.01150846 0.00149995 1.089566 -0.01136541 0.001513719 1.089642 -0.01088362 0.00144422 1.089475 -0.009935736 0.001244366 1.089062 -0.008689105 9.42142e-4 1.0885 -0.007525801 5.79807e-4 1.088018 -0.01272445 0.004567146 1.092162 -0.01124596 0.004446923 1.092298 -0.009890079 0.003709793 1.091879 -0.01012814 0.004118978 1.091846 -0.01039946 0.004401981 1.091565 -0.01061373 0.004576385 1.09129 -0.01074677 0.00450921 1.090747 -0.01082801 0.004389524 1.090457 -0.01080578 0.004157781 1.090258 -0.01076573 0.003795504 1.089752 -0.01067495 0.003425717 1.089272 -0.01061874 0.003251612 1.089154 -0.01063597 0.003298878 1.08936 -0.01055133 0.003262281 1.089429 -0.01019817 0.002973079 1.089284 -0.00946027 0.002347707 1.088929 -0.008471131 0.001475274 1.088444 -0.01054275 0.006569981 1.090861 -0.009459674 0.006158232 1.091152 -0.00867635 0.004978954 1.090859 -0.008762061 0.005335152 1.090665 -0.008862793 0.005532205 1.090352 -0.00887537 0.005635678 1.09022 -0.008910536 0.005545139 1.089981 -0.008935451 0.005502879 1.090007 -0.008963704 0.005331277 1.090022 -0.00906974 0.00488168 1.089576 -0.009126901 0.004363834 1.089084 -0.009161055 0.004139184 1.088902 -0.009221851 0.004260897 1.089044 -0.009243607 0.004250586 1.089094 -0.009093582 0.003849029 1.088962 -0.008684158 0.002986311 1.088683 -0.008110284 0.00179547 1.088334 -0.007387995 0.005497634 1.0896 -0.008819222 0.04607009 1.094941 -0.00873506 0.04376232 1.094903 -0.008728981 0.04026436 1.095205 -0.0086295 0.03985863 1.095364 -0.008653283 0.03974747 1.095301 -0.008674919 0.03978431 1.095216 -0.008797109 0.03976047 1.094985 -0.008642673 0.03988826 1.095138 -0.008881092 0.03967952 1.094744 -0.009115219 0.03942316 1.094316 -0.009038925 0.03956866 1.094306 -0.00874567 0.04018515 1.094636 -0.008580982 0.04070425 1.094812 -0.008561372 0.04074847 1.09476 -0.008608996 0.04023802 1.094554 -0.008671104 0.03938174 1.094304 -0.006166577 0.04517382 1.092842 -0.00617814 0.04295378 1.092887 -0.006801545 0.03976309 1.093474 -0.00653249 0.0391997 1.093432 -0.00637412 0.03890156 1.093288 -0.006212472 0.03879076 1.093269 -0.006244063 0.03874015 1.093231 -0.00610876 0.03889203 1.093485 -0.006079733 0.03904861 1.093721 -0.006564319 0.03893697 1.093481 -0.007069528 0.03879809 1.093232 -0.007090866 0.03908109 1.093331 -0.006791532 0.03976511 1.093615 -0.006719648 0.04028445 1.093757 -0.00697124 0.04034709 1.093809 -0.007479846 0.03991478 1.093861 -0.008096158 0.0392071 1.09395 -0.004174053 0.04290455 1.090988 -0.00436455 0.04119813 1.091381 -0.005553841 0.0390563 1.092152 -0.005380094 0.03850054 1.091921 -0.005279898 0.03801518 1.091804 -0.005024194 0.03770989 1.092096 -0.004887044 0.03762835 1.092373 -0.004514753 0.03782653 1.092787 -0.00433582 0.03808677 1.09308 -0.004899919 0.0381416 1.092924 -0.005531251 0.03818339 1.092764 -0.0056203 0.03852182 1.092809 -0.005376636 0.03910189 1.092929 -0.005450963 0.03949356 1.092992 -0.005910575 0.03953421 1.093094 -0.006698131 0.03924101 1.093309 -0.007663249 0.03878533 1.093623 -0.003205597 0.03962361 1.089815 -0.00361067 0.03913897 1.09069 -0.005110442 0.03867775 1.091717 -0.005119919 0.0387749 1.091458 -0.005102097 0.03876817 1.091463 -0.004919469 0.03858715 1.091969 -0.004729688 0.03836011 1.092372 -0.004266321 0.03813427 1.092704 -0.003901839 0.03788846 1.092916 -0.004244804 0.0377388 1.092765 -0.004714667 0.03774905 1.092604 -0.004800617 0.03791737 1.092531 -0.004628658 0.03815937 1.092482 -0.004838049 0.03834336 1.09248 -0.005440413 0.03842604 1.092609 -0.006343722 0.03841418 1.09292 -0.007456123 0.03835457 1.0934 -0.003461778 0.0359596 1.089657 -0.003780245 0.03706675 1.090752 -0.005134403 0.03823566 1.092142 -0.005074858 0.0388261 1.091972 -0.005119264 0.03924304 1.091711 -0.005073666 0.03932684 1.091827 -0.005188584 0.03919821 1.091897 -0.005004942 0.03881543 1.092093 -0.004594802 0.03829056 1.092355 -0.00446999 0.03789472 1.092381 -0.00462383 0.03770476 1.092326 -0.004694819 0.03758257 1.092242 -0.004603028 0.03741729 1.092169 -0.004870116 0.0374006 1.092182 -0.005494356 0.03756064 1.09238 -0.006393194 0.03784596 1.092777 -0.007467865 0.03816896 1.093337 -0.00490278 0.03270614 1.090573 -0.004811048 0.03488677 1.091443 -0.005660176 0.03714716 1.092949 -0.005571067 0.03743815 1.09281 -0.005634665 0.0375989 1.092397 -0.005604803 0.03774201 1.092166 -0.005754172 0.03792792 1.091893 -0.005655586 0.03793567 1.091849 -0.005315482 0.03779053 1.092003 -0.00518912 0.03765535 1.092033 -0.005324065 0.03755342 1.092053 -0.005392313 0.03729724 1.092105 -0.005354523 0.03692442 1.092179 -0.005609035 0.03682363 1.092285 -0.006139218 0.03700608 1.09252 -0.006874561 0.03742337 1.092906 -0.007722079 0.03796255 1.093414 -0.007246375 0.03055363 1.092297 -0.006777107 0.03310322 1.092845 -0.00681585 0.03601545 1.094096 -0.006604433 0.03601044 1.093976 -0.006514847 0.03586393 1.093623 -0.006484091 0.03584617 1.093291 -0.006669998 0.03604441 1.092853 -0.006698668 0.03616726 1.092707 -0.006674051 0.0363295 1.09273 -0.006933152 0.03663277 1.092566 -0.007184982 0.03678405 1.09252 -0.007209599 0.03653734 1.092696 -0.007144927 0.03612959 1.09291 -0.007240772 0.03607815 1.093012 -0.00744152 0.03640288 1.093102 -0.007745027 0.03704649 1.093281 -0.00815314 0.03778702 1.093595 -0.01005947 0.02989232 1.094389 -0.009413182 0.03242862 1.094837 -0.008724689 0.03544539 1.095705 -0.008649051 0.03532451 1.09579 -0.008798062 0.03513878 1.095475 -0.00902003 0.03499686 1.095079 -0.009351253 0.03515875 1.094524 -0.009451746 0.03526341 1.094332 -0.009479641 0.03546631 1.09426 -0.0096969 0.03592526 1.093908 -0.00982815 0.03624099 1.093706 -0.009756326 0.03608554 1.093861 -0.009617328 0.03568661 1.094131 -0.009490728 0.03563171 1.094219 -0.009285271 0.03605622 1.094155 -0.009004354 0.03689658 1.094027 -0.008756041 0.03777074 1.093931 -0.01283919 0.03081655 1.096413 -0.01205086 0.03316819 1.096934 -0.01101326 0.03572762 1.097411 -0.01137357 0.03567135 1.097798 -0.01189202 0.03552609 1.097731 -0.01234751 0.0353887 1.097433 -0.01266741 0.0355342 1.096809 -0.01269614 0.0356481 1.09646 -0.01255834 0.03587692 1.096196 -0.01251912 0.03632622 1.095648 -0.01241457 0.0366556 1.095265 -0.01221412 0.03653979 1.095284 -0.01198393 0.03610867 1.095481 -0.01167029 0.0359292 1.09547 -0.01114892 0.03622335 1.09523 -0.01035755 0.03696918 1.094831 -0.009440004 0.03784984 1.094371 -0.0110321 0.03809493 1.092644 -0.01504486 0.03318315 1.09802 -0.01396292 0.03502696 1.098551 -0.0128901 0.03668898 1.098612 -0.01353162 0.03678339 1.099104 -0.01414304 0.03683334 1.099186 -0.01456767 0.03681504 1.099104 -0.01478207 0.03692281 1.098584 -0.01478505 0.03693699 1.098205 -0.01458394 0.03701138 1.097839 -0.01439589 0.03724938 1.097152 -0.01416391 0.03739589 1.096633 -0.01391595 0.03723859 1.09654 -0.0136432 0.03688377 1.096639 -0.01317757 0.03673273 1.096484 -0.01238948 0.03691244 1.096068 -0.0112375 0.03741496 1.095436 -0.009905278 0.03807944 1.094699 -0.01614928 0.0365765 1.098955 -0.01480281 0.03733855 1.099341 -0.01383018 0.03786599 1.099055 -0.01448965 0.03798758 1.099427 -0.01496738 0.03809469 1.099484 -0.01518571 0.03813004 1.099569 -0.01525926 0.03817772 1.099256 -0.015257 0.03815197 1.099028 -0.01506596 0.03812134 1.098744 -0.01484298 0.03815466 1.098052 -0.01457971 0.03815114 1.097464 -0.01437509 0.03804808 1.097289 -0.01419073 0.03792577 1.097332 -0.01374912 0.03792536 1.097109 -0.01291936 0.03803622 1.096607 -0.0116474 0.0382294 1.095836 -0.01011681 0.03844839 1.094901 -0.01583045 0.04026967 1.099065 -0.01464176 0.03963202 1.099307 -0.01375716 0.03892868 1.098861 -0.01434773 0.03885602 1.099155 -0.01472413 0.03880047 1.099196 -0.01483243 0.03877043 1.099343 -0.01484954 0.03876918 1.099137 -0.01483136 0.0388295 1.099018 -0.0146619 0.03887313 1.098832 -0.01447927 0.0388782 1.098201 -0.01423954 0.03888362 1.097604 -0.01402878 0.03898131 1.097386 -0.01383173 0.03918343 1.097424 -0.01342362 0.03933882 1.09722 -0.01267278 0.03936123 1.096729 -0.01149857 0.03918963 1.095941 -0.01005482 0.03886711 1.094958 -0.008678793 0.03849124 1.094058 -0.0141884 0.04343372 1.098333 -0.01350301 0.04175484 1.098497 -0.01273137 0.03975605 1.098138 -0.01322197 0.0394988 1.098486 -0.01359683 0.03934574 1.098588 -0.01375865 0.03931701 1.098696 -0.01382511 0.0393061 1.098445 -0.0137695 0.03941327 1.098324 -0.01359927 0.03947496 1.098174 -0.0134918 0.03940129 1.097596 -0.01332026 0.03931641 1.097004 -0.0130673 0.0394656 1.096774 -0.01275628 0.03990513 1.09687 -0.01235163 0.04027432 1.096779 -0.01174533 0.04032802 1.096397 -0.01084029 0.03993749 1.095719 -0.009746074 0.03921461 1.09486 -0.0116685 0.04546642 1.096881 -0.01139974 0.04330438 1.096935 -0.01089727 0.04025638 1.096876 -0.01113629 0.0399264 1.097191 -0.01141184 0.0398283 1.097256 -0.01157546 0.03987538 1.097252 -0.01169794 0.03986895 1.09696 -0.01161253 0.03994095 1.096903 -0.01145744 0.03994327 1.096848 -0.01147699 0.03974419 1.096342 -0.0114513 0.03949624 1.095781 -0.01125562 0.03959882 1.095606 -0.01094222 0.04016292 1.095828 -0.01064902 0.0406782 1.095912 -0.01031363 0.04076838 1.095702 -0.009836375 0.04027765 1.095232 -0.009265661 0.03938466 1.094633 -0.008718669 0.0398463 1.095056 -0.04063594 0.008337795 0.9106518 -0.04014068 0.007577657 0.911302 -0.04001587 0.006175935 0.9115699 -0.0400241 0.006653726 0.9115332 -0.04012334 0.007051944 0.9112944 -0.04018098 0.007357656 0.9111279 -0.04031467 0.007401287 0.9108046 -0.04039806 0.007290422 0.9105699 -0.04062992 0.006774365 0.9100435 -0.04084712 0.006173193 0.9095028 -0.0409069 0.005871951 0.9092704 -0.04085958 0.005874454 0.9093226 -0.04084843 0.005694091 0.9093347 -0.04084038 0.005108654 0.9092762 -0.04079091 0.004101574 0.909181 -0.04070138 0.002825975 0.9090994 -0.03779917 0.007603347 0.9091695 -0.03804665 0.006957769 0.9100796 -0.03874963 0.005609154 0.9107598 -0.03873831 0.005999684 0.9107411 -0.03877705 0.006336927 0.9105173 -0.03874856 0.006600975 0.9103557 -0.03883868 0.006641447 0.9100633 -0.03878396 0.006687462 0.909968 -0.038805 0.006560266 0.9098695 -0.03919064 0.006089866 0.9094067 -0.03959816 0.005561292 0.9089558 -0.0396685 0.005354821 0.9087822 -0.03948497 0.005404651 0.9087905 -0.03942561 0.005245447 0.9087607 -0.03956216 0.004708051 0.908744 -0.03986626 0.003796219 0.9087923 -0.04023939 0.0026654 0.9089069 -0.03550171 0.005579769 0.9079976 -0.03635925 0.005251348 0.9090443 -0.03782624 0.004262089 0.910179 -0.03776288 0.004549086 0.9101412 -0.0377224 0.004756987 0.9099128 -0.03761416 0.004927456 0.9097601 -0.03768521 0.004954993 0.9094619 -0.03758245 0.004971921 0.9093717 -0.0375936 0.00487405 0.9093023 -0.03809016 0.00455147 0.908914 -0.03861802 0.00421065 0.9085544 -0.03869616 0.00409919 0.9084271 -0.03845441 0.004147469 0.9084208 -0.03841459 0.004027724 0.9083901 -0.03866755 0.003632664 0.9084109 -0.03917855 0.002983331 0.9085334 -0.03983622 0.00220406 0.9087429 -0.03418374 0.00264579 0.9073293 -0.03547447 0.002746522 0.9084338 -0.03754401 0.002518951 0.9100252 -0.03747504 0.002829492 0.9099912 -0.03729188 0.003031134 0.9097418 -0.03714746 0.003076255 0.9095247 -0.03724265 0.002981781 0.9091376 -0.03720688 0.002808749 0.9089723 -0.03722268 0.002561092 0.9089348 -0.03761929 0.002310812 0.9086591 -0.03803491 0.002156853 0.9084014 -0.03807222 0.002127885 0.9083 -0.03781676 0.002159595 0.9082753 -0.03782695 0.002137362 0.9082335 -0.03816652 0.002033829 0.9082454 -0.03878533 0.001853585 0.9083827 -0.03959429 0.001629233 0.9086439 -0.03411489 -6.61354e-4 0.9072761 -0.03559565 -1.05804e-4 0.9083849 -0.0379045 5.62592e-4 0.9102486 -0.03796929 7.22892e-4 0.9102959 -0.03796911 7.73405e-4 0.9098523 -0.03795284 6.97671e-4 0.9094415 -0.03816062 5.808e-4 0.9089162 -0.03816652 4.0409e-4 0.9086899 -0.03796398 1.87908e-4 0.9087262 -0.03789681 4.18228e-5 0.908645 -0.0380097 2.7871e-5 0.9085019 -0.03795391 6.72664e-5 0.9083874 -0.03767937 1.07767e-4 0.9083168 -0.0376963 2.4298e-4 0.9082415 -0.0380665 4.94265e-4 0.9082538 -0.03872299 8.25909e-4 0.9083937 -0.03955912 0.001174569 0.908652 -0.03534948 -0.003719985 0.9078671 -0.03663337 -0.002745807 0.9088672 -0.03865593 -0.001401722 0.9105053 -0.03895026 -0.001682579 0.910641 -0.0391367 -0.001991987 0.9103246 -0.03914499 -0.002123355 0.9100122 -0.03923618 -0.002041518 0.9095193 -0.03906691 -0.001929521 0.9092779 -0.03868246 -0.001835286 0.9092612 -0.03845483 -0.00172919 0.9091253 -0.03841733 -0.001594007 0.9089485 -0.03828316 -0.001529514 0.9088 -0.03802549 -0.001482009 0.9086793 -0.03806436 -0.001209914 0.9085503 -0.03841221 -7.13194e-4 0.9085061 -0.03900188 -3.36365e-5 0.9085788 -0.03972005 7.39959e-4 0.908753 -0.03768914 -0.005906283 0.9090342 -0.03830778 -0.004592359 0.9097514 -0.039456 -0.00280255 0.9106791 -0.03971779 -0.003159105 0.910713 -0.03980082 -0.003466963 0.910661 -0.03970354 -0.00359416 0.9107125 -0.03963989 -0.003568053 0.910526 -0.03939425 -0.003549456 0.9104374 -0.03914362 -0.00339806 0.9103419 -0.03921526 -0.003056704 0.9099416 -0.03931635 -0.002810835 0.9096249 -0.03923624 -0.002800524 0.9094879 -0.03907406 -0.002794444 0.9093781 -0.03909444 -0.0024091 0.9091722 -0.0392574 -0.001676857 0.9089743 -0.03956913 -6.69371e-4 0.9088683 -0.0400058 4.26721e-4 0.9088896 -0.04067194 -0.006718039 0.9105855 -0.04036378 -0.005297601 0.910916 -0.04032444 -0.003392815 0.9111307 -0.04033738 -0.00364232 0.9110521 -0.04033118 -0.003779828 0.9109126 -0.04023331 -0.003905832 0.9110155 -0.04023528 -0.003949224 0.9109583 -0.04016923 -0.004106581 0.9110558 -0.04016864 -0.004107058 0.9110395 -0.04040455 -0.003737926 0.9105634 -0.04060155 -0.003412902 0.9101791 -0.04067134 -0.003388762 0.9100899 -0.04070407 -0.003418385 0.9100899 -0.0407316 -0.00302422 0.9099382 -0.04067265 -0.002167642 0.9096767 -0.04055047 -9.48325e-4 0.9093726 -0.04045999 3.3956e-4 0.9091001 -0.04364371 -0.005942583 0.9122012 -0.0425291 -0.004740893 0.9121937 -0.04148024 -0.003128826 0.9119814 -0.0414685 -0.003428459 0.9119696 -0.04152846 -0.003674566 0.9118304 -0.04156136 -0.003890216 0.9118043 -0.04166036 -0.003923237 0.9115829 -0.04174852 -0.003962099 0.9115646 -0.0418325 -0.003818213 0.9114907 -0.04199773 -0.003389835 0.9109792 -0.04213082 -0.003007948 0.9105863 -0.04226416 -0.002920329 0.9105468 -0.04240834 -0.002971708 0.910651 -0.04242426 -0.002692818 0.9105547 -0.04219508 -0.001959621 0.9102635 -0.04168421 -8.35799e-4 0.9098411 -0.04103279 4.1471e-4 0.9093669 -0.04172927 7.59532e-4 0.9088253 -0.04595458 -0.003762423 0.9135102 -0.04434776 -0.002967774 0.9133058 -0.04259902 -0.001949191 0.9128744 -0.04270315 -0.002291142 0.9129955 -0.04291778 -0.002575993 0.9129002 -0.04315209 -0.002802729 0.9127805 -0.0433644 -0.002813577 0.9123263 -0.04352933 -0.002760291 0.9120537 -0.04357933 -0.002566754 0.9118024 -0.04360276 -0.00222963 0.9112151 -0.04360765 -0.001942098 0.9107915 -0.04368102 -0.001844048 0.9107914 -0.04379343 -0.001827061 0.9109802 -0.0437029 -0.001580297 0.9109201 -0.04326921 -0.001031935 0.9106171 -0.04245615 -2.08436e-4 0.9101227 -0.04145222 7.38714e-4 0.9095351 -0.04715883 -6.80258e-4 0.9142174 -0.04535275 -2.82449e-4 0.913976 -0.04328572 3.50679e-5 0.9134905 -0.0435366 -1.27943e-4 0.9137143 -0.04393124 -2.61518e-4 0.913657 -0.04435563 -3.58384e-4 0.9134745 -0.04465115 -3.57278e-4 0.9128571 -0.04479908 -3.21112e-4 0.9124001 -0.04473495 -2.39665e-4 0.9120149 -0.04460251 -1.29596e-4 0.9113779 -0.04445308 -4.00552e-5 0.910904 -0.04442936 6.68259e-6 0.9108757 -0.04450583 7.25071e-5 0.9110831 -0.04437816 2.4711e-4 0.9110565 -0.04387414 5.26613e-4 0.9107732 -0.04291212 8.87586e-4 0.9102553 -0.04168528 0.001268029 0.9096065 -0.0470761 0.002660572 0.9141856 -0.04526835 0.002719283 0.9140352 -0.04329758 0.002398729 0.9136139 -0.04359638 0.002573907 0.9138539 -0.04404371 0.002720415 0.9137873 -0.04451274 0.002827346 0.9135728 -0.04483115 0.002830088 0.9129115 -0.04498237 0.002792 0.9124141 -0.04490876 0.002705574 0.9120108 -0.04476362 0.00257945 0.9113817 -0.04458045 0.002457797 0.910861 -0.04449695 0.002412378 0.9107473 -0.04451352 0.002445697 0.9109157 -0.0443651 0.002454578 0.9109077 -0.04387539 0.002380251 0.9106686 -0.04293119 0.002178847 0.9101962 -0.04169911 0.001877665 0.9095816 -0.04053956 0.001517951 0.9090446 -0.04576069 0.005616605 0.9134473 -0.0441392 0.005331993 0.9134908 -0.04260039 0.004482507 0.9132153 -0.04281824 0.004917085 0.9133756 -0.04316562 0.005284249 0.9132466 -0.04352045 0.005562126 0.9130265 -0.04380071 0.00557667 0.9124398 -0.04398125 0.005495727 0.9120469 -0.04400789 0.005270123 0.9117345 -0.04399007 0.00490868 0.9111483 -0.04390853 0.004534125 0.9105937 -0.04383915 0.004335343 0.9103835 -0.04381221 0.004335045 0.9104958 -0.04367321 0.004251599 0.9105013 -0.04327309 0.003929316 0.9103221 -0.04250818 0.003289759 0.9099556 -0.0415048 0.002415657 0.9094701 -0.04346996 0.007634341 0.9121784 -0.04228955 0.007027626 0.9125055 -0.04139137 0.005802273 0.9124557 -0.04148066 0.00631231 0.9124771 -0.04168176 0.006744086 0.9122627 -0.041866 0.007075488 0.912062 -0.04207247 0.007111191 0.9116266 -0.042207 0.0070737 0.9114232 -0.04227751 0.006833374 0.9112483 -0.04238748 0.006328344 0.9107045 -0.0424351 0.005758762 0.9101396 -0.04244661 0.00545001 0.9098749 -0.04246008 0.005448758 0.909941 -0.0424211 0.005326211 0.9099596 -0.04221558 0.004848718 0.9098393 -0.04176527 0.003948152 0.9096012 -0.04115772 0.002743721 0.9093032 -0.04035079 0.007445096 0.910694 -0.004213273 0.04623693 1.04792 -0.003887295 0.04369837 1.04679 -0.003524243 0.04023963 1.045719 -0.003295302 0.03943306 1.045894 -0.003103017 0.03890788 1.046113 -0.00285387 0.03849661 1.046573 -0.002653479 0.03821414 1.046959 -0.002194106 0.03804123 1.048213 -0.002227663 0.03799879 1.047975 -0.002292394 0.03792893 1.047627 -0.002211451 0.03807824 1.047884 -0.002062261 0.03854662 1.048679 -0.001998066 0.03897666 1.049218 -0.001959383 0.03905349 1.049291 -0.001873075 0.03868049 1.04896 -0.00174272 0.03800582 1.048431 -8.07318e-4 0.04624509 1.046377 -0.002001166 0.04371273 1.045792 -0.003322422 0.04014116 1.045383 -0.00348258 0.0392602 1.045708 -0.003514826 0.03867959 1.046034 -0.003352344 0.03822726 1.046556 -0.003160417 0.03792148 1.046991 -0.002754211 0.03778105 1.04768 -0.002391934 0.03774088 1.048224 -0.00246638 0.03770279 1.047977 -0.002600014 0.03765577 1.047662 -0.002313077 0.03786337 1.047944 -0.001697123 0.03839498 1.048612 -0.001249015 0.03885471 1.04898 -0.0010944 0.03894126 1.048973 -0.001197338 0.03857594 1.048692 -0.001408398 0.03794127 1.048296 0.001986503 0.0448206 1.044387 -4.4314e-4 0.04286515 1.04451 -0.003212928 0.03981274 1.045119 -0.003618776 0.03909015 1.045621 -0.003778517 0.03855788 1.046028 -0.003670394 0.03811174 1.046602 -0.003510832 0.03783047 1.047026 -0.003026783 0.03763359 1.047646 -0.002565026 0.03752923 1.048128 -0.002674281 0.03751236 1.047924 -0.002837777 0.03751558 1.047688 -0.002400517 0.03767609 1.047929 -0.00149995 0.03805202 1.048401 -8.42992e-4 0.03836983 1.048596 -6.00527e-4 0.03840702 1.048523 -7.41013e-4 0.03811991 1.048295 -0.001092851 0.03766232 1.048028 0.003637254 0.04224944 1.042301 4.12356e-4 0.04127269 1.0432 -0.003327906 0.03936201 1.045122 -0.003837704 0.0390824 1.045911 -0.003949165 0.03887492 1.046445 -0.00386995 0.03853869 1.046949 -0.00377196 0.03824394 1.047177 -0.003372192 0.03784865 1.047493 -0.002898752 0.03741788 1.047769 -0.002854406 0.03723126 1.047622 -0.002832829 0.037189 1.047506 -0.002273321 0.03721344 1.047674 -0.001259803 0.03731644 1.047925 -5.5954e-4 0.03745299 1.047974 -3.11415e-4 0.0375238 1.047896 -4.66603e-4 0.03747552 1.047806 -8.94032e-4 0.03734254 1.04776 0.003818333 0.03901278 1.040488 3.84247e-4 0.03918409 1.042086 -0.003565669 0.03865915 1.045175 -0.004086673 0.03856182 1.046151 -0.004247605 0.03860867 1.046479 -0.004238009 0.03847807 1.046695 -0.004294097 0.03834879 1.046672 -0.004062116 0.03799951 1.046808 -0.003533065 0.03746795 1.047107 -0.003071963 0.03710579 1.047235 -0.002720057 0.03693938 1.047298 -0.002061665 0.03680914 1.047396 -0.001035153 0.03665632 1.047462 -3.53241e-4 0.03666532 1.047416 -1.6071e-4 0.03680855 1.047401 -3.81472e-4 0.03700894 1.047485 -8.52595e-4 0.03718966 1.047648 0.002455413 0.03571045 1.039302 -4.38177e-4 0.0370056 1.041331 -0.003747344 0.03782886 1.044833 -0.004354655 0.03751337 1.045691 -0.004621565 0.03731608 1.045923 -0.004590809 0.03722167 1.046167 -0.004524409 0.03735798 1.046254 -0.004130244 0.03735798 1.046525 -0.00344485 0.03718298 1.046947 -0.00285989 0.03706032 1.047163 -0.002411842 0.03694105 1.047264 -0.001749336 0.03666669 1.047299 -8.57585e-4 0.03630208 1.047243 -3.31774e-4 0.03620147 1.04714 -2.41627e-4 0.03633183 1.047136 -5.05564e-4 0.03662925 1.04729 -9.46883e-4 0.03699588 1.047558 -2.35477e-4 0.03298562 1.039022 -0.001829743 0.03524482 1.041108 -0.003637969 0.03734451 1.044303 -0.003989517 0.03726363 1.045041 -0.004048168 0.03709381 1.045536 -0.003872513 0.0369094 1.046105 -0.003647148 0.03687262 1.046446 -0.003175914 0.03667324 1.046815 -0.002635538 0.03650206 1.047153 -0.00242412 0.03668385 1.047156 -0.002238452 0.03668677 1.047138 -0.001786768 0.03621935 1.04714 -0.001201212 0.03562831 1.047053 -8.50996e-4 0.0354911 1.046943 -7.1649e-4 0.03574693 1.046951 -8.15194e-4 0.03627729 1.047154 -0.001099169 0.03683716 1.047488 -0.003731071 0.03141915 1.039772 -0.003634095 0.03422164 1.041524 -0.003481566 0.03704726 1.04411 -0.003281652 0.03724002 1.044788 -0.003061294 0.03731626 1.04528 -0.002798438 0.03713548 1.045848 -0.002626538 0.03698813 1.046227 -0.002383351 0.03652614 1.046653 -0.002199709 0.03614509 1.046967 -0.002265751 0.03636789 1.046899 -0.002299785 0.03645324 1.046863 -0.002197146 0.03591221 1.046939 -0.002080142 0.03512585 1.04697 -0.001994967 0.03484982 1.046964 -0.001833021 0.03516644 1.047048 -0.001609981 0.03594177 1.047276 -0.001432836 0.03676438 1.047546 -0.007281243 0.0313726 1.041427 -0.005635499 0.03411149 1.042539 -0.003748178 0.03685122 1.044395 -0.003276407 0.03696459 1.045005 -0.002979397 0.03694236 1.045382 -0.002746462 0.03674387 1.045751 -0.002607941 0.03667718 1.045973 -0.002519309 0.03637766 1.046337 -0.002484202 0.0361644 1.046681 -0.002556383 0.03646785 1.046651 -0.002634286 0.03662228 1.046688 -0.002775669 0.03613328 1.046916 -0.003015398 0.03526628 1.047134 -0.003169715 0.03482025 1.047225 -0.003056406 0.0350098 1.047319 -0.002591013 0.03575259 1.047498 -0.00193578 0.03667724 1.047692 -0.00500369 0.03983658 1.041853 -0.01011753 0.0328564 1.04361 -0.007371783 0.03500401 1.043947 -0.004192888 0.03701215 1.044948 -0.00360912 0.03692257 1.045461 -0.003302156 0.03679031 1.045762 -0.003150641 0.03658485 1.046015 -0.003055751 0.03661209 1.046053 -0.003032863 0.03650957 1.046259 -0.003001391 0.03644859 1.046522 -0.002979218 0.0367316 1.046448 -0.00300306 0.03684258 1.046497 -0.00323677 0.03639137 1.046878 -0.003669917 0.03563225 1.04734 -0.003937363 0.03524947 1.047588 -0.00380063 0.03537714 1.047712 -0.003165543 0.03597074 1.047796 -0.002270162 0.03678005 1.047866 -0.01167982 0.03553444 1.045821 -0.008378922 0.03677421 1.045439 -0.004500985 0.03763931 1.045585 -0.003886997 0.03742736 1.046044 -0.003617346 0.03726255 1.046327 -0.003549516 0.03710538 1.046551 -0.003483772 0.03716969 1.046479 -0.003439843 0.0371356 1.04657 -0.003324568 0.03707408 1.046739 -0.003185033 0.03721868 1.046585 -0.003107607 0.0372408 1.046579 -0.003345727 0.03689122 1.047039 -0.003897905 0.03638273 1.047719 -0.004285275 0.03615492 1.048143 -0.004210889 0.03623825 1.048304 -0.003514289 0.03658944 1.048252 -0.002448022 0.03705763 1.048082 -0.01171249 0.03884774 1.047603 -0.008384108 0.03902518 1.046661 -0.004516422 0.03859215 1.046075 -0.003881692 0.0383355 1.046497 -0.003589928 0.03818845 1.04679 -0.003502726 0.03807473 1.047053 -0.003426671 0.03809869 1.046983 -0.003383219 0.03803181 1.04708 -0.003278732 0.03790712 1.047255 -0.003156363 0.03793162 1.047083 -0.003071844 0.03791528 1.047023 -0.0032745 0.03773397 1.047485 -0.003798007 0.03750169 1.048281 -0.004201114 0.03740715 1.048799 -0.004176735 0.03740507 1.048945 -0.003520786 0.03742259 1.048728 -0.002456068 0.03742039 1.048295 -0.00152111 0.03732001 1.047902 -0.01024764 0.04214292 1.048625 -0.007422029 0.0411995 1.047329 -0.004244565 0.03947794 1.046218 -0.003611505 0.03909319 1.046535 -0.003252804 0.03888821 1.046799 -0.003055453 0.03874737 1.047131 -0.002933621 0.03867655 1.047181 -0.002909541 0.03853708 1.047433 -0.002895712 0.0383349 1.047711 -0.002893269 0.03823995 1.047522 -0.002885758 0.03815078 1.047348 -0.003031373 0.0380941 1.047715 -0.003405451 0.03816336 1.048567 -0.003719627 0.03830671 1.049177 -0.003707468 0.03834801 1.049342 -0.003181576 0.03815078 1.049041 -0.00231266 0.03775286 1.048447 -0.007576942 0.04477763 1.048727 -0.005795359 0.04283565 1.047346 -0.003844022 0.04003566 1.046046 -0.003324806 0.03943198 1.046226 -0.002979934 0.03907495 1.046429 -0.002702236 0.03880733 1.046822 -0.002530336 0.03861683 1.047062 -0.002434432 0.03844928 1.047585 -0.002400577 0.03828054 1.048047 -0.002455532 0.03817111 1.047837 -0.002491414 0.03805249 1.047533 -0.002562284 0.03809487 1.047783 -0.002756416 0.03840732 1.048631 -0.002956509 0.03875392 1.049279 -0.002958476 0.03885555 1.049437 -0.002624511 0.03855675 1.049111 -0.002071917 0.03794497 1.048493 -0.002395451 0.03808671 1.047648 -0.01804214 0.04480987 0.9983455 -0.01780867 0.04236924 0.9978581 -0.01763612 0.03908187 0.9975297 -0.01751285 0.03856098 0.997853 -0.01742565 0.03834182 0.9980902 -0.01731771 0.03826612 0.9984442 -0.01725327 0.03823453 0.9986188 -0.01705956 0.03834164 0.999371 -0.01710712 0.03823375 0.9989973 -0.01716387 0.0380721 0.998547 -0.01711875 0.03818219 0.9986264 -0.01702791 0.03863817 0.9991639 -0.0169897 0.03900438 0.999497 -0.0169571 0.03896754 0.9994905 -0.01687741 0.03845161 0.9992156 -0.01676142 0.03762328 0.9988257 -0.01464939 0.04434329 0.9972236 -0.01575642 0.04207396 0.9970462 -0.01712352 0.03888845 0.9971377 -0.01727437 0.03832322 0.9975342 -0.01730787 0.03805691 0.9978281 -0.01720619 0.03793549 0.9982269 -0.0171141 0.03788131 0.9984564 -0.01687234 0.03793144 0.9989187 -0.0166729 0.03797745 0.9992592 -0.01679813 0.0378865 0.9988902 -0.01696503 0.0377655 0.9984741 -0.01678919 0.037934 0.9986023 -0.01633328 0.03841465 0.999078 -0.01600837 0.03877145 0.9993087 -0.01593863 0.0387355 0.9992581 -0.01610523 0.03825563 0.9990245 -0.01637804 0.03751432 0.9987297 -0.01190608 0.04247337 0.9958521 -0.01411288 0.0408867 0.9960758 -0.01681905 0.03842109 0.9968165 -0.0171501 0.0379858 0.9972757 -0.01725399 0.03771394 0.9975967 -0.017156 0.03754425 0.9980385 -0.0170539 0.0374785 0.9982749 -0.01672071 0.03746289 0.9987218 -0.01643329 0.0374608 0.9990541 -0.01660984 0.03742593 0.9987335 -0.0168336 0.03739398 0.9983921 -0.0165562 0.03754043 0.9985182 -0.01588046 0.03787469 0.9988841 -0.01541364 0.03810417 0.9990161 -0.01531773 0.03804612 0.9989372 -0.01557439 0.03768378 0.9987514 -0.01603269 0.03716605 0.9985472 -0.01033341 0.03955471 0.9944704 -0.0132575 0.03902083 0.9951481 -0.0168814 0.03787261 0.9967632 -0.01730108 0.03785187 0.9973689 -0.01734215 0.03783369 0.9977481 -0.01724445 0.03768581 0.9981112 -0.01716154 0.03752833 0.9981831 -0.01686948 0.03726392 0.9983982 -0.01655852 0.03693765 0.9986195 -0.01660662 0.03677141 0.9984028 -0.01667898 0.03673666 0.9982011 -0.01630192 0.03677666 0.9983041 -0.01553714 0.03686577 0.9985365 -0.01505202 0.03695452 0.9985801 -0.01497417 0.03697723 0.9985008 -0.0152682 0.03690475 0.9984104 -0.01582151 0.03677088 0.9983599 -0.01024812 0.03612947 0.9933263 -0.01334941 0.0367735 0.9944195 -0.01718336 0.03709608 0.9968394 -0.01763403 0.03724062 0.9975668 -0.01770603 0.03738397 0.9976862 -0.01765197 0.03733509 0.9977322 -0.0176866 0.03725785 0.997537 -0.01751911 0.03698801 0.9975823 -0.01713395 0.03656232 0.9978647 -0.01681065 0.03626757 0.9979726 -0.01659703 0.03615033 0.9979882 -0.01613003 0.03605806 0.9980692 -0.01535201 0.03591841 0.9981866 -0.01488131 0.03592091 0.9981752 -0.01485055 0.03607189 0.9981489 -0.01519876 0.03630977 0.9981806 -0.01578485 0.03655356 0.9982752 -0.01170617 0.03284585 0.9926468 -0.01428252 0.03454411 0.993982 -0.01748979 0.03611302 0.9966318 -0.01804947 0.0359919 0.9972723 -0.01825106 0.03585994 0.9973217 -0.01819539 0.03582 0.9973737 -0.01811975 0.03598475 0.9972372 -0.01779842 0.03604352 0.9973556 -0.0172587 0.03595751 0.997704 -0.01681029 0.03589671 0.9978682 -0.0165019 0.03583967 0.9979264 -0.0160247 0.03562712 0.9979871 -0.01535403 0.0353114 0.9980307 -0.01499986 0.03525227 0.9979832 -0.01503276 0.03544437 0.9979673 -0.01538586 0.03583341 0.9980473 -0.01590746 0.03631359 0.9982127 -0.01446974 0.03036248 0.9925997 -0.01583456 0.03283631 0.9939415 -0.01756924 0.03540647 0.9962743 -0.01790022 0.03540313 0.9967998 -0.01796275 0.03526872 0.997106 -0.01784139 0.0351535 0.9974642 -0.01768141 0.03518587 0.9975748 -0.0173363 0.03509467 0.9978029 -0.01694244 0.03504592 0.9980518 -0.01679939 0.0352776 0.9979405 -0.01669389 0.03534704 0.9978577 -0.01638978 0.03499042 0.9979147 -0.01597034 0.03451037 0.9979511 -0.01572853 0.03445678 0.9978901 -0.01566046 0.03479492 0.9978651 -0.01579666 0.03542959 0.9979618 -0.01610916 0.03612548 0.998165 -0.01799851 0.02922093 0.9932373 -0.0178343 0.03200036 0.9943672 -0.01770913 0.03498816 0.9962385 -0.01758337 0.03515064 0.9967339 -0.01744627 0.03519326 0.9970182 -0.0173099 0.03505569 0.9973691 -0.01724976 0.03499788 0.9975136 -0.01714485 0.03470683 0.9978059 -0.01707112 0.03450727 0.9980275 -0.01714181 0.03479909 0.9978185 -0.01719141 0.03496837 0.9976835 -0.01716732 0.03459554 0.997785 -0.01713585 0.03400623 0.9979129 -0.01708567 0.03387892 0.997941 -0.01692664 0.03430002 0.9979741 -0.01668971 0.0351575 0.9980764 -0.01649534 0.03606915 0.9982091 -0.02154153 0.02969062 0.9944443 -0.02000141 0.03221285 0.9952028 -0.01829648 0.03487986 0.9966032 -0.01801604 0.03494799 0.9970966 -0.01789057 0.03488594 0.9973188 -0.01782888 0.03470897 0.9975042 -0.01780539 0.0347054 0.9974941 -0.01781785 0.03456139 0.997684 -0.01783889 0.03452587 0.9978802 -0.01787602 0.03489559 0.9976795 -0.0179252 0.03514164 0.9975819 -0.01808094 0.03485405 0.9977678 -0.01833409 0.03424274 0.9980183 -0.01845359 0.03399097 0.9981187 -0.018278 0.0342983 0.9981631 -0.01774996 0.03509795 0.9982396 -0.01704144 0.03605377 0.9983244 -0.01875704 0.03767377 0.9936217 -0.02434045 0.03166806 0.9959501 -0.0218203 0.03347504 0.9962617 -0.01898258 0.03525608 0.9971346 -0.01867455 0.03515875 0.9976075 -0.01859778 0.03502535 0.9978081 -0.01864296 0.03485727 0.9979114 -0.01865494 0.03492027 0.9977335 -0.01870244 0.03492289 0.9977412 -0.01869559 0.03499203 0.9978249 -0.01862365 0.03531312 0.9975792 -0.01860177 0.03550314 0.9974815 -0.01881498 0.03526705 0.9977623 -0.01920646 0.03478914 0.9981702 -0.01938045 0.03460568 0.9983687 -0.01913154 0.03483414 0.9984343 -0.01839518 0.035443 0.9984515 -0.01740801 0.03622823 0.9984508 -0.02583378 0.03471302 0.9974123 -0.02282506 0.03555101 0.9973065 -0.01940417 0.03612703 0.9976667 -0.01910406 0.03596389 0.9981326 -0.01908677 0.0358529 0.9983416 -0.01922273 0.03576946 0.9984301 -0.01926183 0.03586566 0.9981613 -0.01928204 0.03590947 0.9980615 -0.01918822 0.03594225 0.9980636 -0.01900327 0.03609961 0.9977698 -0.01887732 0.03617382 0.9976315 -0.01907521 0.03601711 0.997942 -0.01954978 0.03577464 0.9984646 -0.01980543 0.03572678 0.9987573 -0.01958733 0.03588038 0.9988361 -0.0187698 0.03619688 0.9987592 -0.01759958 0.03657513 0.9985979 -0.02576768 0.03819131 0.9985249 -0.02276706 0.03797644 0.9981001 -0.01939302 0.03727847 0.998026 -0.01907712 0.03712332 0.9984871 -0.01904422 0.0370832 0.9987228 -0.01916921 0.03709363 0.9988567 -0.01920884 0.03718036 0.9986025 -0.01923656 0.03720533 0.998511 -0.01915848 0.03717207 0.998517 -0.01899445 0.03720003 0.9982135 -0.0188561 0.03720647 0.9980212 -0.01900476 0.03716754 0.998295 -0.01943778 0.03714913 0.9988623 -0.01970177 0.03718698 0.999199 -0.01953083 0.03720933 0.9992593 -0.01875841 0.03714388 0.9990717 -0.01760053 0.0369969 0.9987409 -0.01656562 0.03677207 0.9984526 -0.02419656 0.04141741 0.9990855 -0.02169424 0.04018104 0.99847 -0.01896363 0.03828656 0.9980866 -0.01862514 0.0380584 0.9984987 -0.01851749 0.03802198 0.998741 -0.01854062 0.03807485 0.9989539 -0.01855295 0.03812992 0.998817 -0.018615 0.03812831 0.9988586 -0.01863628 0.03803515 0.998945 -0.01859384 0.0379365 0.9986226 -0.01852828 0.03783375 0.9983245 -0.01861941 0.03784775 0.9984928 -0.01891696 0.03804975 0.9990705 -0.01911556 0.03825575 0.9994556 -0.01898252 0.03826409 0.9995199 -0.01836466 0.03794348 0.9992753 -0.01742869 0.03736931 0.9988408 -0.02144247 0.04377222 0.9990124 -0.01990824 0.04171937 0.9983688 -0.01829344 0.03889667 0.9978852 -0.0179966 0.03851377 0.9982149 -0.01785349 0.03839898 0.9984342 -0.01777774 0.03840637 0.9987207 -0.01775223 0.03841751 0.9987604 -0.01777136 0.03843057 0.9990376 -0.01780021 0.03836882 0.999273 -0.01782923 0.0382235 0.9989271 -0.01781862 0.03804028 0.9985175 -0.01786148 0.03808343 0.9985798 -0.01802831 0.03845304 0.9991366 -0.01816976 0.03879934 0.999538 -0.01810449 0.03881943 0.9995865 -0.01772338 0.03837227 0.9993188 -0.01714301 0.03757822 0.9988703 -0.01714444 0.03830045 0.9990473 -0.003672719 0.006311058 1.042238 -0.003369688 0.003658115 1.042453 -0.002991259 1.25349e-4 1.043168 -0.002752482 -3.49976e-4 1.043588 -0.002612471 -5.37818e-4 1.04381 -0.002449452 -5.45212e-4 1.044062 -0.002368986 -5.76839e-4 1.04416 -0.001995265 -2.88766e-4 1.04478 -0.002112925 -5.0755e-4 1.044499 -0.002248406 -7.89579e-4 1.04417 -0.002160549 -6.03528e-4 1.044246 -0.001937091 1.09698e-4 1.044638 -0.001820266 6.90799e-4 1.044862 -0.001775503 7.59788e-4 1.044873 -0.00172168 2.52846e-4 1.044758 -0.001639008 -6.0636e-4 1.044618 -6.29634e-4 0.005507707 1.040415 -0.001296997 0.00306189 1.041068 -0.002201139 -2.43486e-4 1.042399 -0.002121329 -8.12245e-4 1.042896 -0.002019345 -0.001103699 1.043209 -0.00180453 -0.001190185 1.043582 -0.001664757 -0.00122559 1.043825 -0.001334428 -0.001026749 1.044253 -0.001078963 -8.30878e-4 1.044579 -0.00131607 -9.96168e-4 1.044345 -0.001599907 -0.001197636 1.044084 -0.00142765 -9.02699e-4 1.044167 -9.28607e-4 -1.51299e-4 1.044405 -6.26047e-4 4.03486e-4 1.044465 -6.236e-4 4.63004e-4 1.044432 -8.67139e-4 3.06254e-6 1.044417 -0.001209914 -7.42333e-4 1.04445 0.001845002 0.003250539 1.038935 2.91919e-4 0.001556277 1.040016 -0.00176841 -7.70472e-4 1.041892 -0.001911461 -0.001234352 1.042412 -0.001919567 -0.001580953 1.042822 -0.00169444 -0.001736164 1.043397 -0.00149542 -0.001766204 1.043795 -0.001001656 -0.001582324 1.04429 -5.97433e-4 -0.001378238 1.04463 -8.64822e-4 -0.00144273 1.044433 -0.001197516 -0.001512408 1.044214 -9.35756e-4 -0.001221954 1.044239 -2.60387e-4 -6.44549e-4 1.044311 1.27709e-4 -2.64622e-4 1.044246 1.07975e-4 -2.61255e-4 1.044171 -2.69038e-4 -6.1273e-4 1.044187 -8.41587e-4 -0.001131772 1.044291 0.003278672 -6.32833e-5 1.038102 0.001073658 -4.67746e-4 1.039513 -0.001767635 -0.001092076 1.041892 -0.002098679 -9.73336e-4 1.042439 -0.002146244 -9.27783e-4 1.042882 -0.001982569 -0.001007616 1.043494 -0.001802563 -0.001166045 1.043871 -0.00130856 -0.001349389 1.044273 -7.89144e-4 -0.00157845 1.044603 -8.36075e-4 -0.001795053 1.044491 -9.54021e-4 -0.001865148 1.044334 -5.76183e-4 -0.001741707 1.044297 1.77101e-4 -0.001519203 1.044247 5.60256e-4 -0.001371562 1.044108 4.92421e-4 -0.001343131 1.044002 5.61955e-5 -0.001420438 1.044024 -6.2874e-4 -0.001548469 1.04418 0.003367424 -0.00381124 1.038115 0.001006722 -0.00271368 1.0396 -0.001946926 -0.001514494 1.042309 -0.002276659 -0.00101161 1.042939 -0.002407491 -7.23456e-4 1.043095 -0.002362787 -6.9467e-4 1.043352 -0.002402842 -8.31141e-4 1.043434 -0.002119123 -0.001124262 1.043696 -0.001532137 -0.001516163 1.044105 -0.001104235 -0.001835465 1.044258 -8.61544e-4 -0.00200051 1.044261 -3.95681e-4 -0.002113044 1.044222 3.51025e-4 -0.002263367 1.044138 7.07244e-4 -0.002307891 1.043986 5.95102e-4 -0.002201259 1.043908 1.1067e-4 -0.001982629 1.043968 -5.98391e-4 -0.001734077 1.044154 0.002058863 -0.007243037 1.038994 1.9036e-4 -0.004935324 1.04019 -0.002190232 -0.002380251 1.042669 -0.002540588 -0.002109348 1.043313 -0.002730011 -0.00206232 1.043445 -0.002664089 -0.001978516 1.043584 -0.002629399 -0.001828134 1.04351 -0.002270221 -0.0017609 1.043624 -0.001618325 -0.001796483 1.04392 -0.001128196 -0.001877188 1.044028 -8.35607e-4 -0.001992881 1.044057 -3.86603e-4 -0.00227499 1.044087 2.35712e-4 -0.002678573 1.044082 4.8379e-4 -0.002847492 1.043993 3.32157e-4 -0.002746045 1.043957 -1.27401e-4 -0.002408385 1.044031 -7.42323e-4 -0.001945853 1.044199 -4.08002e-4 -0.009644091 1.040561 -0.00129354 -0.006648004 1.041224 -0.002436518 -0.003207504 1.042899 -0.002538263 -0.002938747 1.043366 -0.002486348 -0.002892971 1.043623 -0.002285599 -0.002819597 1.0439 -0.002143859 -0.002694547 1.04393 -0.001788139 -0.002683997 1.044103 -0.001380741 -0.002656698 1.044294 -0.001334428 -0.002495169 1.044129 -0.001302361 -0.002490401 1.044057 -9.99414e-4 -0.002881228 1.044218 -5.85459e-4 -0.003427267 1.044373 -4.08875e-4 -0.003595769 1.044333 -4.25124e-4 -0.003364861 1.044232 -6.32315e-4 -0.002795457 1.044191 -9.92424e-4 -0.002126097 1.04427 -0.003545701 -0.0105108 1.042477 -0.003319501 -0.007363438 1.042613 -0.002955496 -0.003704965 1.043418 -0.002734959 -0.003384113 1.043775 -0.002581477 -0.003261625 1.043907 -0.0024212 -0.003267943 1.044107 -0.00238651 -0.003217399 1.04412 -0.002220511 -0.00332874 1.04439 -0.00208491 -0.003388166 1.044623 -0.002224862 -0.003150284 1.044368 -0.002306163 -0.003026247 1.044231 -0.002194166 -0.003375887 1.044492 -0.002042055 -0.003962039 1.044853 -0.001942217 -0.004153966 1.044956 -0.001789808 -0.003812134 1.044847 -0.001586377 -0.003014802 1.044634 -0.001425206 -0.00216341 1.044441 -0.006720423 -0.009661436 1.044341 -0.005493879 -0.006844103 1.044076 -0.003914892 -0.003708362 1.044219 -0.003696143 -0.003468096 1.044622 -0.003657519 -0.003446877 1.044778 -0.003638625 -0.003537893 1.04489 -0.003653883 -0.003498792 1.044754 -0.003579139 -0.003530323 1.044883 -0.003484189 -0.003464996 1.045017 -0.003533661 -0.003160059 1.044691 -0.003552079 -0.00295329 1.044516 -0.003534972 -0.003191113 1.044813 -0.003550946 -0.003751099 1.045308 -0.003509044 -0.004030704 1.045517 -0.003254294 -0.003786504 1.045421 -0.002702772 -0.003043174 1.045109 -0.001994967 -0.002144098 1.044709 -0.004980444 -0.002191364 1.040234 -0.009278118 -0.007267117 1.045779 -0.007235109 -0.00523591 1.045229 -0.00484997 -0.003184556 1.044887 -0.004674792 -0.003060698 1.045304 -0.004690706 -0.003061771 1.045489 -0.004753172 -0.003143727 1.045614 -0.004796683 -0.003112733 1.045382 -0.004782855 -0.003114342 1.045348 -0.004678189 -0.00303936 1.045351 -0.004610419 -0.00282824 1.044953 -0.004538297 -0.00270009 1.044747 -0.00454694 -0.002872645 1.045078 -0.004649817 -0.003253281 1.045647 -0.004603028 -0.003423154 1.045887 -0.0042153 -0.003232777 1.045781 -0.003408551 -0.002680659 1.045396 -0.002384722 -0.001954793 1.04488 -0.0106818 -0.003823995 1.046517 -0.008154511 -0.002960443 1.045815 -0.005375623 -0.002272427 1.045212 -0.00519967 -0.002234756 1.0456 -0.005220174 -0.002231478 1.045786 -0.005310714 -0.002255499 1.04594 -0.005360484 -0.002241849 1.045691 -0.005350172 -0.002244949 1.045601 -0.005195558 -0.002231895 1.045559 -0.00502938 -0.002192616 1.04515 -0.004870355 -0.002184271 1.044909 -0.004885494 -0.002258539 1.045215 -0.005080461 -0.002349317 1.045801 -0.005099475 -0.002322852 1.046069 -0.004715621 -0.00216794 1.04598 -0.003808319 -0.001903235 1.045565 -0.002587437 -0.001602649 1.044968 -0.01064723 -5.48419e-5 1.046427 -0.008123397 -5.00732e-4 1.045747 -0.005371391 -0.001214742 1.045139 -0.005167841 -0.00125873 1.045509 -0.005155384 -0.001265048 1.045695 -0.005216062 -0.001240551 1.045868 -0.005253136 -0.001249849 1.045651 -0.005244731 -0.001241862 1.045591 -0.005102753 -0.001250445 1.045588 -0.004953622 -0.001306235 1.045221 -0.004794001 -0.001345694 1.044955 -0.00478506 -0.001268744 1.045182 -0.004955589 -0.001068353 1.045732 -0.004988431 -8.93205e-4 1.046014 -0.004651904 -8.2917e-4 1.045957 -0.00379014 -9.38337e-4 1.045565 -0.002584159 -0.001180648 1.044974 -0.001479744 -0.001481831 1.04448 -0.009218454 0.003270924 1.045548 -0.007175028 0.001677632 1.045058 -0.00485748 -3.60864e-4 1.044702 -0.004624307 -5.39363e-4 1.045082 -0.004568338 -5.83627e-4 1.045276 -0.004562318 -5.25248e-4 1.045456 -0.004571676 -5.46314e-4 1.045306 -0.004555225 -5.16993e-4 1.045348 -0.00446856 -5.42469e-4 1.045441 -0.004421234 -7.1112e-4 1.045127 -0.0043388 -8.7395e-4 1.044825 -0.004290103 -7.5732e-4 1.044953 -0.004336953 -3.04206e-4 1.045448 -0.004322767 9.44345e-5 1.04574 -0.004048705 1.88489e-4 1.045719 -0.003359019 -1.53046e-4 1.045399 -0.002392113 -8.17348e-4 1.044906 -0.006725788 0.005523145 1.04406 -0.005478084 0.003165304 1.043882 -0.003967523 1.03429e-4 1.043999 -0.003707408 -2.3438e-4 1.044381 -0.003608465 -3.34286e-4 1.044569 -0.003523349 -2.83731e-4 1.044761 -0.003492772 -3.06324e-4 1.044726 -0.00339818 -2.25657e-4 1.04494 -0.003295361 -2.09176e-4 1.045159 -0.00333178 -4.49685e-4 1.044873 -0.003337621 -7.40053e-4 1.044532 -0.003281474 -6.32789e-4 1.044585 -0.003237187 -1.15014e-5 1.045036 -0.003211855 5.55236e-4 1.045336 -0.003059208 6.83896e-4 1.045347 -0.002648651 2.32398e-4 1.045122 -0.002067625 -6.27553e-4 1.044786 -0.002165615 -4.17422e-4 1.044498 -0.03841251 0.04544246 0.9507307 -0.03789508 0.04470348 0.9512786 -0.03776842 0.04322874 0.9515044 -0.03779655 0.04369348 0.9514393 -0.03793287 0.04410409 0.9511763 -0.03803336 0.04444521 0.9509623 -0.03823405 0.04453247 0.9505774 -0.03841942 0.04446321 0.9502077 -0.03872412 0.04395848 0.9496468 -0.03900843 0.04336559 0.949074 -0.03910994 0.04306244 0.9487977 -0.03908056 0.04304736 0.9487993 -0.03908711 0.04284483 0.9487701 -0.03910118 0.04223746 0.948677 -0.03907787 0.041211 0.948549 -0.03901416 0.03991758 0.9484347 -0.0357005 0.04470551 0.9490233 -0.03573048 0.04405891 0.9498179 -0.0363025 0.04266184 0.950449 -0.03624683 0.04303503 0.9503495 -0.03627634 0.04337334 0.950061 -0.03625726 0.04365915 0.9498298 -0.03639483 0.04373395 0.9494736 -0.03639644 0.0438103 0.9493123 -0.03648757 0.04370248 0.949164 -0.03696382 0.04324585 0.948694 -0.03745645 0.04272717 0.948242 -0.03760433 0.04252171 0.9480434 -0.03750121 0.04256004 0.948017 -0.0375241 0.04238414 0.9479732 -0.03773415 0.04182916 0.9479643 -0.03809791 0.04090082 0.9480349 -0.0385214 0.03975433 0.9481779 -0.03350299 0.04267281 0.9476613 -0.03401023 0.04231446 0.9486278 -0.03522163 0.04131174 0.9496777 -0.03508985 0.04157429 0.9495103 -0.03502607 0.04176312 0.9491899 -0.03490674 0.04193282 0.9489726 -0.03500461 0.04198199 0.9486289 -0.03494352 0.04203253 0.9484797 -0.03502207 0.0419631 0.9483659 -0.03561431 0.04165756 0.947985 -0.03623825 0.04132813 0.9476398 -0.03642261 0.04122281 0.9474908 -0.0363065 0.04126924 0.9474514 -0.03639501 0.04114097 0.9474238 -0.03676015 0.04073584 0.9474833 -0.0373634 0.04007726 0.9476699 -0.03810173 0.03928774 0.9479576 -0.032242 0.03972071 0.9468901 -0.03311473 0.0398041 0.9479687 -0.03482538 0.03958374 0.9494413 -0.03468519 0.03988951 0.949249 -0.03448396 0.04008591 0.948893 -0.03433191 0.04012745 0.9486159 -0.03445029 0.04003578 0.9481959 -0.03444683 0.03987169 0.9479784 -0.03451734 0.03963226 0.9478946 -0.03500443 0.03938812 0.9476147 -0.0355224 0.03923928 0.9473597 -0.03568494 0.03921425 0.9472311 -0.03558152 0.03924769 0.947174 -0.03574639 0.0392242 0.9471486 -0.03622311 0.03911805 0.9472206 -0.03695327 0.03893452 0.9474485 -0.03785723 0.03870552 0.947821 -0.03217679 0.03639501 0.9468567 -0.03321212 0.03696864 0.947969 -0.03510951 0.03763324 0.9497095 -0.03508794 0.03780651 0.9495939 -0.0350849 0.03786718 0.9490436 -0.03508365 0.03779083 0.9485629 -0.03534084 0.03766381 0.9479983 -0.03539139 0.03747212 0.9477202 -0.03523749 0.03724235 0.9476886 -0.03525203 0.03708696 0.9475572 -0.03547453 0.03706794 0.9473893 -0.03556144 0.03710633 0.9472445 -0.03545546 0.03715038 0.9471494 -0.03563594 0.03729188 0.9471029 -0.03614181 0.03754931 0.9471899 -0.03690457 0.0378862 0.9474341 -0.03782874 0.03823971 0.9478157 -0.03335344 0.03333151 0.9475895 -0.0342164 0.03432011 0.9485831 -0.03586435 0.03562676 0.9501339 -0.03604876 0.03534108 0.9501218 -0.03621554 0.03502959 0.9496834 -0.03624337 0.03488492 0.9492578 -0.03640896 0.03494554 0.9486781 -0.0363239 0.03503209 0.9483462 -0.0360279 0.03510594 0.9482387 -0.03590899 0.03520244 0.9480425 -0.03599959 0.03534072 0.9478353 -0.03601354 0.03541797 0.9476641 -0.03591614 0.03548723 0.947536 -0.03609746 0.03578424 0.9474462 -0.03655529 0.03630399 0.9474765 -0.03722548 0.03700292 0.9476462 -0.03800874 0.03779387 0.9479315 -0.03557211 0.03115665 0.9489782 -0.03589874 0.03242796 0.9496809 -0.03680688 0.03414613 0.9505817 -0.03697788 0.0337159 0.9505155 -0.03703588 0.03332757 0.9503262 -0.03696888 0.03313285 0.9501965 -0.03700613 0.03313243 0.9498381 -0.03688198 0.03315854 0.9496048 -0.03675931 0.03333973 0.9494115 -0.03695702 0.03370565 0.9489824 -0.0371713 0.03398388 0.9486514 -0.03719985 0.03404313 0.948497 -0.03714585 0.03410631 0.9483851 -0.03726166 0.03453862 0.948208 -0.03750026 0.03530842 0.9480576 -0.03786259 0.03634566 0.9480128 -0.0383296 0.0374698 0.9481065 -0.03839397 0.03035449 0.9507665 -0.03802192 0.03169339 0.9511191 -0.03795027 0.03350532 0.9513496 -0.03798907 0.03312313 0.9512405 -0.03805738 0.03284651 0.950999 -0.03805869 0.03261262 0.9509144 -0.03818708 0.03254061 0.9506503 -0.03821647 0.03242403 0.9505679 -0.03829008 0.03249883 0.9504291 -0.03860056 0.03292059 0.9499114 -0.03885549 0.03329741 0.9494981 -0.03895586 0.03339469 0.9493719 -0.03899896 0.03344756 0.9493462 -0.03903704 0.03390675 0.9491897 -0.03899478 0.03480952 0.9489322 -0.03889244 0.03606134 0.9486361 -0.03881686 0.03737652 0.9483771 -0.04121929 0.03112173 0.9525826 -0.0402503 0.03227955 0.9526541 -0.03937762 0.03380721 0.9524607 -0.03951168 0.03340184 0.9524821 -0.03973811 0.03304499 0.9523067 -0.03992938 0.03274029 0.9521572 -0.04016798 0.03267639 0.951762 -0.04032236 0.03265804 0.9515678 -0.04042714 0.03285253 0.9513482 -0.04062122 0.03331893 0.950757 -0.0407623 0.03374111 0.9502925 -0.04085695 0.03388845 0.9501696 -0.04092645 0.03391039 0.9501975 -0.04087388 0.03425186 0.9500456 -0.04059803 0.03502988 0.9497075 -0.04006564 0.03618371 0.9492363 -0.03940695 0.03745865 0.9487121 -0.03962749 0.03782403 0.9490315 -0.043446 0.03328889 0.9540293 -0.0420866 0.03409689 0.9539323 -0.0406748 0.03506618 0.9534904 -0.04097491 0.03468871 0.9536681 -0.0413779 0.03436291 0.9535848 -0.04177266 0.03409445 0.9534244 -0.04212468 0.0340569 0.9528717 -0.04236119 0.03409689 0.9524705 -0.04243248 0.03429436 0.952081 -0.04247933 0.03463941 0.9513888 -0.04247969 0.03494048 0.9508571 -0.04248583 0.03506815 0.9507274 -0.04247683 0.03512752 0.9507895 -0.04226952 0.03541237 0.950623 -0.04174655 0.03598874 0.9502231 -0.04087978 0.03683018 0.949629 -0.03984194 0.0377916 0.9489373 -0.04463213 0.03637522 0.9547983 -0.04309427 0.03678989 0.9546515 -0.04142957 0.03709757 0.95411 -0.04185771 0.03693693 0.954377 -0.04240071 0.036803 0.9543525 -0.04294753 0.03669887 0.9541946 -0.04337453 0.03668826 0.9535533 -0.04361295 0.03671199 0.9530246 -0.04359585 0.03678619 0.9525281 -0.04350388 0.03689384 0.9517824 -0.04336476 0.03698307 0.9511864 -0.04328519 0.03703367 0.9510088 -0.0432412 0.03710782 0.9510635 -0.04298585 0.03729152 0.9508991 -0.04237687 0.03757858 0.9504868 -0.04134976 0.03794461 0.9498362 -0.04008185 0.03832989 0.9490466 -0.04457676 0.0397368 0.9547457 -0.04303705 0.03977727 0.9546514 -0.04142963 0.03945779 0.9541406 -0.04186785 0.03962165 0.9544047 -0.04242008 0.03976058 0.9543749 -0.04297524 0.03987026 0.954212 -0.04341167 0.03988569 0.9535664 -0.04365777 0.03986412 0.9530322 -0.0436455 0.03979027 0.9525423 -0.04355466 0.03967159 0.9518141 -0.04340004 0.03955388 0.9511782 -0.04328554 0.03950858 0.9509226 -0.04320597 0.0395376 0.9509402 -0.04294675 0.03953933 0.9507899 -0.04236137 0.03945827 0.9504141 -0.04135775 0.03925281 0.9497995 -0.0400902 0.03894847 0.9490333 -0.038881 0.03858673 0.9483467 -0.04332202 0.04271215 0.9539068 -0.04194813 0.04239642 0.9539555 -0.0406664 0.04152041 0.953589 -0.04099726 0.04192107 0.953765 -0.04143363 0.04226773 0.9536677 -0.04186069 0.04255318 0.9534864 -0.04224187 0.04260277 0.9529088 -0.04249781 0.04256564 0.9524802 -0.04257506 0.04237544 0.9520924 -0.04261136 0.04203635 0.9514232 -0.04256749 0.04167634 0.9507737 -0.04248839 0.04148083 0.9504472 -0.04239445 0.0414704 0.9504324 -0.04217612 0.04137021 0.950316 -0.0417084 0.04103082 0.9500174 -0.04090231 0.04037874 0.9495245 -0.03987812 0.03949481 0.9489052 -0.04112541 0.04473817 0.9524703 -0.04010176 0.04412931 0.9527451 -0.03933095 0.04284083 0.9526295 -0.03950226 0.04332184 0.9526566 -0.03978151 0.04374754 0.9524555 -0.04003262 0.04410219 0.9522521 -0.040322 0.04418355 0.951788 -0.04050743 0.04418796 0.9515274 -0.04061317 0.0439763 0.9512784 -0.04077643 0.04349088 0.9506722 -0.04086989 0.04293447 0.9500399 -0.04089272 0.04262846 0.9496966 -0.04087519 0.04261422 0.9496768 -0.04079926 0.04247063 0.9496135 -0.04056781 0.04197096 0.9494122 -0.04010796 0.04105085 0.949087 -0.03950244 0.03983062 0.9486972 -0.03832155 0.04460465 0.9503966 -0.03980171 0.04686349 0.9128261 -0.03924906 0.04639053 0.9133585 -0.03917807 0.04541534 0.9132683 -0.03928935 0.04614877 0.9132285 -0.03954088 0.04681962 0.9129168 -0.03978657 0.0473423 0.9125702 -0.04013162 0.04755979 0.9119799 -0.04052883 0.04745942 0.9112172 -0.04087007 0.0470333 0.9104859 -0.04117786 0.04653006 0.9097441 -0.04131591 0.04620337 0.9093254 -0.04132425 0.04605007 0.909227 -0.04135024 0.04572868 0.9090892 -0.04137086 0.0450645 0.9088342 -0.04134994 0.04404121 0.9084764 -0.04128718 0.04277819 0.9080827 -0.03724759 0.0465306 0.9111419 -0.03717714 0.04608416 0.9119188 -0.03767091 0.04508924 0.912191 -0.03763878 0.04576796 0.9120744 -0.03774428 0.04640859 0.9116826 -0.03786343 0.04691344 0.9112544 -0.03817272 0.04712629 0.9106426 -0.03834527 0.04719489 0.9102568 -0.03856986 0.04702734 0.9099144 -0.03909641 0.0466175 0.9092867 -0.03961962 0.0461474 0.9086832 -0.03982961 0.04587942 0.9083726 -0.03979957 0.04576712 0.9082855 -0.03986304 0.04546731 0.908169 -0.04008013 0.0448333 0.9080281 -0.04042744 0.04386073 0.9078956 -0.04082489 0.0426802 0.907791 -0.03518444 0.04494661 0.9095057 -0.03551143 0.04466056 0.9104509 -0.03650707 0.04383027 0.9111533 -0.03630912 0.04437303 0.9109058 -0.03625458 0.04486548 0.9103907 -0.03625243 0.04526376 0.909873 -0.03655087 0.04546248 0.9092172 -0.03672301 0.04551827 0.9088245 -0.03699988 0.04539442 0.9085382 -0.03767192 0.04511874 0.9080469 -0.03834766 0.04481291 0.9076066 -0.03862696 0.04464381 0.9074001 -0.03861939 0.04456812 0.9073501 -0.03876852 0.04434072 0.9073007 -0.03914755 0.04386115 0.907288 -0.03972953 0.04313868 0.9073451 -0.04042857 0.04227995 0.9074711 -0.03400534 0.04241496 0.908201 -0.03463453 0.04235744 0.9092658 -0.03603923 0.04196095 0.9104661 -0.03576642 0.04239565 0.9101404 -0.03552007 0.04278349 0.9095305 -0.03545844 0.04301774 0.9088752 -0.03578573 0.04311829 0.9081029 -0.03604364 0.04305839 0.907622 -0.03636109 0.04286384 0.9073612 -0.03697788 0.04268878 0.9070029 -0.03758901 0.04258102 0.9067124 -0.03787463 0.04254174 0.9065824 -0.03790056 0.04253011 0.906559 -0.03813433 0.04246467 0.9065691 -0.03862708 0.04231119 0.906655 -0.0393365 0.04205936 0.9068692 -0.04019546 0.04173618 0.9072076 -0.03394794 0.03940027 0.9074589 -0.03474056 0.03958904 0.9086 -0.03634065 0.0397433 0.9101743 -0.03621006 0.03988027 0.9098353 -0.03619009 0.04004973 0.9089967 -0.03627997 0.0401315 0.9081557 -0.0367034 0.04021829 0.9072917 -0.03695613 0.04019182 0.9067823 -0.03701996 0.04007554 0.9065774 -0.03720396 0.04002904 0.9063678 -0.03755843 0.04009842 0.9061941 -0.03777223 0.04020559 0.9060829 -0.03778946 0.04030549 0.9060482 -0.03803271 0.0404762 0.9060893 -0.0385493 0.04071736 0.9062765 -0.03928762 0.04099285 0.9066223 -0.04016649 0.04125177 0.9070976 -0.03505688 0.036462 0.9074371 -0.03575336 0.03690314 0.9085441 -0.03720009 0.03754079 0.9100564 -0.03732782 0.03714436 0.9097352 -0.03750538 0.03687775 0.9089593 -0.03763353 0.03682672 0.9082027 -0.03795307 0.0370621 0.9074025 -0.03804391 0.0372982 0.9069274 -0.0379337 0.03749054 0.9067273 -0.03795742 0.03771835 0.9065093 -0.03815394 0.03798991 0.906324 -0.038266 0.03820538 0.9061839 -0.03825861 0.03841018 0.9061071 -0.03848177 0.03880006 0.9061251 -0.03894197 0.03935509 0.9063025 -0.03958821 0.04003411 0.9066457 -0.04033416 0.04076611 0.9071164 -0.03715372 0.03418284 0.9081887 -0.03741294 0.03488671 0.909092 -0.03826963 0.03597259 0.9100958 -0.03846722 0.03541815 0.9097512 -0.03858649 0.03498536 0.909264 -0.03863215 0.03478932 0.9088401 -0.03880739 0.03490662 0.9082716 -0.03882342 0.03507632 0.9078897 -0.03882324 0.03540778 0.9076406 -0.0390836 0.03593951 0.9072641 -0.03934544 0.03637021 0.9069755 -0.03943437 0.03658723 0.9068146 -0.03943461 0.03681093 0.906714 -0.03957802 0.03737258 0.906647 -0.03982639 0.0382238 0.9066842 -0.0401839 0.03928679 0.9068799 -0.04063463 0.04039698 0.907226 -0.03982788 0.03306525 0.9096133 -0.03945446 0.03391718 0.9101886 -0.03945654 0.03525364 0.9105986 -0.0395736 0.03479146 0.9102483 -0.03973078 0.03450816 0.9097898 -0.03983408 0.03428077 0.9094802 -0.04006022 0.03429734 0.9090477 -0.04017937 0.03427433 0.9088051 -0.04032224 0.03446328 0.9085881 -0.04066532 0.03503954 0.9081335 -0.04095053 0.03555762 0.907776 -0.04109174 0.03578656 0.9076263 -0.04117208 0.03597331 0.9075744 -0.04123699 0.03655588 0.9075059 -0.04121953 0.03755462 0.9074494 -0.0411424 0.03887027 0.9074368 -0.04108798 0.04023933 0.9074758 -0.04249948 0.03338295 0.9114266 -0.04158103 0.03416109 0.9116742 -0.04083478 0.0353977 0.911651 -0.04103153 0.03492754 0.9114232 -0.04132431 0.03458791 0.9110274 -0.04159384 0.03432685 0.910673 -0.04191362 0.0343762 0.9101534 -0.04214304 0.03445082 0.9098572 -0.04231178 0.03474247 0.9096069 -0.04254776 0.03535538 0.9090987 -0.04272753 0.03590506 0.9087049 -0.0428633 0.03615272 0.9085666 -0.04297047 0.0362749 0.9085484 -0.04295337 0.03673213 0.9084436 -0.04271823 0.03762286 0.9082679 -0.04223817 0.03887683 0.9080547 -0.04163801 0.04025173 0.907822 -0.04097181 0.04026979 0.9096208 -0.04458862 0.03506648 0.9132182 -0.04334592 0.03562563 0.9132381 -0.04206752 0.03648453 0.9129043 -0.04241901 0.0360313 0.9128512 -0.04288601 0.03571361 0.9125584 -0.04336047 0.03550046 0.9121955 -0.04379314 0.03561717 0.9115266 -0.04409509 0.0357936 0.9110477 -0.04422473 0.03611904 0.9106397 -0.04431861 0.03663259 0.9100131 -0.04436218 0.03707236 0.9095332 -0.04440665 0.03728175 0.9093881 -0.04443216 0.03740179 0.9094116 -0.04426687 0.03777956 0.9092778 -0.04379874 0.03847122 0.9089928 -0.04300403 0.03944087 0.9085872 -0.04204756 0.04053688 0.9081184 -0.04568606 0.03773182 0.9145874 -0.04431611 0.03806817 0.9145232 -0.04279029 0.03842723 0.914009 -0.04328799 0.03820121 0.9141262 -0.04392373 0.03808033 0.9139462 -0.04457443 0.03804087 0.9136067 -0.04508811 0.03821063 0.9128319 -0.0453816 0.03839302 0.9122025 -0.04541009 0.0386123 0.9116472 -0.04535847 0.03890323 0.9109101 -0.04525673 0.03914296 0.910319 -0.0452035 0.03926324 0.9101088 -0.04517894 0.03935897 0.9101243 -0.04495757 0.03960007 0.9099662 -0.044402 0.0399872 0.9096017 -0.04345196 0.04049515 0.9090349 -0.0422762 0.0410481 0.908345 -0.04561829 0.04081732 0.9152587 -0.04424095 0.04096037 0.9152274 -0.04279178 0.04084473 0.9146634 -0.04332518 0.04100322 0.9148829 -0.04400092 0.04120188 0.914771 -0.04468619 0.04139876 0.9144633 -0.0452193 0.04159498 0.9136627 -0.04551815 0.04171144 0.9129878 -0.04554122 0.04175597 0.91238 -0.04547917 0.0418027 0.9115942 -0.04535222 0.04182702 0.9109078 -0.04525476 0.04183238 0.9105899 -0.04518401 0.04184246 0.9105466 -0.0449472 0.04186224 0.9103533 -0.04440462 0.04185551 0.9099392 -0.04346948 0.04178828 0.9092823 -0.04228866 0.04166465 0.9084671 -0.04115778 0.04147052 0.9077103 -0.04443049 0.0437141 0.915126 -0.04315876 0.04363465 0.9152094 -0.04204756 0.04311358 0.9147005 -0.04248452 0.04360669 0.9148992 -0.04305416 0.0440858 0.9147677 -0.04362428 0.0444892 0.9144745 -0.04411542 0.04470086 0.9137299 -0.04443699 0.0447517 0.9131311 -0.04455357 0.0446254 0.9125745 -0.04461377 0.04442089 0.9117833 -0.04459255 0.04419159 0.9110215 -0.04453164 0.04403263 0.9105905 -0.04444885 0.04396069 0.9104908 -0.04424625 0.04382455 0.9102944 -0.04380762 0.04351264 0.9098926 -0.04305231 0.04296433 0.9092562 -0.04209405 0.04223746 0.9084591 -0.04235929 0.04586547 0.914249 -0.04136306 0.04554301 0.9145255 -0.04073554 0.04472565 0.9141725 -0.04100996 0.04540216 0.9142373 -0.04141682 0.04603141 0.9140098 -0.04181253 0.04653465 0.9137016 -0.04222667 0.046754 0.9130603 -0.04250305 0.04679071 0.9126136 -0.04266732 0.0465846 0.912171 -0.04285854 0.0462045 0.9114022 -0.04297471 0.04576581 0.9106124 -0.04302257 0.04547756 0.9101338 -0.04302519 0.04536181 0.9100138 -0.04296207 0.04512983 0.9098479 -0.04274594 0.04460877 0.9095023 -0.04231393 0.04374313 0.9089715 -0.04174411 0.04262512 0.908325 -0.04034298 0.04763442 0.9116004 -0.02873504 0.04390513 0.869162 -0.02875745 0.04340177 0.8699069 -0.0287702 0.04279869 0.869602 -0.02867823 0.04376548 0.8696799 -0.02850347 0.04477757 0.8693625 -0.02830642 0.04564476 0.8688689 -0.02806878 0.04622066 0.8679876 -0.02778112 0.04645246 0.8666472 -0.02760189 0.04628312 0.8656603 -0.02740311 0.04603028 0.8646925 -0.02726304 0.0458095 0.8641026 -0.02721166 0.04562646 0.8638756 -0.0271784 0.04530489 0.8635868 -0.02712351 0.04470378 0.863131 -0.02703148 0.0437954 0.862524 -0.02692538 0.04267019 0.8618449 -0.02593958 0.04309165 0.869271 -0.02619856 0.04266262 0.8699259 -0.02662408 0.04210883 0.869532 -0.02625095 0.04292219 0.8695962 -0.02583754 0.04379653 0.8692945 -0.02546596 0.04455423 0.8688411 -0.02521008 0.0450927 0.8680152 -0.02507334 0.04535818 0.8674089 -0.02506887 0.04537326 0.8667767 -0.02513676 0.04529505 0.8657739 -0.02522349 0.04514902 0.864795 -0.02525901 0.04502266 0.8642547 -0.02526372 0.04490572 0.8640602 -0.02534729 0.04465121 0.8637572 -0.02556824 0.04415249 0.8632644 -0.02592837 0.04339462 0.862609 -0.02636986 0.04246324 0.8618851 -0.02368158 0.04132288 0.8687295 -0.02414828 0.04103893 0.8693078 -0.02502 0.04066735 0.8689254 -0.02441895 0.04125696 0.8688904 -0.02382725 0.04188883 0.868524 -0.02334511 0.04245048 0.8680761 -0.02307766 0.04294306 0.8672929 -0.02295261 0.04320722 0.8667498 -0.02302676 0.04330611 0.8661928 -0.0232765 0.04340612 0.865266 -0.02356743 0.04346239 0.8643759 -0.02372795 0.04347461 0.8639037 -0.02379989 0.04344493 0.8637315 -0.02401483 0.04331815 0.8634413 -0.0244503 0.04302626 0.8629862 -0.0251044 0.04256725 0.8624015 -0.02590394 0.04200887 0.8617625 -0.02238667 0.03892838 0.8676277 -0.02304792 0.03885126 0.8681719 -0.02437621 0.03886955 0.8679849 -0.02369695 0.03933113 0.8678643 -0.02295887 0.03980034 0.8675091 -0.02240723 0.04019021 0.8669767 -0.0221166 0.04059606 0.8661136 -0.02200466 0.04078191 0.8654671 -0.02211546 0.04082572 0.8649119 -0.02238601 0.04098629 0.864148 -0.02269548 0.04119044 0.8634628 -0.02288985 0.04133135 0.8630828 -0.02299606 0.04139572 0.8629307 -0.02329474 0.04146194 0.862685 -0.02384215 0.04150986 0.8623364 -0.02463805 0.04151064 0.861939 -0.02563178 0.04146951 0.8615306 -0.02231818 0.03635621 0.8661596 -0.0231027 0.0364893 0.866724 -0.02471238 0.03694474 0.8668249 -0.02417194 0.0371927 0.8665039 -0.02349215 0.03758931 0.865787 -0.02295875 0.03793078 0.8649949 -0.02268499 0.03837114 0.8640149 -0.02254766 0.03857731 0.8633731 -0.0224961 0.03858691 0.8630365 -0.02253121 0.03869521 0.8626608 -0.02270972 0.0389586 0.862253 -0.02284675 0.03920829 0.8619737 -0.02292501 0.03937959 0.8618597 -0.02321654 0.03966677 0.8617155 -0.02378636 0.04007148 0.8615637 -0.02460694 0.0405451 0.8614243 -0.02561414 0.0410242 0.8613007 -0.02352494 0.03410375 0.8646009 -0.02423423 0.03437793 0.8652307 -0.02569383 0.03514319 0.8655155 -0.02541482 0.03496509 0.8648851 -0.02495217 0.03502118 0.8639417 -0.02449482 0.03525555 0.8631093 -0.02415758 0.03580838 0.8622467 -0.02389568 0.03621453 0.8617761 -0.02369415 0.03646141 0.8616245 -0.02358514 0.03677642 0.8614194 -0.02362823 0.03718352 0.8611637 -0.02366763 0.03751099 0.860974 -0.02368539 0.03778183 0.8609051 -0.02390235 0.03826814 0.8608554 -0.02435868 0.03894406 0.8608564 -0.02502739 0.0397576 0.8609211 -0.02584105 0.04062795 0.8610434 -0.02580839 0.03263348 0.8632696 -0.02619844 0.03296363 0.8640095 -0.02701705 0.0339303 0.8644105 -0.02683877 0.03354525 0.8636645 -0.02653616 0.03331983 0.862854 -0.02622449 0.03334087 0.8621686 -0.02592307 0.03376197 0.8614376 -0.02567023 0.03414797 0.8610147 -0.02550011 0.03463274 0.8608083 -0.02541232 0.03535026 0.8604804 -0.02539777 0.03595525 0.8602004 -0.02538371 0.03630238 0.8600506 -0.02535563 0.03661382 0.8600124 -0.0253973 0.03724879 0.8600406 -0.02553063 0.03814727 0.8601868 -0.02580326 0.03923636 0.8604593 -0.02622717 0.04037249 0.8608072 -0.02872598 0.03227251 0.8624598 -0.0287081 0.0325545 0.8633056 -0.02874839 0.03352099 0.8638148 -0.02864038 0.03313648 0.8630928 -0.02844882 0.033019 0.8622629 -0.02828466 0.03300935 0.8615469 -0.02809321 0.03336822 0.8608055 -0.02796924 0.03364378 0.8603538 -0.02786684 0.03408664 0.8600666 -0.02771955 0.03489971 0.8596819 -0.02760607 0.0356099 0.859398 -0.02756255 0.0359959 0.8592654 -0.02754378 0.03630405 0.8592443 -0.02745056 0.03693717 0.8593587 -0.02725255 0.03789424 0.8596653 -0.02699875 0.03909593 0.8601389 -0.02678698 0.04034161 0.8606547 -0.03166407 0.0331155 0.8623587 -0.03133732 0.03325611 0.8632516 -0.03082746 0.03399515 0.8637867 -0.03100389 0.03365081 0.8630706 -0.03105932 0.03355455 0.8621758 -0.03104448 0.03359258 0.861328 -0.0308513 0.03401428 0.8604903 -0.03070259 0.03439444 0.8599718 -0.03050506 0.03491544 0.8596776 -0.03017801 0.03572058 0.8593254 -0.02989512 0.03642028 0.8590847 -0.02976739 0.03680968 0.8589686 -0.02970319 0.0370571 0.8589402 -0.0294609 0.03755205 0.8590481 -0.02897572 0.03835213 0.8593756 -0.02826064 0.03938835 0.8599318 -0.02744245 0.04049241 0.8605808 -0.02848857 0.03901171 0.8640723 -0.03399056 0.03498178 0.8629826 -0.0335015 0.03494137 0.8638741 -0.03267014 0.03531712 0.8643266 -0.03315377 0.03509414 0.8636502 -0.03344631 0.03511995 0.8627563 -0.03359109 0.03528815 0.8618448 -0.03337752 0.03580224 0.8608924 -0.03313952 0.03627485 0.8602396 -0.03278309 0.03678977 0.8598479 -0.03226226 0.0374546 0.8594385 -0.03180283 0.03800797 0.8591551 -0.03155225 0.03831559 0.8590485 -0.03138506 0.03850567 0.8590774 -0.03096282 0.03886377 0.859216 -0.03021341 0.03940701 0.8595349 -0.02914553 0.04009783 0.8600459 -0.02791982 0.04085397 0.8606453 -0.0352295 0.03746664 0.8641779 -0.0347054 0.03726834 0.865062 -0.03377193 0.03727334 0.8653737 -0.03446578 0.03734338 0.8648196 -0.03492993 0.0376228 0.8639937 -0.03519254 0.03800684 0.8630869 -0.03496611 0.03859066 0.8620531 -0.03463482 0.03906315 0.861306 -0.03413069 0.0394476 0.8608232 -0.03346049 0.03986936 0.8603317 -0.03284156 0.04019963 0.8599694 -0.03246802 0.04038202 0.8598172 -0.03222817 0.04050314 0.8598322 -0.03173166 0.04069423 0.8599209 -0.03087902 0.04092288 0.8601234 -0.02963888 0.04115468 0.860454 -0.02817404 0.04137009 0.8608431 -0.03516209 0.04005575 0.8656811 -0.03468352 0.03974038 0.8665688 -0.03384608 0.03947085 0.8667199 -0.0345844 0.03992879 0.8663723 -0.03508269 0.04052585 0.8656874 -0.03536009 0.04114353 0.8648585 -0.03512495 0.04176175 0.8637931 -0.03477257 0.04217821 0.8629786 -0.03424918 0.04239839 0.862392 -0.03356838 0.04259175 0.8617823 -0.03289759 0.04271751 0.861288 -0.03243994 0.0427705 0.8610344 -0.03214126 0.04277336 0.8609883 -0.03164178 0.0427336 0.8609721 -0.03082197 0.0425949 0.8609915 -0.02961844 0.0423119 0.8610548 -0.02817004 0.04192423 0.8611313 -0.02679771 0.0414772 0.8612049 -0.03383916 0.04223978 0.8671908 -0.03346395 0.04182434 0.8680671 -0.03284895 0.04136919 0.8680478 -0.03343343 0.04215365 0.8679116 -0.03380113 0.04302191 0.8673917 -0.03397619 0.04382872 0.8666901 -0.03373807 0.04445403 0.8656528 -0.03344577 0.04479926 0.8648211 -0.03303754 0.04486346 0.8641351 -0.03247785 0.04484742 0.8633591 -0.03188186 0.04476541 0.8626642 -0.03142791 0.04466253 0.8622496 -0.03113162 0.04455053 0.8621289 -0.03071379 0.04434365 0.8620232 -0.03005331 0.04393506 0.8618767 -0.02908641 0.04325801 0.8616824 -0.02791798 0.0423873 0.861437 -0.03154611 0.04360586 0.868425 -0.03133982 0.04311394 0.8692516 -0.03100824 0.04254579 0.8690775 -0.03126674 0.04350858 0.8690739 -0.03137528 0.0445255 0.8686752 -0.03137123 0.04541659 0.8680955 -0.03114092 0.04602444 0.8671397 -0.03092998 0.04629689 0.8663897 -0.03067213 0.04624527 0.8656954 -0.03028368 0.04607743 0.8647908 -0.02984189 0.04582858 0.8639255 -0.02951443 0.04562413 0.8633671 -0.02934503 0.04547512 0.8631532 -0.02912908 0.045201 0.8629388 -0.02875399 0.04465496 0.8626173 -0.02817928 0.04377233 0.8621909 -0.02748227 0.04264718 0.8616865 -0.02790713 0.04648774 0.8673194 -0.04223334 0.01352083 0.9888983 -0.04181081 0.01177114 0.9891032 -0.04142075 0.00921303 0.9895286 -0.0413264 0.00932753 0.9896152 -0.04149693 0.009646594 0.9894089 -0.04177021 0.01000875 0.989085 -0.0422188 0.01013243 0.9885728 -0.04262727 0.01012933 0.9880963 -0.04304146 0.009750783 0.9876187 -0.04342418 0.009312093 0.9871398 -0.04352915 0.009200215 0.9869502 -0.0434224 0.009448051 0.9870283 -0.04338055 0.00957185 0.9870582 -0.04339867 0.009291112 0.9869863 -0.04341328 0.008559703 0.986845 -0.04339694 0.007545351 0.9866974 -0.03999215 0.01279926 0.9865872 -0.03998386 0.01115113 0.9871015 -0.04027611 0.00873816 0.9880622 -0.04007393 0.008704006 0.9880317 -0.04006254 0.008873939 0.987737 -0.0401231 0.009128153 0.9873882 -0.04043686 0.009238898 0.9869539 -0.04057395 0.009372591 0.986766 -0.04075545 0.009373724 0.9866643 -0.04134035 0.009070217 0.9863342 -0.04192006 0.008724808 0.9860299 -0.04208159 0.008732736 0.9859368 -0.04194617 0.009052336 0.985972 -0.04195421 0.009198069 0.9859783 -0.04216766 0.008950114 0.9860179 -0.04253393 0.008292615 0.9861439 -0.0429514 0.007403016 0.9863435 -0.0381785 0.01075857 0.9846882 -0.03859567 0.009581446 0.9855774 -0.03955656 0.007872581 0.9870124 -0.03939461 0.007753908 0.9868929 -0.0393176 0.007716417 0.9865941 -0.03920036 0.007795512 0.9863565 -0.03935629 0.007873475 0.986035 -0.03933101 0.008028149 0.9858987 -0.039429 0.008112132 0.9858303 -0.04008662 0.007960259 0.9855906 -0.04076641 0.007789492 0.9853904 -0.04096591 0.007878184 0.9853038 -0.04084491 0.008162617 0.9852597 -0.04093658 0.008274435 0.9852451 -0.04129815 0.008084714 0.985355 -0.04188209 0.007612586 0.9856342 -0.04258459 0.006999373 0.9860396 -0.03712826 0.00774759 0.983598 -0.03791904 0.007500648 0.984833 -0.03935045 0.007067322 0.9867102 -0.03930604 0.007254183 0.9865838 -0.03919053 0.007369518 0.9863025 -0.03904515 0.007361412 0.9861112 -0.03915101 0.007257699 0.9857931 -0.0390951 0.007110714 0.9855961 -0.03908908 0.00690329 0.9855085 -0.03957825 0.006700575 0.9853006 -0.04011809 0.006610155 0.9851243 -0.04028993 0.006665229 0.9849953 -0.04019212 0.006791591 0.9848755 -0.04036736 0.006853938 0.984844 -0.04084134 0.006819903 0.9849783 -0.04153889 0.006698787 0.9853232 -0.04238384 0.006530284 0.9858519 -0.03705728 0.004334747 0.9835824 -0.03796839 0.005227804 0.9849078 -0.03944772 0.006164908 0.9870734 -0.03943121 0.00651431 0.9870064 -0.03950923 0.006680548 0.9865098 -0.03956896 0.006633043 0.9860815 -0.03990185 0.006473004 0.9856084 -0.03997659 0.006210565 0.9853647 -0.03980529 0.005893468 0.9853065 -0.0398299 0.005654036 0.9851733 -0.04006874 0.005556225 0.9850369 -0.04018157 0.005514979 0.9848877 -0.04010081 0.005463123 0.9847453 -0.04030036 0.005508899 0.9847135 -0.04079633 0.005679786 0.984885 -0.04151594 0.0059399 0.9852699 -0.04236823 0.006222724 0.9858268 -0.03800278 0.001218199 0.9846755 -0.03867304 0.002978861 0.9857084 -0.03981691 0.004912078 0.9876925 -0.03986632 0.004904925 0.9877095 -0.04004466 0.004733681 0.987241 -0.04016101 0.004629015 0.9867223 -0.0405035 0.004655182 0.9861047 -0.04057747 0.004674375 0.9857218 -0.04038935 0.004663527 0.9855555 -0.04036635 0.004657089 0.9853661 -0.04053962 0.004669427 0.9852229 -0.0406109 0.004585146 0.9851132 -0.04055023 0.004447221 0.9850271 -0.04074907 0.004522323 0.9850196 -0.04119467 0.004824161 0.9851735 -0.04182046 0.005316615 0.9854987 -0.04253494 0.00590974 0.9859554 -0.03979569 -9.47906e-4 0.9866418 -0.03998619 0.001231372 0.9871831 -0.04042619 0.003806471 0.9884663 -0.04039561 0.003631412 0.9884545 -0.04041892 0.003283441 0.988156 -0.04048496 0.003035485 0.9877608 -0.04080671 0.002993941 0.9871768 -0.04094767 0.003009676 0.986797 -0.04102379 0.003160536 0.9865629 -0.04138058 0.003442645 0.9862297 -0.04169851 0.00362116 0.9860198 -0.04175895 0.003537118 0.98598 -0.04170697 0.003383219 0.9859789 -0.04183036 0.003549158 0.9859202 -0.04207301 0.004042685 0.9858843 -0.04241693 0.004810035 0.9859573 -0.04283541 0.005664467 0.9861776 -0.04209315 -0.001722395 0.9890503 -0.04177284 5.08114e-4 0.9891816 -0.04138046 0.00321573 0.9896751 -0.04131013 0.003000557 0.9897192 -0.04147654 0.002645194 0.9894528 -0.04174673 0.002277791 0.9891062 -0.04223382 0.002163946 0.9885528 -0.04249811 0.002107739 0.9882478 -0.04270422 0.002236485 0.9880189 -0.04313009 0.002618014 0.9875707 -0.04344516 0.002924919 0.9872481 -0.04350441 0.002915501 0.9872151 -0.04345893 0.002777695 0.9872936 -0.04345136 0.002972185 0.9872313 -0.04341095 0.003592312 0.9870319 -0.04333424 0.004570662 0.9867665 -0.04327946 0.005596578 0.9865384 -0.04444718 -9.55892e-4 0.9914022 -0.04365742 0.001060664 0.9912744 -0.04266273 0.003346443 0.9911794 -0.0428071 0.003113508 0.9914578 -0.04324555 0.002724349 0.9914017 -0.0437743 0.002326965 0.9911373 -0.04437142 0.002220273 0.99052 -0.04470384 0.002221405 0.9900943 -0.04487669 0.002428293 0.9897169 -0.04515761 0.002842426 0.9891093 -0.04533374 0.003194034 0.988647 -0.04534286 0.00324285 0.9885341 -0.04526573 0.003094375 0.9885987 -0.04513287 0.003195047 0.9884822 -0.04485636 0.003713428 0.9881359 -0.04437994 0.004621207 0.9876022 -0.04380118 0.005651712 0.9869911 -0.04387336 0.005810439 0.987415 -0.04637718 0.001204371 0.9932372 -0.04514318 0.002715587 0.992914 -0.04382103 0.0041821 0.9924097 -0.04416537 0.00400269 0.9928484 -0.04476857 0.003738105 0.9929521 -0.04543709 0.00345683 0.9928221 -0.04609489 0.003384828 0.9921872 -0.046494 0.003383219 0.991647 -0.04664468 0.003527641 0.9911168 -0.04680174 0.003800988 0.9903635 -0.0468595 0.004023194 0.9897744 -0.04680007 0.004050612 0.9895846 -0.04665839 0.003962457 0.9896056 -0.04638761 0.004060149 0.989397 -0.04588228 0.004443764 0.9889109 -0.04510051 0.005105972 0.988172 -0.0441811 0.005901813 0.9873065 -0.04745781 0.004326283 0.9942038 -0.04591977 0.0050112 0.9937536 -0.044474 0.005493581 0.9930375 -0.04490834 0.005432069 0.9935048 -0.04556858 0.005348801 0.9936624 -0.04627728 0.005257308 0.9936206 -0.04694432 0.005233347 0.9930165 -0.04735076 0.005226433 0.9924541 -0.0474528 0.005262494 0.9918726 -0.04751151 0.005330502 0.9910632 -0.04747939 0.005378305 0.9903898 -0.04739362 0.005376458 0.9901253 -0.04727119 0.005381345 0.9901102 -0.04698705 0.005489468 0.9898673 -0.04641824 0.00570172 0.9893326 -0.04550266 0.005998611 0.9884933 -0.04438483 0.006321609 0.9874721 -0.04744476 0.007752716 0.9941266 -0.04590594 0.007473945 0.9936983 -0.04448586 0.006971061 0.9929835 -0.04490333 0.007027149 0.9934271 -0.04553627 0.007107257 0.9935736 -0.04621404 0.007198691 0.9935397 -0.04686242 0.007226645 0.9929596 -0.04726427 0.007238149 0.9924235 -0.04736995 0.007206499 0.9918758 -0.04743325 0.007129073 0.9910985 -0.04740446 0.00705564 0.9903988 -0.04731607 0.007063627 0.990069 -0.04718548 0.007159531 0.9900219 -0.04691261 0.007231414 0.9897934 -0.04637563 0.007216393 0.9892935 -0.04549032 0.007067322 0.9884843 -0.04438239 0.006810903 0.9874745 -0.04331475 0.006502091 0.9865573 -0.04636871 0.01077079 0.9930458 -0.04511815 0.009688854 0.9927814 -0.04386198 0.00824058 0.9922828 -0.04417401 0.008374035 0.9926748 -0.04471993 0.008596837 0.992763 -0.04532009 0.008854389 0.9926592 -0.04593157 0.008933842 0.9920822 -0.04631334 0.008960068 0.9916023 -0.04646217 0.008858263 0.991145 -0.04661619 0.008620619 0.9904488 -0.04667919 0.008371472 0.9897702 -0.04661595 0.008309006 0.9894078 -0.04645246 0.008472323 0.9893594 -0.04620385 0.008576273 0.9891979 -0.04577255 0.008439481 0.9888045 -0.0450676 0.00796622 0.9881469 -0.04418468 0.007239282 0.9873202 -0.04450017 0.01280778 0.9911879 -0.04365992 0.01124137 0.9911439 -0.04273313 0.009042859 0.9910507 -0.04285871 0.009204626 0.9913019 -0.04325222 0.009531199 0.9912515 -0.04371923 0.009893417 0.9910282 -0.04426395 0.01001065 0.9904727 -0.04456615 0.01004701 0.9901044 -0.04471778 0.009903073 0.989785 -0.04497689 0.009535074 0.9891935 -0.04516607 0.009115338 0.9885809 -0.04519015 0.008975803 0.988261 -0.04507923 0.009190142 0.9882737 -0.04494708 0.009334385 0.9882311 -0.04473173 0.009128808 0.9879974 -0.04434466 0.008469879 0.987574 -0.04384112 0.007490098 0.9870507 -0.04245132 0.01021629 0.9883008 -0.02917265 0.004282176 0.864161 -0.02878689 0.004363298 0.8654597 -0.02788627 0.003748059 0.8666154 -0.02815181 0.003924667 0.8661741 -0.02820914 0.003893613 0.86544 -0.02812469 0.003755211 0.8647449 -0.0277279 0.003368794 0.8641681 -0.02716916 0.002903759 0.8639684 -0.02656573 0.002405464 0.8638432 -0.02593165 0.00192213 0.863756 -0.02567416 0.001784622 0.8637977 -0.02581655 0.001957654 0.8639056 -0.02586793 0.002033054 0.8640236 -0.02560442 0.001892507 0.8642762 -0.02500057 0.00155884 0.8647389 -0.02420198 0.001120984 0.8653723 -0.02668488 0.006237804 0.8642046 -0.02650344 0.006213843 0.8655052 -0.02598196 0.005350828 0.8665849 -0.02596062 0.00575608 0.8661304 -0.02579319 0.005898356 0.8653988 -0.02558374 0.005861222 0.8647263 -0.02523976 0.005445718 0.8641774 -0.0250799 0.005167007 0.8639935 -0.02494186 0.004814624 0.8640052 -0.02456951 0.004088044 0.8638709 -0.0241999 0.003372251 0.8637787 -0.02412819 0.003148019 0.8638204 -0.02430176 0.003318667 0.8639151 -0.02438938 0.003319084 0.8640293 -0.02430295 0.002980053 0.8642901 -0.02405244 0.002317309 0.8647632 -0.02371859 0.001497387 0.8653907 -0.02374023 0.007134079 0.8649634 -0.02391719 0.007026314 0.8661442 -0.02391088 0.006021976 0.866975 -0.02358061 0.006484985 0.8665394 -0.02316939 0.006643652 0.8659291 -0.02287787 0.006643235 0.8654427 -0.02263844 0.006258964 0.8649869 -0.02259671 0.006037235 0.8648459 -0.02262938 0.005712807 0.8648358 -0.02253329 0.00492984 0.8646215 -0.02246123 0.004150569 0.8644397 -0.02253866 0.003888905 0.8644161 -0.02271395 0.004009664 0.8644704 -0.02285301 0.003903865 0.8645496 -0.02294546 0.003439426 0.8647524 -0.02302098 0.002643823 0.8651182 -0.02311778 0.001673042 0.8655915 -0.02086925 0.006796479 0.8663356 -0.02161282 0.006679415 0.8671943 -0.02240008 0.005677998 0.8676323 -0.02206081 0.006109416 0.8671275 -0.02165192 0.006357192 0.8665739 -0.02135699 0.006334841 0.8662048 -0.02113127 0.0059399 0.8658351 -0.02100616 0.005658626 0.865778 -0.02096581 0.00532931 0.8658947 -0.02093631 0.004682958 0.8657435 -0.02099686 0.004077911 0.8655433 -0.02110385 0.003859281 0.8654771 -0.02120298 0.003928959 0.8655129 -0.02137488 0.00375545 0.865522 -0.02165561 0.003280401 0.8655554 -0.02206808 0.002552807 0.8656709 -0.02260547 0.001655876 0.8658664 -0.01862567 0.005253851 0.8681033 -0.01992946 0.005299866 0.8684682 -0.02158206 0.004486918 0.8685027 -0.02137279 0.004713654 0.8680316 -0.02099037 0.004717409 0.8673343 -0.02069544 0.004569232 0.8668649 -0.02049517 0.004136979 0.8663928 -0.02034556 0.003882646 0.8663279 -0.02022284 0.003810167 0.8665742 -0.02012807 0.003639161 0.8666557 -0.02017396 0.003363549 0.8665735 -0.02021396 0.003237187 0.8665199 -0.02019375 0.003287613 0.8665717 -0.0203647 0.003139317 0.8665096 -0.02081525 0.00276947 0.8663696 -0.02151709 0.002216458 0.8662132 -0.02237963 0.001531898 0.866097 -0.0174818 0.002767205 0.8699352 -0.01901328 0.00314027 0.8697924 -0.02116703 0.002739429 0.8694058 -0.02094727 0.002590715 0.8691913 -0.02055251 0.002331793 0.8687137 -0.02031219 0.002200722 0.8682888 -0.02021151 0.002013862 0.8677054 -0.02016746 0.002056479 0.8674719 -0.02014416 0.002291202 0.8675476 -0.02011048 0.002391219 0.8675093 -0.02015405 0.002320289 0.8673883 -0.02011626 0.002280354 0.8673877 -0.02000641 0.00232017 0.8674836 -0.02015101 0.002216517 0.8673648 -0.02061825 0.00197196 0.8670927 -0.02137798 0.001626014 0.866733 -0.02232015 0.00122404 0.8663603 -0.01770401 -1.9288e-4 0.8714414 -0.01911687 5.70802e-4 0.8709165 -0.02125644 9.41119e-4 0.8700246 -0.02105361 7.52528e-4 0.8698973 -0.02078002 5.91672e-4 0.8697097 -0.02066683 5.7821e-4 0.869532 -0.02061235 5.58062e-4 0.8691368 -0.02058225 6.83106e-4 0.8690115 -0.02062386 8.71479e-4 0.8689303 -0.02070021 8.55066e-4 0.8684833 -0.02076089 7.72134e-4 0.8681808 -0.02067017 7.28562e-4 0.8682724 -0.02050834 7.17144e-4 0.8684483 -0.02057564 7.11842e-4 0.8682591 -0.02092373 7.54626e-4 0.8678028 -0.02157294 8.1773e-4 0.8671911 -0.02241426 8.23852e-4 0.8665822 -0.01927137 -0.003035783 0.8722746 -0.02042478 -0.001950979 0.8715754 -0.02212679 -7.40784e-4 0.8703534 -0.02204018 -8.11893e-4 0.8701965 -0.02191185 -8.77578e-4 0.8699153 -0.02186274 -8.78538e-4 0.869797 -0.02183282 -9.06987e-4 0.8695275 -0.02181875 -8.83633e-4 0.8696085 -0.02183693 -8.55632e-4 0.8696193 -0.02187103 -9.08352e-4 0.8690581 -0.02189618 -9.54835e-4 0.8686504 -0.02181297 -0.001039505 0.8687663 -0.02166765 -0.001159846 0.8690304 -0.02166652 -0.001114845 0.8688879 -0.0218687 -7.82313e-4 0.8683525 -0.02227795 -2.12167e-4 0.8675451 -0.02276432 3.58166e-4 0.8667104 -0.02187889 -0.005172193 0.8722313 -0.02273106 -0.003870368 0.8715803 -0.02372407 -0.002194106 0.8703721 -0.0238111 -0.002340376 0.8702156 -0.02380007 -0.002477467 0.8699619 -0.02377521 -0.00252819 0.8698506 -0.02369546 -0.002526819 0.8695815 -0.0236659 -0.002507507 0.8696109 -0.02366518 -0.002446115 0.8695679 -0.02359509 -0.00238651 0.8689907 -0.02354091 -0.002331256 0.8685625 -0.02346628 -0.002419531 0.8686548 -0.02332741 -0.002620279 0.86897 -0.02319908 -0.002591669 0.868918 -0.02316039 -0.002135515 0.8684405 -0.02321302 -0.001232564 0.8676522 -0.0232771 -1.46224e-4 0.8667697 -0.0234791 -5.01949e-4 0.8663665 -0.02499634 -0.006133258 0.8713137 -0.02544003 -0.00471878 0.8709346 -0.02556848 -0.003042101 0.8700385 -0.02570778 -0.003297984 0.8698902 -0.02572691 -0.003448724 0.869646 -0.02573001 -0.003493189 0.8695598 -0.0255956 -0.003479123 0.8692805 -0.02551764 -0.003495216 0.8692112 -0.0254414 -0.003436803 0.8691103 -0.02520501 -0.003335177 0.8685845 -0.02501219 -0.003250122 0.8682099 -0.02494406 -0.003329336 0.8682885 -0.0248925 -0.003498196 0.8685469 -0.02472436 -0.00337696 0.8684759 -0.02446842 -0.002789914 0.8680747 -0.02414101 -0.001718997 0.8674249 -0.0237782 -4.10948e-4 0.8666608 -0.02796494 -0.005690574 0.8697389 -0.02792173 -0.00436902 0.8698218 -0.02729165 -0.003049552 0.8694291 -0.02743476 -0.003406822 0.8692829 -0.02742189 -0.003620684 0.8690383 -0.02741885 -0.003701865 0.8689413 -0.02722126 -0.003715336 0.8686428 -0.02710199 -0.003734529 0.8684989 -0.02694386 -0.00364989 0.86838 -0.02654647 -0.003530085 0.8679481 -0.02620345 -0.003410279 0.867623 -0.02613651 -0.003426671 0.8676204 -0.02622669 -0.003511726 0.8677302 -0.02611404 -0.003330111 0.8676072 -0.02573591 -0.002742052 0.8673028 -0.02507394 -0.001704573 0.8668789 -0.02423375 -4.19219e-4 0.8664037 -0.03015208 -0.00394982 0.8678805 -0.02973288 -0.002962946 0.868476 -0.02864801 -0.002182126 0.8686337 -0.02887666 -0.002615928 0.8684822 -0.02888822 -0.002945482 0.8682059 -0.02887552 -0.003125548 0.8680253 -0.02859246 -0.00321722 0.8676624 -0.02841728 -0.00324124 0.8674382 -0.02819639 -0.003145933 0.8672922 -0.02770942 -0.003050208 0.8669193 -0.02725684 -0.002919614 0.8666025 -0.02714836 -0.002818048 0.8664951 -0.02729046 -0.002735912 0.8664945 -0.02718508 -0.002503216 0.8663968 -0.0267015 -0.002010762 0.8662616 -0.02577626 -0.001197636 0.8661489 -0.02456051 -1.91314e-4 0.8660663 -0.02338039 7.33602e-4 0.866056 -0.03112822 -0.001327753 0.8661407 -0.03056925 -7.60372e-4 0.8671329 -0.0293256 -5.50001e-4 0.8677964 -0.02969521 -9.45011e-4 0.8675936 -0.02980899 -0.001324713 0.8671982 -0.02981436 -0.001580059 0.8668348 -0.02945029 -0.001781046 0.8663706 -0.02919536 -0.001854658 0.8661047 -0.02888387 -0.001838982 0.8659838 -0.02828544 -0.001887679 0.8657022 -0.02767443 -0.001885592 0.8654534 -0.02742063 -0.001763045 0.8653473 -0.02753853 -0.001527249 0.8653317 -0.02747666 -0.001236259 0.8652857 -0.02700245 -8.62675e-4 0.8652985 -0.02601552 -3.6318e-4 0.8654566 -0.02467799 2.01279e-4 0.8657346 -0.03075891 0.001604139 0.8648359 -0.03024387 0.001858294 0.8660464 -0.02908235 0.001594245 0.8670678 -0.02948176 0.00143063 0.866733 -0.02964025 0.001166939 0.8661383 -0.02963519 9.31095e-4 0.8655661 -0.02923721 6.25432e-4 0.8650228 -0.02894455 4.85065e-4 0.8648003 -0.02858227 3.85709e-4 0.8647732 -0.02790546 1.29817e-4 0.8646049 -0.0271753 -8.98105e-5 0.8644664 -0.02683091 -8.89695e-5 0.8644278 -0.02695322 1.30874e-4 0.8644529 -0.02697575 3.38549e-4 0.8644808 -0.02659827 4.81312e-4 0.8646182 -0.025734 5.8661e-4 0.8649695 -0.02455073 6.54756e-4 0.8654949 -0.0274685 0.003142118 0.8639632 -0.04326868 0.01419836 0.9495481 -0.0426768 0.01248884 0.949818 -0.04214435 0.01001578 0.9501814 -0.04211449 0.01023161 0.9502544 -0.04234218 0.0106278 0.9499385 -0.04267162 0.01101678 0.9494479 -0.04310464 0.01109862 0.9487281 -0.04347711 0.0109359 0.9480468 -0.04375427 0.01050567 0.94747 -0.04398524 0.0100314 0.9469071 -0.04401946 0.009889721 0.9467165 -0.04392081 0.01012074 0.9468689 -0.04386502 0.01025104 0.9469612 -0.04381674 0.009993016 0.9469155 -0.04371446 0.009291768 0.9467717 -0.04355627 0.008311033 0.9466102 -0.04058617 0.01383167 0.9476602 -0.04033952 0.01215976 0.9480784 -0.0404731 0.009734809 0.9487488 -0.04021245 0.009799599 0.9486587 -0.04016536 0.01005125 0.9482523 -0.04023718 0.01034516 0.9477731 -0.04055988 0.01042622 0.9471824 -0.04075413 0.01049864 0.9469249 -0.04097861 0.01042407 0.9467839 -0.04150086 0.01005423 0.9463495 -0.04200619 0.009651422 0.9459484 -0.04216903 0.009623467 0.9458718 -0.04208785 0.009935319 0.9460135 -0.04211956 0.01008433 0.9460926 -0.04231947 0.009831726 0.9461365 -0.04264646 0.009152293 0.9462068 -0.0430147 0.008232891 0.9463243 -0.03828901 0.01209181 0.9459816 -0.03849864 0.01079821 0.9466683 -0.03937596 0.008961498 0.9476234 -0.03909754 0.008889138 0.9473981 -0.03893631 0.00889045 0.9469928 -0.0388078 0.008990168 0.9466902 -0.03897446 0.009055018 0.946296 -0.03901523 0.009195089 0.9461674 -0.03918051 0.009250521 0.9461103 -0.03982394 0.009048163 0.9457746 -0.04048579 0.008826434 0.9454773 -0.04072147 0.008898496 0.9454087 -0.0406664 0.009198725 0.9454661 -0.04080325 0.009314537 0.945504 -0.04119318 0.009100615 0.9455918 -0.04180389 0.008572518 0.9457842 -0.042539 0.007884323 0.946069 -0.03680258 0.00925076 0.9448751 -0.03752928 0.008843421 0.9458739 -0.0390715 0.008191585 0.9471921 -0.03897124 0.008394539 0.9469606 -0.0388084 0.008535921 0.9466386 -0.03864592 0.008542716 0.9464561 -0.03871303 0.008442699 0.9461312 -0.03864014 0.00830692 0.9459649 -0.03863418 0.008098542 0.9459004 -0.03909885 0.007868051 0.9456198 -0.03963184 0.007746934 0.9453684 -0.039828 0.0078004 0.9452464 -0.03976738 0.007949113 0.9451947 -0.03998535 0.00800544 0.9451785 -0.04051595 0.007927715 0.9452642 -0.04129499 0.00772804 0.9455094 -0.04224878 0.00745511 0.9459054 -0.03643959 0.005831658 0.9446223 -0.03744298 0.0066154 0.9457404 -0.03926366 0.007321059 0.9474298 -0.03926134 0.007720291 0.9472949 -0.03927946 0.007954239 0.9467757 -0.03927087 0.007952809 0.9463685 -0.03950881 0.007804751 0.9458783 -0.03951352 0.007540643 0.9456555 -0.03930234 0.007217884 0.9456496 -0.0392881 0.006964623 0.9455255 -0.03950619 0.006840765 0.9453636 -0.03961151 0.006784915 0.9452142 -0.03952914 0.006728529 0.9451074 -0.03975933 0.006741821 0.9450641 -0.04033368 0.00684601 0.9451733 -0.041179 0.007009267 0.9454562 -0.04219192 0.007173001 0.9458855 -0.03730899 0.002539932 0.9453075 -0.03815001 0.004274547 0.9462031 -0.03976303 0.006064355 0.9479088 -0.0398277 0.006138086 0.9478541 -0.03992384 0.006062507 0.9473435 -0.03994446 0.006037294 0.9468438 -0.04017019 0.006104707 0.9462268 -0.04016441 0.00614047 0.9458891 -0.0399301 0.006132125 0.9458075 -0.03986096 0.006112039 0.9456583 -0.04000592 0.006087601 0.9455114 -0.0400511 0.005960345 0.9454085 -0.0399686 0.00577563 0.9453447 -0.04018783 0.005784094 0.9453131 -0.04071068 0.005996942 0.9454022 -0.04146748 0.006381928 0.9456347 -0.04235076 0.006855964 0.9459854 -0.03925883 7.61435e-5 0.9467636 -0.03966146 0.002289533 0.9472864 -0.04055899 0.004890799 0.9485519 -0.04052841 0.004831314 0.9484965 -0.04048579 0.00460416 0.9481763 -0.04046261 0.00446099 0.9477968 -0.04065591 0.00448215 0.947213 -0.04070192 0.004516601 0.9468727 -0.0407195 0.0046494 0.946686 -0.04102092 0.00489515 0.946335 -0.04130083 0.005022525 0.9461043 -0.04132759 0.00486803 0.9460788 -0.04124963 0.004630565 0.9460972 -0.04137742 0.0047127 0.9460249 -0.04166847 0.00512731 0.945959 -0.04211336 0.005814731 0.9459909 -0.04267424 0.006579577 0.9461567 -0.04191088 -0.001058161 0.9486432 -0.04185467 0.001249849 0.9489139 -0.04184085 0.00413084 0.949615 -0.04179292 0.00404042 0.949635 -0.04189026 0.003812849 0.9493172 -0.04205149 0.003553569 0.9489288 -0.04238826 0.003503918 0.9483344 -0.04254364 0.003456652 0.9480449 -0.04267591 0.003552675 0.9478402 -0.04302334 0.003899037 0.947363 -0.04327893 0.004158496 0.9470251 -0.04330068 0.004065036 0.9470115 -0.04323464 0.003818154 0.9471065 -0.04322487 0.003922343 0.9470472 -0.04320657 0.004490494 0.9468651 -0.04317975 0.005447864 0.9466379 -0.04319012 0.006452262 0.9464441 -0.04474657 -6.45747e-4 0.950546 -0.04425281 0.001498639 0.9507259 -0.04354828 0.00400716 0.9509541 -0.04377603 0.003856718 0.9511631 -0.04417419 0.003561973 0.9509898 -0.0445792 0.003253459 0.9506214 -0.04498213 0.003213405 0.9499374 -0.04516458 0.003228545 0.9495151 -0.04523164 0.003416776 0.9491731 -0.04540103 0.003820359 0.9485653 -0.04549288 0.004147946 0.9481143 -0.04545545 0.004125952 0.9480307 -0.04535478 0.003872692 0.9481148 -0.04519927 0.003895699 0.9480156 -0.04490286 0.004392981 0.9477193 -0.04441112 0.005336821 0.9472888 -0.04381692 0.006427645 0.9468067 -0.04400414 0.006514012 0.9471729 -0.04719042 0.001239776 0.9521095 -0.04620718 0.002923309 0.952238 -0.04510164 0.004583775 0.9520916 -0.04558002 0.00442332 0.9524111 -0.04617214 0.004199445 0.9523493 -0.0467211 0.003964543 0.9520776 -0.0471552 0.003945291 0.9513571 -0.04736912 0.003960013 0.9508019 -0.04737627 0.00410825 0.9503086 -0.04737901 0.004401743 0.9495718 -0.04731816 0.004630446 0.9490094 -0.04720741 0.00461781 0.9488553 -0.04705339 0.004461765 0.9489028 -0.04674643 0.004529118 0.9487326 -0.04617798 0.004942417 0.9483323 -0.04530978 0.005694448 0.9477428 -0.04429239 0.006611526 0.9470602 -0.04870468 0.004227042 0.9530543 -0.0473085 0.005070567 0.9531267 -0.04602956 0.005703032 0.9527689 -0.0466358 0.005592525 0.9531028 -0.0473203 0.005479931 0.9530742 -0.04794043 0.005372285 0.9528716 -0.04838716 0.005370199 0.952159 -0.04860532 0.005381822 0.9515611 -0.04854583 0.005448758 0.9510068 -0.04841858 0.005567908 0.9502134 -0.04823374 0.005660057 0.9495648 -0.0480802 0.005666315 0.9493263 -0.04794675 0.005658268 0.9493306 -0.04761356 0.005789577 0.9491292 -0.04694581 0.006075859 0.9486898 -0.04587984 0.006501913 0.9480158 -0.04457795 0.006987035 0.947199 -0.0489459 0.007676005 0.9532187 -0.04745906 0.007488906 0.953293 -0.04615175 0.007122039 0.9529151 -0.04678589 0.007089018 0.9532608 -0.04750514 0.007090926 0.9532373 -0.0481618 0.007120251 0.9530327 -0.04862892 0.007137119 0.9523043 -0.04885739 0.007162511 0.9516884 -0.04879361 0.00717318 0.9511258 -0.0486499 0.007159709 0.950335 -0.04843533 0.007152855 0.9496382 -0.04824537 0.007208585 0.9493223 -0.04808002 0.007339835 0.9492958 -0.04773497 0.00747174 0.9491095 -0.0470674 0.007554292 0.9486976 -0.04598379 0.007547616 0.9480373 -0.04463076 0.007461547 0.9472128 -0.0433315 0.007312715 0.9464677 -0.04790401 0.0108515 0.9525897 -0.04665267 0.009819626 0.9527275 -0.04542487 0.008512556 0.952499 -0.04597562 0.008591711 0.9528498 -0.04666578 0.008756995 0.952801 -0.04731857 0.008956074 0.9525193 -0.04780846 0.009001374 0.9517475 -0.04804831 0.009013235 0.9511349 -0.04803353 0.008921921 0.9506046 -0.04796868 0.008720517 0.9498476 -0.04781728 0.008518815 0.9491334 -0.047616 0.00849843 0.9487721 -0.04739516 0.008702039 0.9487596 -0.04706811 0.008870303 0.9486523 -0.04650133 0.008828938 0.9483376 -0.04558855 0.008484482 0.9477934 -0.04444742 0.007905066 0.9471006 -0.04586648 0.01315075 0.9512912 -0.04495513 0.01163589 0.9514918 -0.04396033 0.009572148 0.9515358 -0.04426842 0.009767413 0.9517781 -0.04479581 0.01010853 0.9516102 -0.04534256 0.01045501 0.9512075 -0.04582661 0.01052844 0.9504334 -0.04605042 0.01050978 0.949916 -0.04608684 0.01032066 0.9495022 -0.04614877 0.009940505 0.948822 -0.04612982 0.009526312 0.9481442 -0.04602217 0.009392023 0.9478148 -0.04587072 0.009614229 0.9478742 -0.04568624 0.009791672 0.947888 -0.0453611 0.009648561 0.9477097 -0.0447967 0.00907588 0.9473484 -0.04407292 0.0081954 0.9468913 -0.04333513 0.01110541 0.9483295</float_array>
          <technique_common>
            <accessor source="#fruits-mesh-positions-array" count="2880" stride="3">
              <param name="X" type="float"/>
              <param name="Y" type="float"/>
              <param name="Z" type="float"/>
            </accessor>
          </technique_common>
        </source>
        <source id="fruits-mesh-normals">
          <float_array id="fruits-mesh-normals-array" count="8640">-0.03513425 0.7146797 -0.698569 0.2628896 0.5830094 -0.7687582 0.4052998 0.7078102 -0.5785645 -0.1204178 0.8871599 -0.445474 0.5274388 0.8037467 -0.2753176 0.4149994 0.8708564 0.2634101 0.4796432 0.6262102 0.614657 0.6522171 0.2976444 0.6971519 -0.3447165 0.3252918 -0.880543 0.563804 -0.122815 -0.8167262 -0.8549439 -0.5160294 -0.05277103 0.4078215 0.3545048 0.8414321 -0.7303196 -0.5138813 -0.4500659 -0.5620834 -0.6610112 -0.4971183 -0.2410753 0.3351632 -0.9107955 0.5582906 0.7895783 -0.2547111 -0.5267266 -0.7441398 -0.4108711 -0.721338 -0.6921797 0.02363789 -0.2940089 0.2132114 -0.9317187 -0.1753515 0.2351792 -0.9560034 -0.2104453 -0.9566702 0.2012338 -0.3911164 -0.702274 0.5948439 0.117628 -0.9610347 0.2501519 0.4775725 0.0271961 0.8781715 -0.3403688 -0.8604831 0.3791016 -0.3166928 0.1476179 -0.9369711 -0.260213 0.1391022 -0.9554789 -0.493657 -0.3888984 -0.7778565 -0.8189912 -0.2575574 -0.5127549 -0.5731989 -0.3415906 -0.7448214 -0.4816192 -0.4742664 -0.736963 -0.3248326 0.1025751 -0.9401926 -0.2941803 0.09978592 -0.9505266 -0.02736568 0.7166152 -0.6969317 0.08706212 0.5386927 -0.837992 -0.3400508 0.05495244 -0.9388002 0.8415941 0.488193 -0.2310564 -0.03602504 0.1791198 -0.9831675 -0.8719082 -0.4495437 -0.1941307 -0.5389086 -0.4941902 0.6821684 -0.6915357 -0.5827062 0.4268866 -0.2056313 0.117178 -0.971589 -0.8541623 -0.1269729 -0.5042666 -0.6151021 -0.1909285 -0.7649809 -0.2752268 0.09863114 -0.9563066 0.4083433 0.3949682 -0.8229557 0.077003 0.1599724 -0.9841135 0.8355832 0.4815052 -0.2644873 0.6121609 0.4977234 -0.6144351 0.5215358 0.03530859 0.8524985 -0.2059835 0.1464717 -0.9675313 0.4033485 0.02657842 0.9146605 -0.6984294 -0.2241171 -0.6796823 0.9556809 0.1884313 -0.2262026 0.05508768 0.128425 -0.9901881 -0.5398216 -0.1728097 -0.8238505 -0.8188494 -0.1255252 0.5601153 -0.8676819 -0.2154985 0.4479829 -0.1677514 0.09977996 -0.9807668 -0.7938427 0.3990479 -0.458884 -0.6227421 -0.08462893 -0.7778369 -0.2644737 0.08874791 -0.9603008 0.4818044 0.1767627 -0.8582654 -0.04254209 -0.1198939 -0.9918749 0.9859119 0.1668515 -0.01175928 0.8671277 0.08564293 -0.490668 0.3400133 -0.05778884 0.9386434 0.7507618 0.1458992 -0.6442593 0.4121043 -0.03611814 0.9104207 0.3783827 0.1478779 -0.9137607 -0.004687845 0.03612327 -0.9993364 0.8958052 -0.237906 -0.3754115 0.4539104 -0.2481474 0.8557969 -0.8767481 0.2120254 0.4316921 -0.1806372 0.03952425 -0.9827554 -0.3998211 0.02037036 0.9163668 -0.6313779 0.007889866 -0.7754353 -0.2685313 0.04852211 -0.9620481 0.8629599 0.02465808 0.5046706 -0.1552128 -0.1446846 -0.9772284 0.9170224 -0.0617963 0.3940194 0.651742 -0.2261466 -0.7239407 0.2520548 -0.02945047 0.9672648 0.8631577 -0.1998664 -0.463694 0.5474023 -0.1009466 0.830759 0.796007 -0.1728179 -0.5800922 0.917135 -0.07274335 -0.3918826 -0.1287901 -0.06933516 -0.989245 0.4479372 0.1401644 0.8830098 -0.7176398 0.5847416 0.3782464 -0.2236922 -0.01722747 -0.9745076 -0.1418593 0.2674998 0.9530583 -0.6431875 0.1086193 -0.7579655 -0.2797236 0.02406626 -0.959779 0.7987173 -0.3895426 0.4585927 -0.06734526 -0.164821 -0.9840217 0.7021215 -0.1003003 0.7049576 0.7404401 -0.3780556 -0.555718 0.2703228 0.06866836 0.9603178 0.8457165 -0.3284322 -0.4205899 0.754446 -0.6536188 0.05994874 0.7995758 -0.3204173 -0.5079482 0.4957674 -0.2308273 -0.8372178 0.9926909 -0.04862421 0.1104569 -0.2521672 -0.1516661 -0.9557244 -0.6670798 0.7081716 0.2312956 -0.3947494 0.870198 0.2948362 -0.2978601 -0.07545328 -0.9516229 -0.9543603 -0.2101138 -0.2122464 -0.6101216 0.2700965 -0.7448488 -0.3073235 0.004135429 -0.9515962 0.3364018 -0.5198825 -0.7852108 0.2650079 -0.3659315 -0.8921127 0.3347173 -0.6841818 -0.6479658 0.8642963 -0.4822711 0.1428514 0.2820991 0.2764021 0.9187068 0.8208851 -0.57007 -0.03417724 -0.9603737 -0.181055 0.2118996 0.6524649 -0.6492274 -0.3908879 -0.1510977 -0.2493403 -0.9565558 0.1685034 -0.3436146 -0.9238699 -0.3284111 -0.1153702 -0.9374625 -0.4182423 -0.03470385 -0.9076723 0.048491 0.9869243 0.1537175 -0.3583564 -0.08629792 -0.9295878 -0.2784622 -0.3574743 -0.8914431 -0.4975366 0.415396 -0.761514 -0.3681849 -0.01965022 -0.9295449 -0.08361333 -0.6423944 -0.7617995 0.03075933 -0.8872486 -0.4602648 -0.145094 -0.4653539 -0.8731515 0.5351922 -0.6689204 0.5158633 -0.2615843 0.2961239 -0.9186318 0.450895 -0.836612 0.3110855 -0.260706 0.5458144 -0.796316 0.2708057 -0.95582 -0.1143353 -0.2941756 -0.1058287 -0.9498742 -0.1202771 -0.590753 -0.7978374 -0.3435372 -0.07316988 -0.9362844 -0.4631113 -0.6117581 -0.6413111 0.4772869 0.8756228 -0.07404023 -0.3637433 -0.05509454 -0.9298685 -0.4199664 -0.5074827 -0.7523893 -0.272454 0.421217 -0.8650695 -0.3849331 -0.01668196 -0.9227937 -0.4303951 -0.6106681 -0.664714 -0.4081712 -0.900916 -0.1474671 -0.3659473 -0.3502585 -0.8622074 0.2232157 -0.5869782 0.7782233 0.08948236 0.6106498 -0.786829 0.02046841 -0.8051332 0.592741 0.2306544 0.7074215 -0.6680969 -0.2228398 -0.9491069 0.2225726 -0.276264 0.008177101 -0.9610471 -0.4230048 -0.8591539 -0.2879611 -0.152398 0.08178603 -0.9849295 -0.3612178 -0.01227241 -0.9324008 -0.788255 -0.6145831 0.03068822 -0.7923967 -0.5300262 -0.3019602 0.7615135 0.5897448 -0.2688835 -0.3865258 -0.0135709 -0.9221788 -0.7444264 -0.4486005 -0.4945574 -0.1257505 0.2689465 -0.9549108 -0.3862912 0.001456618 -0.9223757 -0.7371 -0.4538983 -0.5006597 -0.9019722 -0.4128478 0.1265022 -0.4923275 -0.1708549 -0.8534767 0.01205962 -0.3535113 0.9353525 0.5122185 0.4543694 -0.7288215 -0.3315295 -0.5406216 0.773186 0.578437 0.4591734 -0.6742184 -0.6301872 -0.63987 0.4398074 0.03112602 0.02870637 -0.9991033 -0.3597123 0.01827102 -0.9328843 -0.9731086 -0.1651214 0.1606072 -0.9752657 -0.1408506 -0.1703471 0.9060023 0.2084454 -0.368389 -0.3984446 0.01635754 -0.9170466 -0.9143667 -0.1088444 -0.3899828 -0.07397031 0.06289869 -0.995275 -0.3899602 0.02363157 -0.9205285 -0.8997951 -0.09599018 -0.4256228 0.4961777 0.8630908 -0.09424567 -0.5202595 -0.005047321 -0.8539934 -0.09922689 -0.07450348 0.9922718 0.6883379 0.1364991 -0.7124317 -0.5180639 -0.1401697 0.8437786 0.7944983 0.1246569 -0.5943341 -0.8270606 -0.1715047 0.5353101 0.128205 -0.1074985 -0.9859045 -0.3544371 0.03615015 -0.9343808 -0.9430412 0.2970019 0.1498774 -0.9448817 0.2710161 -0.1837092 0.9115231 -0.2123844 -0.3521626 -0.3962656 0.0453087 -0.9170173 -0.8815922 0.2391818 -0.4069242 -0.07902169 -0.149847 -0.9855464 -0.3873298 0.04838716 -0.9206707 -0.8723494 0.2336629 -0.4294278 -0.5826838 0.8122844 -0.02595669 -0.6476778 0.1524783 -0.7465011 -0.08246552 0.2047254 0.9753395 0.5246261 -0.1659652 -0.8349988 -0.493492 0.2751438 0.8250829 0.8513492 -0.2462267 -0.4632245 -0.7960628 0.3062751 0.5219957 0.09217905 -0.2973365 -0.9503127 -0.3532386 0.07640922 -0.9324077 -0.707067 0.6117082 -0.3547807 0.778823 -0.5868299 -0.2215078 -0.3811667 0.08129316 -0.9209253 -0.6596747 0.5174295 -0.5450653 -0.1396536 -0.3520795 -0.9254929 -0.3726222 0.07255536 -0.9251424 -0.6695379 0.552276 -0.4966993 -0.7590833 0.645065 0.08765757 -0.6030672 0.4657375 -0.6476099 0.03269648 0.4654045 0.8844941 0.2307503 -0.3364554 -0.9129908 -0.2666488 0.6361012 0.7240675 0.695772 -0.645016 -0.3159995 -0.5402165 0.7378374 0.4046755 -0.7041484 0.7100131 -0.007510364 0.1809642 -0.6536212 -0.7348683 -0.3479554 0.1575795 -0.9241731 -0.1932747 -0.2997838 -0.9342241 0.5170566 -0.8559455 0.003154814 -0.352809 0.1230142 -0.9275739 -0.290216 0.3190243 -0.9022185 -0.2824956 -0.4912995 -0.8239061 -0.3482892 0.09445035 -0.9326167 -0.3678684 0.685687 -0.6280974 -0.4745503 0.8706586 -0.129444 -0.3639907 0.6473935 -0.6696212 0.1791509 0.7251703 0.6648556 -0.6924848 -0.6423007 -0.3285038 0.08462202 0.8278541 0.554524 0.3798571 -0.8722718 0.3079781 -0.0927509 0.978224 0.1856747 -0.4543051 0.4613786 -0.7620608 -0.105114 0.8913124 -0.4410367 0.4326919 0.7124153 0.5524873 0.4142551 0.75829 0.5033777 -0.6297107 0.02871352 -0.7762989 -0.7025291 -0.1337299 -0.6989772 -0.7340466 -0.1580831 -0.6604434 0.2893772 -0.3693833 0.8830724 0.4017415 -0.3799218 0.8332247 -0.1177403 0.9418975 -0.3145893 -0.7428356 -0.4916007 -0.4544491 0.3203363 -0.3718582 0.871267 0.3782653 -0.4786583 0.7923393 0.2578598 0.9639141 0.06616657 -0.7333312 -0.1903743 -0.6526737 0.6556714 0.707602 0.2634282 0.4841897 0.1478558 0.86238 0.5636214 0.3026952 0.7685744 -0.815936 -0.3374344 -0.4694535 -0.06578165 0.8367068 -0.5436861 0.06852537 0.9861775 -0.1508584 -0.1246893 -0.8173839 0.5624377 0.1587683 -0.8428493 0.5141963 -0.1380987 -0.9827548 -0.1229707 0.5896129 -0.06994372 0.8046518 -0.4488822 -0.8832882 0.1353023 -0.4025346 0.3117155 -0.860697 -0.4354619 0.3294317 -0.8377635 0.7857059 -0.4065464 -0.4662471 -0.8564658 -0.3289499 -0.397817 -0.6061481 -0.04344719 -0.7941643 -0.6562556 -0.02755928 -0.7540352 -0.4369925 0.2519995 -0.8634431 -0.4566321 0.2613179 -0.8504118 0.07431125 0.8246279 -0.5607734 -0.630393 -0.229957 -0.7414341 -0.4747555 0.2187341 -0.8525038 -0.2292693 0.418654 -0.8787289 0.3954372 -0.9144213 0.08638983 -0.6503937 -0.6542294 0.385969 -0.3733952 0.276382 -0.8855445 0.4468855 -0.3995419 -0.8004122 -0.7299996 -0.02333801 -0.683049 -0.4226474 0.2447014 -0.8726342 0.2274462 0.7392047 -0.6339122 -0.7107107 0.05694758 -0.7011757 0.5038267 0.7632163 0.4045488 -0.7987458 0.05035138 -0.5995582 0.2456522 -0.1764578 0.953162 -0.2619713 -0.5536067 -0.7905003 0.4478965 -0.1395928 0.883121 0.1255257 -0.8337056 -0.5377531 0.6739163 0.7365918 -0.05717813 0.2600524 -0.9580247 -0.1206708 -0.2289063 0.2866541 -0.9302857 0.6933723 -0.1891636 -0.6953071 -0.2275353 -0.9664645 -0.1190552 -0.7274146 -0.2541705 0.6373896 -0.3516426 0.2601889 -0.8992493 -0.9512901 0.1960331 -0.2379456 -0.807397 -0.0180124 -0.5897336 -0.4106495 0.2845494 -0.8662557 -0.317681 0.9476115 0.0333355 -0.8955237 0.1971845 -0.3989432 0.3266229 0.936631 -0.1266484 -0.3715106 0.3584592 -0.8564386 0.6081482 0.1932359 0.7699452 0.4432153 0.08942753 -0.8919433 0.9657691 0.2586098 0.02027797 0.9305472 0.03253608 -0.3647235 0.2670611 0.5254207 -0.8078437 -0.2803859 0.2223186 -0.9337871 -0.5533714 0.09576404 0.8274114 -0.6960682 0.2849326 0.6590164 -0.3643064 0.216674 -0.9057226 -0.6506028 -0.153881 0.7436644 -0.8411377 0.1016312 -0.5311861 -0.4147608 0.2540165 -0.8737558 -0.740296 0.2415557 0.6273857 -0.7613281 -0.1359938 -0.6339443 -0.6085958 0.7581778 0.2340465 -0.6049929 -0.3792925 -0.7000863 -0.05200517 -0.36764 0.9285129 -0.3074833 0.6101204 -0.7302104 -0.9800586 0.1546937 0.1247203 0.1655986 0.9727865 0.1620606 -0.120958 0.2143533 -0.9692378 -0.7186326 0.6695301 0.1878745 -0.4021705 0.1848772 -0.8967047 -0.3886331 0.08976441 -0.9170097 0.8698288 -0.3371512 0.3601765 0.07745611 0.007985711 0.9969638 -0.5460903 0.6811172 0.4877138 -0.4167394 0.1320299 -0.8993867 -0.2381555 0.1821559 0.9539923 -0.7755929 0.2260649 -0.5893645 -0.4404258 0.1893489 -0.8775946 -0.2785645 0.2979964 0.913017 -0.7142507 -0.0323469 -0.6991421 0.1795496 -0.1630238 0.970147 -0.1002925 -0.5415008 -0.8346965 0.03360152 0.1783502 0.9833932 0.8282023 -0.4976992 -0.2576369 -0.4240799 0.8350858 0.3504113 0.7797918 -0.4624952 -0.4219276 -0.3616842 0.8602366 -0.3594128 -0.4570771 -2.74642e-4 -0.8894271 -0.05960506 -0.4006076 -0.914309 -0.2886902 0.9240185 0.250695 -0.4698905 0.06610238 -0.8802462 -0.5382927 -0.1172075 -0.8345678 -0.6782888 0.2848267 -0.6773464 -0.4718824 0.1508308 -0.868664 -0.1109068 -0.5107963 -0.852518 -0.3361778 0.9401299 0.05603885 -0.9749881 0.2215069 -0.01824641 0.6979584 -0.1950706 0.6890586 0.1921251 0.5148698 0.8354623 0.6981539 -0.6796476 0.2250786 -0.05348223 0.8171728 0.5739062 0.5785483 -0.7902601 -0.201918 0.2575789 -0.7698077 -0.5839943 -0.495168 0.07170373 -0.8658332 -0.3238334 -0.6948819 -0.6420834 0.04465007 0.9989541 -0.009848415 -0.5087659 0.04923963 -0.8594958 -0.4092603 -0.5009571 -0.7625929 -0.5708225 0.3149901 -0.7582501 -0.5040238 0.1235322 -0.8548098 -0.3433168 -0.6377468 -0.6895018 -0.164752 0.9770143 -0.1352772 -0.3354609 0.6691692 -0.6630827 0.6114318 -0.2302372 0.7570614 0.3458444 0.6683105 0.6585991 0.3023616 -0.9123094 0.2761687 0.290194 0.8027229 0.520983 0.08958852 -0.9957818 -0.01981604 -0.2783996 0.8809886 -0.382561 -0.1181694 -0.9387712 -0.3236429 -0.495598 0.1230988 -0.8597844 -0.5641553 -0.6779174 -0.4713351 0.3709334 0.905076 -0.2079567 -0.5130888 0.08625918 -0.8539903 -0.5906561 -0.5214495 -0.6158052 -0.4374521 0.3461905 -0.8299325 -0.5161785 0.1337877 -0.8459672 -0.5729564 -0.5802666 -0.578802 0.05717837 0.9697963 -0.2371198 -0.195057 0.5550133 -0.8086489 0.5190589 -0.3243114 0.7908224 0.5108749 0.6987857 0.500705 0.06348562 -0.8442203 0.5322232 0.5377967 0.750687 0.3837236 -0.2122489 -0.9518273 0.2213035 -0.01125019 0.9316124 -0.3632793 -0.4349418 -0.89103 -0.1299673 -0.5038341 0.1554453 -0.8496988 -0.8443798 -0.4629481 -0.2696329 0.6865026 0.6465624 -0.332673 -0.524429 0.1273109 -0.8418826 -0.8329463 -0.3366687 -0.4391523 -0.2118318 0.3177992 -0.9241921 -0.5195072 0.1492304 -0.8413339 -0.8369348 -0.3493528 -0.421299 0.4376088 0.8622804 -0.2548943 -0.487396 0.1818274 -0.8540399 0.3408381 -0.2768359 0.8984383 0.6889278 0.717152 0.1052219 -0.01609945 -0.5160458 0.8564098 0.4281169 0.8266744 -0.3651378 -0.4841241 -0.6729815 0.5592136 -0.1676818 0.6498208 -0.7413609 -0.7750328 -0.6281257 0.06915616 -0.5252988 0.1749822 -0.832732 -0.9650738 0.1258479 -0.2297716 0.9100472 0.2106364 -0.3569964 -0.5296747 0.1604473 -0.8328875 -0.8545124 0.234798 -0.4633342 -0.02473789 0.1232842 -0.9920631 -0.5189401 0.1715633 -0.837417 -0.9235081 0.1867308 -0.3350588 0.6182823 0.7207296 -0.3134898 -0.7814977 0.2707293 -0.5621095 0.2599986 0.07199621 0.9629213 -0.09174841 0.496754 -0.8630282 0.2874726 0.008041322 0.9577552 0.1410712 0.4617704 -0.8757094 -0.5418513 -0.0114544 0.8403964 -0.460895 0.2418751 -0.8538573 -0.9867255 0.1090387 0.1203471 -0.4810955 0.0762971 -0.8733419 -0.534152 0.2032018 -0.8206039 -0.6642104 0.7381693 0.1180281 -0.6209002 0.7835717 -0.02232497 0.8533162 -0.3557569 -0.3811672 -0.5261333 0.1946818 -0.8278181 -0.7060438 0.6015555 -0.3736752 -0.1522951 -0.1324996 -0.9794131 -0.5099146 0.2002407 -0.8365949 -0.7170143 0.653478 -0.2426046 -0.8097795 0.4679213 0.3539869 -0.7033517 0.5957115 -0.3878459 0.1722843 0.495854 0.8511446 -0.284133 0.6191555 -0.7320621 0.548874 -0.2697448 0.7911859 0.2771876 -0.6646142 -0.6938697 -3.41868e-4 0.6768695 0.736103 -0.09297114 -0.9522373 -0.2908619 -0.5083689 0.3927673 -0.7663519 -0.121966 0.9110236 0.393904 -0.2543868 0.9481053 0.1907449 0.536431 -0.7395693 -0.4065453 -0.5049299 0.2503966 -0.8260432 -0.2444989 0.9616142 0.1245735 -0.3749281 -0.1581329 -0.9134676 -0.4933777 0.2277963 -0.8394567 -0.439473 0.8698394 -0.2241497 -0.5083559 -0.1522542 -0.8475807 -0.3061456 0.9504658 0.05375534 0.1321482 0.8802159 0.4558037 0.6160852 -0.1204539 0.7784151 0.2250806 0.5333819 0.8153787 0.6293178 -0.6326244 0.4513819 0.1946198 0.6149575 0.7641665 0.1012126 0.6741501 0.7316268 -0.07271814 0.9969019 0.0299775 0.3485807 0.694966 0.6288988 0.3821581 -0.8850712 0.2657144 0.1883717 -0.9325457 -0.3080173 -0.4666193 0.3062528 -0.8297443 -0.6956397 -0.3389229 -0.6334167 -0.5441566 -0.09912693 -0.8331071 -0.4727768 0.2517765 -0.8444471 -0.2764071 0.8889193 -0.3652693 -0.5674341 -0.2075431 -0.796834 0.1586099 0.9457377 0.2835899 -0.5264742 0.1570037 -0.8355686 0.5349108 -0.09871149 0.8391225 -0.09239655 0.9957156 -0.00367254 0.4601125 -0.4647596 0.7565018 0.05183172 0.9521263 0.3012787 -0.2297778 0.6611003 -0.7142469 0.1619824 0.5962275 -0.7863043 0.1397846 0.5852843 -0.7986881 0.002967 -0.9796828 0.2005314 0.6869352 0.2642734 0.6769636 0.5290737 0.3533728 0.7714977 -0.2643255 -0.2864186 -0.9209215 0.908567 0.2157518 0.3577111 0.6941535 0.3786077 0.612215 0.4859215 0.5088126 0.7106266 -0.3018137 -0.8072267 -0.5072413 -0.6930235 -0.719715 0.04157924 0.7156658 0.6377049 0.284877 0.3468914 0.8444713 0.4080867 -0.3670109 -0.01344996 -0.9301195 -0.2828346 0.09138906 -0.954805 0.2325136 0.95714 0.1726859 0.6928393 0.6560996 0.2991773 -0.3745521 0.07905757 -0.9238293 -0.307906 0.08649939 -0.9474765 0.03835326 0.967514 -0.2498914 0.5836142 0.7961249 -0.1599366 0.1020833 -0.9707266 0.2174143 0.4716585 -0.002649903 0.8817773 -0.3422921 -0.8646554 0.3677054 -0.386857 0.0518006 -0.9206836 -0.3409394 0.0456072 -0.9389784 -0.2060227 0.6892415 -0.6946228 0.2005308 0.5968472 -0.7768918 -0.6085324 -0.3844075 -0.694204 -0.4469317 -0.5226394 -0.7260167 -0.395148 0.01285058 -0.9185277 -0.368577 0.01219767 -0.9295173 -0.1996614 0.7193902 -0.6652917 -0.3018084 -0.9014791 0.3102373 -0.4065931 -0.04129809 -0.9126755 0.5863647 0.3158891 -0.7459159 -0.2201538 0.0534262 -0.9740011 0.8766095 0.3047116 0.3724336 0.8877192 0.4597979 -0.02325224 -0.6997494 -0.5773897 0.4206806 -0.2963353 0.02942353 -0.9546307 0.6156798 0.3528128 -0.7046003 -0.6695628 -0.1787331 -0.72093 -0.3549468 0.01184403 -0.9348115 0.401252 0.3442559 -0.8488137 -0.76358 -0.3872624 0.5166949 0.4587269 0.3791 -0.8036497 0.7617782 0.1495798 0.6303333 0.8514559 0.2434796 0.4644787 0.7950224 0.215561 0.566986 0.09850412 0.9860158 0.1344247 0.903177 0.3476425 0.2518259 0.577714 0.1213647 -0.8071662 -0.1296712 0.02406275 -0.9912651 0.9994804 -0.0283733 -0.01529353 0.862513 -0.1163285 -0.4924826 -0.8813123 -0.2009438 0.4276802 -0.2613434 0.004314959 -0.9652363 0.9821334 -0.05999469 0.178367 -0.6430425 -0.02357965 -0.7654674 -0.3423984 -0.01500868 -0.939435 0.5479729 0.03827345 -0.8356201 -0.8091524 0.09026145 -0.5806249 0.7449087 0.1261527 -0.655131 0.7151042 -0.0832163 0.6940469 0.8172021 0.1164414 0.5644662 0.8385718 -0.05964463 0.5415163 0.8502791 0.1816645 0.4939873 0.9890308 -0.01366466 0.1470761 -0.1519916 -0.0726394 -0.985709 0.924918 -0.3792768 0.02599674 0.5151616 -0.1641423 0.8412289 -0.8929477 0.2014784 0.4025552 -0.2731068 -0.06426644 -0.9598347 0.4096156 0.03084641 0.9117366 -0.6043267 0.05324029 -0.7949557 -0.3463546 -0.06022238 -0.9361687 0.9874048 -0.1581426 0.004763305 -0.5561897 0.06125438 -0.8287949 0.989951 -0.1269804 -0.06223571 0.3642736 -0.2840169 -0.8869268 0.5995391 0.07022339 0.7972589 0.9485077 -0.3140082 0.04161542 0.9510955 -0.1751641 0.2544307 0.9312124 -0.353155 -0.09013897 0.6100575 -0.06898081 -0.7893489 -0.2198285 -0.1827027 -0.9582772 0.4678354 0.2206816 0.8558211 -0.7320914 0.5985256 0.3252834 -0.3039889 -0.1247184 -0.9444766 0.2008039 0.3162252 0.9271891 -0.574358 0.1125489 -0.8108302 -0.3562224 -0.08190613 -0.9308046 0.8551094 -0.4054335 0.3231279 -0.5194298 0.1074815 -0.8477266 0.9044125 -0.3097369 0.2934302 0.310326 -0.1969594 -0.9300026 0.570384 0.06865841 0.8185036 0.9118263 -0.4094796 0.02998614 0.8408569 -0.5403837 -0.03074359 0.9212646 -0.3864977 -0.04348623 0.1569181 -0.3085948 -0.938161 0.9560066 -0.09745121 0.2766853 -0.3025906 -0.2567682 -0.9178829 -0.10111 0.7682534 0.6321105 -0.4292664 0.8809702 0.1990526 -0.3580713 -0.1719567 -0.9177232 0.4727494 -0.631995 0.6140769 -0.5408026 0.1684095 -0.8241183 -0.3772076 -0.09868037 -0.9208565 0.3401742 -0.695038 -0.6334064 -0.3514411 0.08319365 -0.9325063 0.4915308 -0.837247 -0.239614 0.7610747 -0.3516998 0.5450437 0.6488503 -0.4469769 0.6157962 0.4054012 0.1205629 0.9061537 0.6118252 -0.7891644 -0.05375438 0.6549021 -0.2415826 0.7160595 -0.1685662 -0.4011225 -0.9003812 0.6842472 0.1707695 0.7089737 -0.3650279 -0.2262648 -0.903083 0.4268426 -0.4933871 0.757875 -0.0272755 0.9990061 0.03525376 -0.3977418 -0.1748486 -0.9006829 0.1726083 -0.9502341 -0.2593485 -0.5033422 0.2274516 -0.8336141 -0.4180851 -0.1157402 -0.9010045 -0.106723 -0.7965193 -0.5951194 0.298784 -0.8613198 -0.4109213 -0.0598585 -0.8765469 -0.47758 0.5534303 -0.4630268 0.6923302 0.2475549 -0.8925805 0.3768509 0.4736565 0.1595191 0.8661427 -0.05966126 -0.9952042 0.07751977 0.4685199 -0.135852 0.8729452 -0.3294892 -0.3171304 -0.889306 0.4824842 0.01114797 0.8758337 -0.4022842 -0.1942428 -0.8946716 -0.008409798 -0.8259618 0.5636634 -0.2715927 -0.9581617 0.09035253 0.4062879 0.8959404 -0.179502 -0.4046326 -0.1441349 -0.9030491 -0.4619095 -0.6830556 -0.5657515 -0.3871491 0.2597142 -0.8846832 -0.4261411 -0.1074303 -0.8982552 -0.4547619 -0.7363555 -0.5009714 0.5725053 0.7627503 -0.300749 -0.448002 -0.7574682 -0.4749064 0.4643857 -0.3200405 0.8257845 -0.1279093 -0.3592021 0.9244529 0.4523223 -0.345734 0.8221148 0.2579468 0.8408073 -0.4759272 0.1610473 -0.7409092 0.6520102 -0.4147046 -0.2739897 -0.8677268 -0.3973489 -0.1136841 -0.9105986 -0.4443807 -0.121008 -0.8876277 -0.6447993 -0.7056602 0.2937304 -0.7425674 -0.6695467 -0.01734906 0.7124953 0.6072466 -0.3515707 -0.4364106 -0.09902095 -0.8942822 -0.760611 -0.5784862 -0.2946603 -0.2733724 0.2090682 -0.9389132 -0.4339812 -0.08425664 -0.8969734 -0.7443692 -0.5738961 -0.3414059 0.7359604 0.5363731 -0.4131178 -0.6463435 -0.4533793 -0.6137486 0.3738628 -0.2090386 0.9036203 0.3944815 0.3095695 0.8651885 0.05731546 -0.4432007 0.8945882 0.6092258 0.4781842 -0.6326009 -0.3640153 -0.6600307 0.6571549 -0.282966 -0.06367254 -0.9570142 -0.4563038 -0.0685842 -0.8871771 -0.893974 -0.2813644 0.348776 -0.9632285 -0.2650342 0.0441364 0.8755957 0.1995524 -0.4398989 -0.452699 -0.06339526 -0.8894069 -0.9469332 -0.235061 -0.2192352 -0.1874725 0.08216041 -0.9788277 -0.4421091 -0.05929666 -0.8949992 -0.9341209 -0.2234039 -0.2784041 0.8820593 0.1599992 -0.4431387 -0.8102843 -0.1912927 -0.5539375 0.2749737 -0.1151943 0.954526 0.4017729 0.2339918 -0.8853397 -0.2211978 -0.2185028 0.9504358 0.7553017 0.1344224 -0.6414437 -0.6554586 -0.2777416 0.702306 -0.2270837 -0.1018211 -0.9685378 -0.4476016 -0.03924661 -0.8933715 -0.919696 0.1663326 0.3556585 -0.9877118 0.1492312 0.04642826 0.8843846 -0.2140144 -0.4148033 -0.4527604 -0.03501278 -0.8909446 -0.9682025 0.1177129 -0.2207431 -0.1352613 -0.07512885 -0.9879576 -0.4428818 -0.03658074 -0.8958336 -0.9506291 0.1051875 -0.2919589 0.9060903 -0.1478181 -0.3964216 -0.880073 0.07499176 -0.4688794 0.2187435 0.0251283 0.9754588 0.2616075 -0.1995292 -0.944325 -0.2664672 0.1139001 0.9570904 0.735547 -0.2165737 -0.6419242 -0.6889079 0.1639278 0.7060691 -0.2471117 -0.1527404 -0.9568732 -0.4273677 -0.008325636 -0.9040396 -0.8236432 0.5665052 -0.02614861 0.7553477 -0.5949029 -0.2748466 -0.4403435 -0.006519258 -0.8978058 -0.8277714 0.4768977 -0.2955727 -0.1335031 -0.2861027 -0.9488531 -0.4344609 -0.01639872 -0.9005414 -0.8105393 0.4576497 -0.3654901 0.801592 -0.5147989 -0.3040269 -0.7748203 0.4017148 -0.4881381 0.2518484 0.1860924 0.9497063 -0.1173487 -0.2641791 -0.9573081 -0.09721016 0.4083659 0.9076274 0.4766749 -0.5373526 -0.6957251 -0.4909086 0.5782378 0.6516516 -0.7379705 0.607185 0.2944927 -0.325186 -0.1100379 -0.9392262 -0.4119463 0.04434907 -0.9101284 -0.5128378 0.822747 -0.2451223 0.49418 -0.8684614 -0.0395115 -0.4170768 0.02742731 -0.9084573 -0.5479016 0.6305891 -0.549692 -0.234565 -0.4779948 -0.8464634 -0.417322 0.002759397 -0.9087545 -0.5421905 0.6478732 -0.5350606 0.5885487 -0.7960581 -0.1410748 -0.5334587 0.5950716 -0.6010921 0.3619709 0.3298779 0.8718702 -0.2353917 -0.4302085 -0.8714995 0.198113 0.5550793 0.8078603 0.2137081 -0.7866121 -0.5792843 -0.1018353 0.8317041 0.5458005 -0.3540125 0.9208871 0.1632243 0.8896732 -0.4516965 0.06672203 0.7352148 -0.658526 -0.1606326 0.4734295 0.06723213 0.8782622 -0.9615017 -0.2014736 0.1868774 -0.8079464 0.1742427 -0.5629052 -0.8160065 0.3735803 0.4411023 -0.7562739 0.3698094 0.5397136 -0.7337904 -0.3898327 0.5564011 -0.7424875 0.1515144 0.6524996 -0.398903 0.5907054 0.7013869 -0.1392701 -0.6694539 0.7296817 -0.03026181 -0.8231082 0.5670779 -0.2911115 0.7040793 0.6477087 -0.6578108 0.350264 0.6667834 0.154044 -0.7384671 0.6564578 0.1878297 -0.5257309 0.8296549 -0.293272 0.7936844 0.5329699 -0.6999043 0.4954594 0.5144454 -0.4112129 -0.7330564 -0.5417863 0.5213409 0.7764692 0.3539764 -0.5236817 0.7113086 0.4688258 -0.8916894 0.3077128 0.3319682 -0.04461115 -0.8514548 -0.5225273 0.3801758 -0.4345818 0.816459 -0.4336714 -0.8242603 -0.3640387 -0.2285468 0.5977075 -0.7684479 -0.1424248 0.6041132 -0.7840679 0.2059171 -0.1944186 0.9590618 0.4660497 0.411335 0.783327 -0.459222 0.3244178 -0.8269633 -0.4251009 0.2698866 -0.8639736 -0.2350531 0.5579195 -0.795912 -0.1937236 0.562214 -0.8039818 0.9764272 0.005159676 -0.2157853 -0.755827 0.006743073 -0.6547368 -0.2508004 0.5134792 -0.8206329 0.183118 -0.5048238 0.8435761 0.8630909 0.4858907 0.1377843 -0.3044597 0.6412495 0.704346 -0.7514559 -0.6426067 -0.1495689 -0.03369683 0.5952246 -0.8028526 0.02703887 -0.6481598 0.7610243 -0.4594823 0.3803756 -0.8026148 -0.1634861 0.5675165 -0.8069681 0.593993 -0.7733793 -0.2214878 -0.7139096 0.2047046 -0.6696485 0.7059401 -0.6537258 0.2725644 0.04579675 0.5793185 0.8138138 -0.5247045 -0.09806984 0.8456166 0.4726684 0.6241175 0.622143 -0.109862 -0.5562507 0.8237205 0.4813905 0.7616236 0.4338119 0.4127429 0.8817872 0.2282431 0.2184627 -0.513081 0.8300735 0.9653735 0.2503782 0.07324516 -0.1183537 0.6576649 0.7439552 -0.9352124 -0.3452592 0.07857465 0.0860818 0.6003984 -0.7950547 -0.5420573 -0.4206898 0.7274572 -0.4536281 0.4090288 -0.7917809 -0.1460437 0.5691987 -0.8091255 0.3092766 -0.7451341 0.5908665 -0.7484924 0.2256374 -0.623576 -0.08249175 -0.7705554 0.6320123 -0.1841945 0.9599074 0.2113061 -0.1920914 -0.5705187 0.7985044 0.1045844 0.9670661 0.232046 -0.05338966 -0.5662602 0.8224955 0.2477958 0.7017753 0.6679137 0.0997647 0.4808834 0.8710902 0.983169 0.04334598 -0.1774821 -0.6728902 -0.2159372 0.7075238 -0.9572733 0.02532207 0.2880744 0.06018733 0.5349602 -0.8427307 -0.6364439 -0.430317 0.6401301 -0.4653713 0.4262801 -0.7757028 -0.1449047 0.5231113 -0.8398555 -0.4443427 -0.8384507 0.3155317 -0.7559989 0.3115627 -0.5756688 -0.2615202 -0.9634841 0.05749505 -0.8275234 0.4249503 -0.3669092 -0.2758828 -0.8283268 0.4876099 -0.8193931 0.5731626 0.008922398 -0.05902856 -0.5772617 0.8144229 -0.7546946 0.3806698 0.5343469 0.2642878 -0.5097776 0.8187056 -0.9527936 0.2602617 0.1563594 0.9105916 -0.05100613 -0.410148 -0.5825409 -0.305134 0.7533521 -0.5493659 -0.4363265 0.7126124 -0.7945324 0.4221006 0.4365199 -0.05646538 0.4588949 -0.8866946 -0.542015 -0.5123183 0.6661455 -0.4689317 0.4642855 -0.75136 -0.157965 0.4995891 -0.8517382 -0.4287949 -0.8166146 0.3863619 -0.7512255 0.3630732 -0.5512151 -0.2327385 -0.9531286 0.193336 -0.8026582 0.1473078 -0.5779622 -0.2061184 -0.5845005 0.7847766 -0.9126707 -0.2105306 -0.3502986 0.01622956 -0.4175213 0.9085222 -0.7451013 -0.5406526 0.3905367 0.6461477 -0.6363301 0.421399 0.2915411 -0.02356654 -0.9562681 -0.3242704 -0.9412113 0.09471094 -0.4524006 -0.8811004 0.1378251 -0.5145296 0.7074775 0.4844946 -0.1724236 0.371312 -0.9123583 -0.1910347 -0.7016241 0.6864616 -0.4724731 0.486798 -0.7347088 -0.1934427 0.4735037 -0.8592872 0.1107465 -0.3968435 0.9111808 -0.8993862 -0.08199381 -0.4293967 -0.2126997 -0.579152 0.7869828 -0.6507505 -0.6029589 -0.4614807 -0.2551057 -0.2852265 0.923887 -0.3542838 -0.8566625 -0.3749831 0.04364144 -0.2500893 0.9672387 -0.2030275 -0.9772993 -0.06054776 0.3097328 -0.9136904 -0.2631267 -0.236925 0.3460736 -0.9077994 -0.6443406 -0.7424627 -0.183233 -0.8874056 -0.4608057 0.01302015 -0.08562952 0.9036805 0.4195584 -0.273914 0.3483887 -0.8964354 0.3925943 -0.8626219 -0.3189878 -0.4275402 0.5487654 -0.7183774 -0.2855291 0.42626 -0.8583563 0.9784805 0.1926432 -0.07392203 -0.9473471 0.1306476 -0.2923435 0.6379743 0.1328727 0.7585076 -0.7851047 -0.4958796 0.3710986 -0.09881943 0.03492236 0.9944925 -0.5788481 -0.7916898 0.1953517 0.05403655 0.01730263 0.9983891 -0.5712764 -0.8200522 0.03402823 -0.3767258 0.8878811 0.2640925 -0.2054457 0.4679869 -0.8595234 -0.5273464 0.6226768 0.5780825 0.3387545 0.9108662 0.2357293 -0.2809016 0.3832615 -0.8798892 -0.07923549 0.9668883 -0.2425875 -0.3440943 0.5938353 -0.7272956 -0.3057731 0.4188737 -0.8550133 0.515062 0.1804785 -0.8379372 -0.5232501 0.778438 -0.3467617 0.4851943 0.8582482 0.1673216 -0.5332916 0.78156 0.323673 0.09342968 0.3068108 0.9471738 -0.6368879 0.5346124 0.5554849 0.260232 0.1129385 0.9589183 -0.5995001 0.5129932 0.6143597 0.2515106 0.9529098 0.1694265 -0.7600187 0.396705 0.5147786 0.7291361 0.6840083 0.02221161 -0.04853421 0.5646263 -0.8239185 0.5292447 0.8071072 0.2616833 0.6772876 0.735465 -0.01930648 -0.2984448 0.4218699 -0.8561288 0.5733377 0.6175809 -0.5384031 -0.2563163 0.5751724 -0.776839 -0.3094752 0.4374995 -0.8442863 -0.02149456 0.09678685 -0.995073 -0.007607638 0.8396188 -0.543123 0.8075894 0.5570929 -0.1935122 0.3274089 0.9391098 -0.1042901 0.5231919 0.2494944 0.8148759 0.4348367 0.8800339 0.1909386 0.5978114 0.05729728 0.7995865 0.276205 0.95754 -0.08263224 0.1087539 0.9927079 0.05199742 0.9723066 0.2337083 -7.62772e-4 0.3560189 0.4671089 -0.8093578 -0.06699866 0.5540978 -0.829751 0.8519097 0.4047325 -0.3323274 0.8643777 0.4165081 -0.2817305 -0.3097813 0.457059 -0.8337463 0.1777467 0.4979855 -0.8487736 -0.2029991 0.5112425 -0.8351183 -0.3149309 0.4615476 -0.8293326 -0.5378067 0.2719773 -0.7979927 0.2389162 0.6092264 -0.7561498 0.6946735 0.3439078 -0.6317881 0.6779692 0.5389358 -0.499906 0.8633751 -0.1303136 0.4874441 0.8705816 0.4245467 -0.248692 0.7964748 -0.1958888 0.5720626 0.2820333 0.6250655 -0.7278396 0.9399796 -0.302987 0.1569631 0.5974254 0.1564506 -0.7865152 0.02406191 0.3110879 -0.9500765 0.8634331 -0.0974043 -0.4949706 0.872086 0.02665525 -0.4886264 -0.3062312 0.4817582 -0.8210551 0.3191714 0.4582654 -0.8295315 -0.1919988 0.4176979 -0.8880681 -0.3117989 0.488019 -0.8152416 -0.5316746 0.6659066 -0.5233455 0.2054911 0.2840123 -0.9365418 0.6209471 0.408472 -0.6690108 0.6420854 0.07233858 -0.7632127 0.8236718 -0.4793919 0.3028997 0.824811 -0.09512466 -0.5573493 0.7624781 -0.4648889 0.4500061 0.3099062 0.1982254 -0.9298735 0.6876269 -0.6789521 0.2572808 0.4954211 -0.3471279 -0.796279 0.1010038 -0.7442862 -0.6601789 0.410245 -0.7745069 -0.4814959 0.7043259 -0.3677458 -0.607197 -0.2919842 0.5159009 -0.8053519 0.5910554 -0.08667284 -0.801961 -0.239201 0.3227414 -0.9157625 -0.2919435 0.5195319 -0.8030291 -0.002087652 0.8992788 -0.437371 -0.07745474 -0.01401448 -0.9968974 0.6042872 0.2637053 -0.7518621 0.2289887 -0.4454652 -0.8655201 0.4419229 -0.872797 0.2071945 0.2831991 -0.6873492 -0.6688418 0.5368172 -0.7415794 0.4023523 0.248831 -0.6110239 -0.7514873 0.3133803 -0.8074533 0.499812 0.1802363 -0.6698505 -0.7202883 -0.8699549 -0.4896404 0.05857485 -0.7123874 -0.6914693 -0.1198938 0.3872649 -0.6835116 -0.6187388 -0.2658761 0.5631157 -0.7824389 -0.3054247 -0.1421272 -0.9415496 -0.3276803 0.2691417 -0.9056426 -0.2623628 0.5471822 -0.7948317 0.5500512 0.7235316 -0.4170681 -0.5067707 -0.1103306 -0.8549916 0.2792938 -0.2655357 -0.9227599 -0.5841098 -0.6602762 -0.4720712 -0.1787329 -0.9567891 0.2293668 -0.7369633 -0.6757403 -0.01613312 0.1716408 -0.8841892 0.4344525 -0.735148 -0.6740743 0.07198107 0.344385 0.3096638 0.8862885 0.7143663 0.5709263 -0.4046281 0.6931205 0.180133 0.6979513 -0.5355902 -0.1344089 -0.833713 -0.8684185 -0.2162665 -0.4461819 -0.6607053 -0.5727844 -0.4851667 -0.2881055 -0.4763001 0.8307428 -0.1704311 -0.6686778 0.7237564 -0.9612927 -0.2651464 -0.07492613 -0.711124 -0.6910372 -0.1295005 -0.01837605 -0.6982003 0.7156667 -0.1134641 -0.5507245 0.8269393 -0.9134368 -0.3443625 0.2169053 -0.6342822 -0.767498 0.09291452 -0.1108283 -0.9239807 -0.3660287 0.2375105 0.686649 0.6870968 -0.8292254 -0.4077751 0.3822364 -0.6137723 -0.7563452 0.2263307 -0.1469265 0.2250512 -0.9632054 0.5868422 0.786696 -0.191639 -0.7106136 -0.5390461 0.4521701 -0.4363102 -0.8726245 0.2194543 -0.0342555 -0.93388 -0.3559421 0.2689773 -0.2974854 0.9160534 -0.4809625 -0.8463364 -0.2288881 -0.1278406 0.4322997 -0.8926219 -0.05785894 0.4286503 -0.9016159 0.2603004 0.3914777 0.8826035 -0.4518386 -0.2232297 -0.8637191 -0.305892 0.1231488 -0.9440681 -0.3687992 0.1896916 -0.9099475 -0.135705 0.3896963 -0.9108903 -0.09789967 0.3899316 -0.9156249 0.3532971 0.8697471 -0.3445593 -0.6251916 0.03109985 -0.7798516 -0.151526 0.3365393 -0.9293983 0.4134842 -0.03584808 0.9098054 0.8661906 0.4822938 -0.1307924 -0.7312886 -0.3867829 0.5617972 -0.7834733 -0.6135755 -0.09846198 0.01877033 0.4110086 -0.9114382 0.675422 -0.1778181 0.7156716 -0.3651343 0.2456949 -0.8979483 -0.07417958 0.3918709 -0.917025 0.803349 0.3373529 -0.4907375 -0.6298606 0.1353325 -0.7648273 0.8056911 0.0224691 0.5919098 -0.8770308 0.2689492 -0.3980997 -0.2691117 -0.3496962 0.8973804 -0.2176947 0.9652306 0.144703 -0.1647535 -0.4061602 0.8988271 -0.2387448 0.7693783 0.5925014 -0.780129 -0.2075703 0.5901809 0.3991692 -0.2408607 0.8846753 0.9271831 0.3040561 -0.2188184 -0.7384078 -0.2863572 0.6105355 -0.9624795 -0.2663709 0.05176633 0.0877549 0.3982092 -0.9130874 0.5496096 -0.4743254 0.6877098 -0.3548248 0.2834017 -0.890945 -0.0583269 0.3762818 -0.9246675 0.7432341 -0.5886679 0.31792 -0.659639 0.1921063 -0.7266166 0.7022267 -0.3237267 0.6340969 -0.7214649 0.6882582 -0.0760861 -0.2284414 -0.3421133 0.9114674 -0.09515231 0.9804315 0.1723373 -0.1263664 -0.3544057 0.926514 0.05026125 0.7176294 0.6946091 -0.2390829 0.5163968 0.8222979 0.8939698 0.1586761 -0.4190942 -0.5783735 -0.1586782 0.8001908 -0.9729485 0.1369541 0.1860508 0.06974178 0.322133 -0.9441221 -0.6064428 -0.1971921 0.7702873 -0.3615983 0.3057287 -0.880782 -0.06064075 0.3244626 -0.9439527 -0.3510282 -0.3077213 0.8843567 -0.6627411 0.2838428 -0.69297 -0.2261171 -0.303041 0.9257631 -0.6716883 0.3772894 -0.6375638 -0.2144435 -0.2984018 0.9300378 -0.8650442 0.4989424 0.0524888 -0.07584673 -0.3097336 0.9477935 -0.3269627 -0.4090355 0.8519304 0.7432435 -0.3539286 0.5677356 0.2980074 -0.62453 0.7219099 0.3823966 0.1140147 -0.9169371 0.4883428 -0.0825513 0.8687385 -0.4339941 0.01838892 0.9007281 -0.8049638 0.5255416 0.2753899 0.003735184 0.250104 -0.9682118 -0.4638119 0.003692686 0.885926 -0.3615857 0.3380087 -0.8689108 -0.07356655 0.3022113 -0.950398 -0.2585114 -0.1115112 0.9595505 -0.6352531 0.3583969 -0.6841091 -0.2010181 -0.1663265 0.9653639 -0.6028032 0.2964642 -0.7407681 -0.1636761 -0.1448261 0.9758256 -0.9859166 0.03336298 -0.1638764 0.005690038 -0.1917829 0.9814209 -0.3715699 -0.1050257 0.9224454 0.8266103 -0.562458 -0.01888537 0.05239391 0.002862334 -0.9986225 -0.4412333 -0.4758677 0.7608305 -0.6885291 -0.298946 0.6607261 -0.4809638 0.8241465 0.2990927 -0.08590364 0.1788089 -0.9801266 0.3547517 -0.4072129 0.8416228 -0.3540678 0.3723751 -0.8578886 -0.1052384 0.2800555 -0.954198 0.6086942 -0.2786626 0.7428584 -0.7391473 0.2920675 -0.6069249 0.1094011 -0.1241818 0.9862101 -0.8518367 -0.2079076 -0.4807793 -0.1673744 -0.01934093 0.9857038 -0.7453629 -0.6416822 -0.1807711 0.04710429 -0.1560892 0.9866192 -0.5464538 -0.7507277 0.3712093 0.4834128 -0.8634356 -0.144191 -0.1219486 0.1316092 -0.9837722 -0.8745172 -0.1760169 0.4519268 -0.6325167 0.3725505 0.6790647 -0.05185854 0.9686213 0.243071 -0.1642159 0.1690196 -0.9718362 -0.5183786 0.6384504 -0.5689154 -0.3150476 0.434337 -0.8438581 -0.179811 0.2468781 -0.9522181 0.4988052 -0.4588668 -0.7352787 -0.6366347 0.5345116 -0.555872 0.5201335 -0.5695973 0.6364119 -0.9672024 0.1912887 -0.167118 -0.04780912 0.2208608 0.9741329 -0.8984733 -0.2801282 0.3380442 0.02246111 0.2211569 0.9749795 -0.8688301 -0.1954111 0.4549164 -0.3137191 0.9494516 0.01105052 -0.1458745 0.2083135 -0.9671227 0.1375764 0.4339343 0.8903784 0.05252879 0.9123666 0.4059901 0.3876144 0.915259 0.109801 -0.1721832 0.2066397 -0.9631474 0.1012028 0.6788796 -0.7272417 -0.2248473 0.4742437 -0.8511973 -0.1949133 0.2475366 -0.9490703 -0.04842334 -0.4509727 -0.8912233 -0.2476195 0.7995229 -0.5472183 0.1462111 0.8607742 -0.4875348 -0.01980924 0.9969061 0.07606542 0.120981 0.4097716 0.9041299 0.05379575 0.8765518 0.4782918 0.2070581 0.2955057 0.9326325 -0.3351547 -0.6549723 0.6772612 0.2536681 0.9664826 -0.03954654 -0.1019416 0.2881415 -0.9521463 -0.322425 -0.4630551 0.8256042 0.7254204 0.5057373 0.4668993 0.7394098 0.6693442 -0.07246726 -0.1957434 0.2520607 -0.9477077 0.1916543 0.2154856 -0.9575149 -0.1209771 0.4467359 -0.8864489 -0.2014597 0.2708385 -0.9413079 -0.4782074 -0.3992951 -0.7822283 0.1918038 0.7447686 -0.6391643 -0.4540657 0.8411933 -0.2936295 0.6367109 0.7710753 0.006491899 0.5511557 0.2790395 0.7863615 0.6939476 0.4915623 0.526121 0.583799 0.2222231 0.7808942 -0.14346 -0.7248246 0.6738313 0.7331231 0.6527327 -0.1909725 0.924982 0.2419406 -0.2930411 -0.01799374 0.308819 -0.9509506 -0.9589632 -0.2769747 0.06061977 -0.7986014 -7.39287e-4 -0.60186 0.9204822 0.3056393 -0.2435104 -0.210191 0.2936292 -0.9325243 -0.466804 0.1580214 -0.8701285 -0.05892127 0.3647888 -0.9292241 -0.2082509 0.2981875 -0.9315127 -0.805525 0.0160849 -0.5923435 0.4419634 0.4364849 -0.7836769 0.4619671 0.312386 -0.8300611 0.937813 0.2900541 -0.1907235 0.7954058 -0.04383504 0.60449 0.87164 -0.02355235 0.4895806 0.7530649 -0.08161282 0.6528649 -0.4320892 -0.463886 0.773375 0.9370723 -0.1744124 -0.3024499 0.09525078 0.222245 -0.9703271 -0.9302398 0.2236313 0.2909345 -0.7303429 0.4474202 -0.5161534 0.9189593 -0.1221873 -0.3749458 -0.2081766 0.3220271 -0.9235589 -0.3010933 0.4520398 -0.8396444 -0.05456173 0.2535008 -0.9657953 -0.2060288 0.3263129 -0.9225357 -0.7912801 0.4048221 -0.4582521 0.4157808 0.08492636 -0.905491 0.449538 0.2357834 -0.861581 0.9121063 -0.1576476 -0.3784304 0.7844211 -0.3822569 0.4884296 0.8947149 -0.3281381 0.3030028 0.7225639 -0.3749765 0.5807703 -0.3918105 -0.08229619 0.916358 0.7436996 -0.6266034 -0.2329787 0.180296 -0.1022085 -0.9782878 0.6363571 -0.7669181 0.08298307 0.731285 -0.5214002 -0.4397318 -0.1927604 0.3562495 -0.914292 0.4362857 0.2087361 -0.8752624 -0.1102348 0.1512188 -0.9823346 -0.1894857 0.354705 -0.9155761 -0.4972 0.7949337 -0.3476676 0.1468051 -0.2056366 -0.9675546 -0.1423906 -0.2166892 -0.9658005 0.5682141 -0.6177967 -0.5435623 0.5193008 -0.7202627 0.4599439 0.6731426 -0.7376948 -0.05182236 0.5059138 -0.6590266 0.5565387 -0.03939199 0.1318854 0.990482 -0.1453418 -0.246118 0.9582806 0.4044401 -0.8909463 0.206502 0.1040436 -0.6076902 -0.7873294 0.07554394 -0.9921232 -0.09992361 0.3915452 -0.8132194 -0.4305422 -0.1644456 0.4007375 -0.9013141 0.08821004 -0.1673908 -0.9819366 -0.2092347 0.101179 -0.9726169 -0.1629135 0.3797106 -0.9106476 -0.102645 0.9191836 -0.3802179 -0.2372506 -0.2783024 -0.9307309 -0.3202467 0.4202303 0.8490281 -0.04521018 -0.7936379 -0.6067083 0.0963639 -0.8104627 0.5778101 0.02777349 -0.9729399 -0.2293834 0.1984289 -0.7589754 0.6201471 0.153437 -0.9809342 0.1192691 0.02414983 -0.9906653 0.1341609 0.07276618 0.7526903 -0.6543413 0.3384933 0.7734345 0.5359306 0.4533057 0.6167834 0.6435 -0.6566836 -0.4080594 -0.6342351 -0.8763025 -0.42607 -0.2248519 -0.5934847 -0.7266905 -0.3459724 -0.1247911 -0.2236461 0.9666487 0.09554964 -0.4685053 0.8782786 -0.5064423 -0.8605982 -0.05373197 -0.8608971 -0.4996632 0.09587985 0.1901658 -0.4327678 0.8812202 0.1060397 -0.2265405 0.9682123 -0.7526561 -0.5665141 0.3355153 -0.3906838 -0.9105001 0.1354832 0.277628 -0.3520288 0.8938671 0.416554 0.1468604 0.8971705 -0.3459957 -0.8798799 0.3257275 -0.6801847 -0.5171389 0.5195347 -0.3905593 -0.9158615 -0.09306532 0.3746468 0.8853339 -0.2753611 -0.507624 -0.5280849 0.6807675 -0.1784079 -0.85303 0.4904187 -0.05578649 -0.9978455 -0.03452962 0.51508 0.01794362 0.8569543 -0.4261681 -0.8895809 0.164398 -0.3429591 0.1495521 -0.927369 -0.2798216 0.1424366 -0.949427 -0.5817033 -0.5118038 -0.6322012 -0.7611008 -0.3264187 -0.5605145 -0.5497593 -0.1704685 -0.817744 -0.5905424 -0.102581 -0.8004605 -0.3521658 0.1003982 -0.9305372 -0.3171324 0.09714758 -0.9433926 0.3825639 0.5056831 -0.7732591 -0.7794053 -0.2084429 -0.590829 -0.3675755 0.0482679 -0.9287403 0.4607688 0.493102 -0.7379314 -0.2158948 0.9645796 0.1515772 -0.2093398 0.8186919 0.5347154 -0.7265669 -0.6056714 0.3244423 -0.2082312 0.1212909 -0.9705299 -0.736693 -0.5241629 -0.4272434 -0.5974333 -0.04111868 -0.8008638 -0.2928885 0.09926819 -0.9509796 0.6278217 0.1178089 -0.7693901 -0.7770048 -0.04347348 -0.6279917 0.6027289 0.714824 0.354605 -0.325836 0.9429252 -0.06872397 -0.1220726 -4.41238e-4 0.9925212 -0.2298726 0.9669525 -0.1102787 0.1129843 -0.03497421 0.992981 -0.03945708 0.7690333 0.6379899 0.7423719 0.4167345 0.5246109 0.4761149 0.2434644 -0.8450088 -0.02011233 0.914478 0.4041356 -0.8827468 -0.2399169 0.4039778 -0.1502434 0.1131988 -0.9821472 0.6164997 0.7019882 0.3565679 -0.5840685 -0.02281647 -0.8113836 -0.2793557 0.09947061 -0.9550215 0.5365597 -0.7196211 0.4407373 -0.8056095 -0.07819736 -0.5872635 -0.1053735 -0.5576816 0.8233394 -0.2910724 0.8353287 -0.466372 0.05155676 -0.06752431 0.9963847 0.3695228 0.8737035 -0.3163784 0.2204182 -0.03113722 0.9749084 0.7083941 0.7058169 6.84269e-4 0.9152576 0.198458 0.3505966 0.3829596 0.8921707 0.2395277 0.3117314 0.03027987 -0.9496877 -0.4764823 0.1873932 0.8589811 -0.8938092 0.1927529 0.4049092 -0.1629616 0.02931743 -0.9861968 -0.5686372 -0.2598034 0.7804832 -0.5996223 -0.012142 -0.8001911 -0.2811686 0.04692041 -0.9585107 -0.5689371 -0.6630265 0.4865249 -0.8125031 -0.1144017 -0.5716214 -0.257015 -0.8165825 0.5168524 -0.7700349 0.16404 -0.6165527 -0.09859925 -0.4581454 0.8833919 -0.4616585 0.7880684 -0.4072096 0.2176858 -0.1550092 0.9636312 -0.2277781 0.916993 0.327477 0.9661942 -0.257174 0.01817411 -0.6899951 0.4868162 0.5356463 -0.03604912 -0.1723482 -0.9843763 0.5566248 0.004213333 0.8307534 -0.3567557 0.1043614 0.9283502 -0.7443174 0.5912012 0.3106009 -0.228524 -0.04590225 -0.9724556 -0.3913536 -0.02460074 0.9199116 -0.6101323 0.0300188 -0.7917307 -0.2976088 0.009077489 -0.9546448 -0.3720107 -0.4569926 0.8079394 -0.8096929 0.01399517 -0.5866872 -0.3347381 -0.5828279 0.7404472 -0.7711548 -0.1190451 -0.6254188 -0.06685298 -0.193264 0.9788666 -0.9745159 -0.1087589 -0.1961891 0.2124905 -0.01690608 0.9770169 -0.6057651 0.2808303 0.7444347 0.7966739 -0.5955433 -0.1031448 -0.1966452 -0.3017705 -0.9328801 -0.423389 0.3538239 0.8339967 -0.4122957 0.4466859 0.7940303 -0.4571027 0.8782409 0.1405357 -0.3103045 -0.124248 -0.9424827 0.4473301 -0.600623 0.6626824 -0.6006439 0.07737076 -0.7957643 -0.3243405 -0.01198989 -0.9458644 0.8098285 -0.3186383 0.4925928 -0.8040552 0.1624438 -0.5719328 0.335436 -0.06046569 0.9401205 -0.9567559 0.25584 -0.1384343 -0.02202624 0.2981474 0.9542658 -0.9196497 0.2259054 0.3212653 0.1996008 0.2067645 0.9578142 -0.6501869 0.3311784 0.6837967 0.3471246 -0.9306152 0.1160165 -0.3516626 -0.1509397 -0.923878 -0.3050177 0.8350621 0.4578598 -0.0780012 0.9943985 -0.0713278 -0.3848612 -0.1387844 -0.9124807 -0.6402384 0.4537234 -0.6198628 -0.5568001 0.1416906 -0.8184726 -0.3985156 -0.05072158 -0.915758 0.07631385 -0.7137002 -0.6962817 -0.7047214 0.4027563 -0.5840849 0.6686898 -0.4549763 0.5880907 -0.6618623 0.7395725 -0.1223558 0.152171 0.5724184 0.8057178 -0.5750623 0.7807999 0.2442433 0.2099311 0.549843 0.8084564 -0.6074795 0.7917008 -0.06464141 -0.3243216 0.9208923 -0.2162705 -0.62226 0.6903985 0.3689749 -0.3628434 -0.04993289 -0.9305114 0.04986661 0.9901834 -0.130576 0.333395 0.8959159 -0.2935685 -0.3934072 -0.09664773 -0.9142702 -0.2994087 0.2719604 -0.9145447 -0.4527806 0.1793593 -0.8733957 -0.4128364 -0.05166053 -0.9093391 -0.2660842 -0.6918201 -0.6712558 -0.3849526 0.5903432 -0.709441 -0.08636516 0.6652405 -0.7416173 -0.08461135 0.9526587 -0.2920317 0.2965513 0.6907819 0.6594526 0.244969 0.9417724 0.2303364 0.3905752 0.612356 0.6873654 0.3934642 -0.6160355 0.682412 0.1196787 0.9285473 -0.351393 -0.1254345 0.05854165 -0.9903733 -0.3388237 0.01103603 -0.9407852 -0.519317 -0.470789 -0.7132093 0.6351708 0.6349804 -0.439725 -0.413808 -0.04906302 -0.9090412 -0.4471951 -0.1013914 -0.8886712 -0.3498898 0.1635813 -0.9223982 -0.4173743 -0.03091186 -0.9082088 -0.6280444 -0.5917472 -0.5053668 -0.01885467 0.5939616 -0.8042725 0.1442592 0.2149446 -0.9659132 0.5511713 0.8144178 -0.1814771 0.6706179 0.5935238 0.4449732 0.7282918 0.5579128 0.3979001 0.7408033 0.5681293 0.3583849 -0.01428753 -0.5845463 0.8112346 0.440407 0.7026874 -0.5588132 -0.68167 -0.7208227 -0.1254623 -0.3087173 0.002987563 -0.9511492 -0.8088318 -0.1485455 -0.5689688 0.8277426 0.2233947 -0.5147205 -0.424602 -0.008013844 -0.9053447 -0.5798422 -0.02048909 -0.8144712 -0.2615374 0.05441802 -0.9636581 -0.4229881 -0.00104773 -0.9061347 -0.877326 -0.1450549 -0.4574477 0.3222784 0.2212516 -0.9204261 0.1292626 0.06316781 -0.9895964 0.9510754 0.272137 -0.1462781 0.9519143 0.1899364 0.2403819 0.9190872 0.1729024 0.3540953 0.965793 0.1803473 0.1863294 -0.2795544 -0.1859151 0.9419581 0.6749045 0.1409001 -0.7243281 -0.9745889 -0.2193422 0.04544848 0.7121596 -0.3741831 -0.5939829 -0.256132 -0.06486505 -0.9644631 -0.9158495 0.4004732 0.02899843 -0.7020208 0.3190931 -0.6366683 0.8326626 -0.2397395 -0.4991974 -0.4217789 0.02313488 -0.9064037 -0.4345022 0.04335701 -0.8996267 -0.2636427 -0.09532815 -0.9598985 -0.4194348 0.03162449 -0.9072345 -0.8255218 0.338418 -0.4516493 0.2250147 -0.3290881 -0.9170984 0.1445354 0.05703252 -0.9878547 0.8706271 -0.4057413 -0.2781774 0.8929616 -0.3608984 0.2690203 0.9293317 -0.3262432 0.17294 0.9071406 -0.272656 0.3205538 -0.147773 0.3507248 0.9247461 0.5837859 -0.7665319 -0.2676249 -0.03178256 -0.5939294 -0.8038892 0.5238199 0.347649 0.7776586 0.4950745 -0.8576035 -0.1393466 0.6483621 -0.6480329 -0.3996 -0.4072455 0.06332147 -0.911121 -0.1901674 -0.2569946 -0.9475179 -0.354169 -0.1980854 -0.913962 -0.4014601 0.06501001 -0.9135665 -0.5340449 0.6902915 -0.4881534 -0.1616788 -0.5619747 -0.8111994 0.5094444 0.05615794 -0.8586692 0.3057211 -0.8525235 -0.4239556 0.5481508 -0.6347534 0.5446273 0.5353099 -0.8442555 -0.02600669 0.6216545 -0.5160168 0.5892983 0.261936 0.5579462 0.7874551 0.4486394 -0.5580925 0.698037 -0.03268373 -0.9588593 -0.2819944 -0.3921773 -0.464915 -0.7937576 0.1097688 -0.9805946 0.1624343 0.3269453 -0.9153878 -0.2348875 -0.3783862 0.1151593 -0.9184564 -0.2593641 -0.450186 -0.8544372 -0.4663984 -0.2144712 -0.8581811 -0.3759752 0.09149301 -0.9221019 -0.2265421 0.7579531 -0.6117073 -0.4545062 -0.5277478 -0.7175699 0.3534682 0.7269406 0.5887424 -0.2485929 -0.8615308 -0.442681 0.2901247 -0.557501 0.7778306 -0.04987537 -0.9944557 -0.09257596 0.3499837 -0.5199204 0.7792267 -0.384792 -0.6537927 -0.6515291 -0.2790068 0.714587 -0.6414988 0.07360303 0.6490019 -0.757218 0.06067252 0.6422156 -0.7641192 -0.04794573 -0.9616053 0.2702162 0.7095053 0.3269585 0.62426 0.5521337 0.4039651 0.7293564 -0.375308 0.1480427 -0.9150013 0.7324895 0.5886588 0.341965 0.7149364 0.4442812 0.539889 0.4996379 0.5691742 0.6529952 -0.4966534 -0.4785571 -0.7240985 -0.0508992 0.9739372 0.2210333 0.68942 0.6798383 0.2500402 0.3536356 0.8454322 0.4002327 -0.4352089 0.1455427 -0.8884878 -0.2989699 0.2182499 -0.9289693 0.228926 0.9552423 0.187363 0.6474255 0.7496612 0.1372893 -0.4446305 0.1258775 -0.886825 -0.3791055 0.1258428 -0.9167566 0.03616505 0.9890596 -0.1430155 0.506419 0.8376843 -0.2045115 0.1270127 -0.9721977 0.1967215 0.5394163 0.005306839 0.8420226 -0.2875686 -0.8669674 0.4070283 -0.4569541 0.07990634 -0.8858938 -0.4145821 0.07161676 -0.9071896 -0.2128706 0.8089763 -0.5479447 0.1565566 0.7015066 -0.6952544 -0.4968245 -0.4911605 -0.7154906 -0.6642056 -0.3783195 -0.6447522 -0.4652276 0.03605628 -0.8844565 -0.4406029 0.03428798 -0.8970471 -0.2510663 0.7595233 -0.6000753 0.7735215 -0.05375695 -0.6314861 -0.4758718 -0.01857322 -0.8793187 -0.1233614 0.1691437 -0.9778407 -0.3013109 0.08278894 -0.9499252 0.8933718 0.4195849 0.1607334 0.8474402 0.5055962 -0.161919 -0.6242127 -0.5902663 0.5118049 -0.3732975 0.05254906 -0.9262222 0.4663911 0.445741 -0.7640643 -0.7367089 -0.2115492 -0.6422671 -0.427109 0.03321039 -0.9035901 0.3073542 0.4033394 -0.861888 0.6767284 0.2989606 -0.6728011 0.333444 0.4158495 -0.8460996 0.8132562 0.2286093 0.5351189 0.8729434 0.4257827 0.2380739 0.8296933 0.2616137 0.49312 0.7750806 0.622375 -0.109086 0.8938365 0.4030488 0.1964896 -0.003361165 0.0847603 -0.9963957 -0.230275 0.04500091 -0.9720845 0.9874054 0.02062129 -0.1568619 0.8890997 -0.01351588 -0.4575141 -0.8161513 -0.2019875 0.5413853 -0.3429042 0.02692514 -0.9389845 0.8990532 -0.1334406 -0.4170097 -0.7328565 -0.05042397 -0.6785123 -0.416896 0.009890675 -0.9089005 0.4549067 0.08433014 -0.8865374 0.6087369 -0.1915199 -0.7699088 0.5089095 0.1355854 -0.8500753 0.8518202 -0.03067094 0.5229359 0.9748363 0.1813147 0.1296888 0.8858325 -0.03091984 0.462974 0.9588153 0.2168535 -0.1834337 0.9963335 0.02110195 0.08291214 -0.2519509 -0.05392932 -0.9662362 0.9227197 -0.3733462 -0.09592217 0.6653931 -0.2364996 0.7080397 -0.8347094 0.2097072 0.5091985 -0.3529304 -0.04270607 -0.9346745 0.8172252 -0.07609838 0.5712724 -0.6986001 0.04615086 -0.7140225 -0.4201501 -0.03570634 -0.9067519 0.8951979 -0.2319323 -0.3805627 0.1016119 -0.2600982 -0.9602208 0.7200707 -0.1986648 -0.6648538 0.9682266 -0.2434529 -0.0571658 0.9787932 -0.07864719 0.1891527 0.9564738 -0.2906871 0.02567195 0.9371764 -0.1690318 -0.3051701 0.930122 -0.340185 -0.138374 0.01650381 -0.07466447 -0.9970722 -0.3111824 -0.1614968 -0.9365278 0.7235763 0.08066356 0.6855151 -0.688468 0.5936238 0.4166804 -0.3819613 -0.1041122 -0.9182953 0.7036982 -0.117687 0.7006844 -0.6649442 0.1154206 -0.737921 -0.429893 -0.0597729 -0.9008991 0.8255898 -0.5389065 -0.1672764 -0.001028299 -0.2069146 -0.9783585 0.6613984 -0.5723724 -0.4847082 0.8759253 -0.4792832 -0.05515944 0.8808232 -0.4663164 0.08185082 0.9101238 -0.4125763 0.03815114 0.7536265 -0.5195484 -0.4026373 0.902364 -0.416297 -0.111517 -0.1321465 -0.2598397 -0.9565671 0.9487718 -0.3152402 -0.02134603 -0.3837804 -0.2357517 -0.8928236 0.7072989 -0.6867403 -0.1676783 -0.3889733 0.8842203 0.2585625 -0.4323282 -0.1531928 -0.8886081 0.830327 -0.5567042 -0.02524977 -0.62003 0.1840752 -0.762679 -0.4502305 -0.07735079 -0.8895557 0.1838805 -0.706613 -0.6832907 0.4145689 -0.5327929 -0.7377428 0.2269666 -0.7930012 -0.5653629 0.7781187 -0.3614978 0.5136639 0.3219445 -0.8558814 -0.4047455 0.7630311 -0.2763991 0.5842835 0.2952908 -0.755345 -0.5850277 0.769423 -0.5622621 0.3030672 -0.2859184 -0.3585447 -0.8886487 0.760187 -0.6386548 0.1193135 -0.4383594 -0.2060353 -0.874866 0.2594166 -0.9573559 0.1271723 0.008691847 0.9990373 0.04300051 -0.4686893 -0.1566656 -0.8693598 -0.1234139 -0.8578432 -0.4988728 -0.551007 0.2547113 -0.7946782 -0.4880711 -0.09513574 -0.8676036 -0.1821801 -0.7964401 -0.5766227 0.1323984 -0.9174378 -0.3752048 -0.1818763 -0.8063413 -0.562792 0.5709937 -0.4811661 0.6651656 -0.2384264 -0.7500285 -0.6169362 0.5585321 -0.44908 0.6974018 -0.3691487 -0.5051832 -0.7800765 0.4538145 -0.7432385 0.491578 -0.4070054 -0.2879035 -0.8668668 0.4205014 -0.8041034 0.4202336 -0.4739941 -0.171207 -0.8637232 -0.1897885 -0.9449798 0.2664463 -0.3877885 -0.9185968 -0.07615929 0.3987084 0.8978089 -0.1870048 -0.4791165 -0.1252596 -0.8687677 -0.5062056 -0.7537732 -0.419025 -0.4275222 0.2858193 -0.8576318 -0.4955782 -0.08637297 -0.8642581 -0.5063244 -0.7351323 -0.450795 0.7459377 0.5593442 -0.36154 -0.5065833 -0.7150733 -0.481709 0.4395921 -0.4005614 0.8039337 -0.5154738 -0.6094819 -0.6023443 0.3178663 -0.5774784 0.7519839 -0.3891561 -0.8341221 0.3908938 0.05056047 -0.8379771 0.5433581 -0.4831199 -0.2497217 -0.8391866 -0.5176168 -0.1203655 -0.8471039 -0.5141018 -0.1013901 -0.8517156 -0.6195681 -0.6901925 0.3738581 -0.7446985 -0.6616634 0.08732587 0.7013652 0.6065674 -0.3743833 -0.505607 -0.08333015 -0.8587304 -0.7897509 -0.5822598 -0.1930471 -0.2952655 0.2202283 -0.929687 -0.5027493 -0.06338006 -0.8621057 -0.7822824 -0.5607479 -0.2712861 0.7684532 0.5488615 -0.3289846 -0.7662797 -0.5216937 -0.3750349 0.3270113 -0.2609768 0.9082702 -0.4331489 0.06422615 -0.8990312 0.04589986 -0.4536541 0.8899951 0.1758477 0.286821 -0.9417066 -0.3441634 -0.6396551 0.6873085 -0.5275089 -0.05174791 -0.847972 -0.5345335 -0.04832053 -0.8437649 -0.8478318 -0.2493787 0.4679654 -0.9554212 -0.2372132 0.175785 0.8603976 0.2143722 -0.4623425 -0.5213868 -0.04317706 -0.8522275 -0.9723029 -0.2097738 -0.1030635 -0.2048805 0.08111417 -0.9754202 -0.5098015 -0.03828501 -0.8594397 -0.9615286 -0.1946735 -0.1938169 0.9060794 0.1649668 -0.3896232 -0.9258978 -0.1716728 -0.3365144 0.2402841 -0.1012902 0.9654035 -0.3336393 0.04534065 -0.9416099 -0.1358367 -0.1753135 0.9750968 0.1983547 0.01751285 -0.9799739 -0.5704185 -0.2363007 0.7866289 -0.5187648 -0.01874858 -0.8547115 -0.5335798 -0.01066356 -0.8456826 -0.8496344 0.2202135 0.4791947 -0.9604454 0.2046844 0.1888096 0.873785 -0.2168135 -0.4353063 -0.5220778 -0.01275599 -0.8528025 -0.980058 0.1740831 -0.09581953 -0.1683756 -0.1033957 -0.9802852 -0.5101653 -0.0148431 -0.8599483 -0.9674032 0.157357 -0.1984185 0.9090845 -0.1793786 -0.3760171 -0.9335314 0.1323701 -0.333163 0.2243174 0.07896822 0.9713114 -0.491246 -0.001467466 -0.8710197 -0.1464842 0.1522544 0.9774258 -0.07040882 -0.1592613 -0.9847226 -0.5741117 0.2102944 0.7913104 -0.4912086 0.0194869 -0.8708241 -0.5144079 0.0350207 -0.8568302 -0.7685679 0.627864 0.1228423 0.7420486 -0.6028946 -0.2930564 -0.5101378 0.01957726 -0.8598698 -0.8199927 0.5472415 -0.1677467 -0.1980099 -0.3054335 -0.9313982 -0.5017829 0.006286084 -0.8649708 -0.8127328 0.5131052 -0.2760225 0.7772735 -0.5562224 -0.2940453 -0.7978211 0.4660791 -0.3824288 0.2863407 0.2465027 0.9258755 -0.6044907 0.1704922 -0.7781538 0.006245017 0.4311084 0.9022786 -0.3110718 -0.1736332 -0.9343907 -0.3719388 0.6033121 0.7054615 -0.6404443 0.6521308 0.4056559 -0.4898364 0.1188799 -0.8636713 -0.4892469 0.09530681 -0.8669222 -0.4537501 0.8882626 -0.07141864 0.4826486 -0.8736293 -0.06182354 -0.4862563 0.05601835 -0.8720189 -0.5590454 0.7273207 -0.3980865 -0.3139525 -0.4620068 -0.8294478 -0.4851551 0.02607852 -0.8740392 -0.5592155 0.6938234 -0.453748 0.6337915 -0.7492638 -0.1921253 -0.558964 0.6525638 -0.5115855 0.394693 0.3830237 0.8351709 -0.5684983 0.5110949 -0.6446641 0.2463122 0.5810648 0.7756894 -0.5153316 0.2747887 -0.8117417 -0.02578765 0.8257151 0.5634976 -0.2658568 0.9245794 0.2728977 -0.3439694 0.8167278 -0.4632935 0.02273297 0.8062887 -0.5910853 -0.01804101 0.7787383 -0.6270896 -0.1390092 0.9901707 -0.01544898 0.6919262 0.3051338 0.6543176 0.4783088 0.3506439 0.8051519 -0.4074529 0.6786721 -0.6110534 -0.1469201 0.6686848 -0.7288863 0.6858549 0.5156416 0.5135338 0.3935787 0.5767028 0.715898 -0.4623084 0.4515553 -0.7631308 -0.2286465 0.517296 -0.8246973 0.6084379 0.7507001 0.2573959 0.230027 0.8347337 0.5003072 -0.47341 0.3592639 -0.8042465 -0.3742871 0.3724578 -0.8492258 0.05798512 0.9692713 0.2390628 0.4796625 0.8774518 -0.001552283 -0.4799355 0.3063731 -0.8220691 -0.4222792 0.3061577 -0.8531986 -0.1130787 0.9924315 -0.04788517 0.3033542 0.9126203 -0.2740446 0.2126775 -0.9695544 0.1213778 0.5308974 -0.1904479 0.8257588 -0.19829 -0.921732 0.3333035 -0.4904575 0.2596478 -0.8318861 -0.4514377 0.2566874 -0.8545851 -0.2728229 0.9023743 -0.3335992 0.08723556 0.8417294 -0.5328057 -0.6443799 -0.4245199 -0.6360483 -0.4255608 -0.5044762 -0.7512667 -0.4998283 0.2160428 -0.8387475 -0.4763668 0.2174611 -0.8519304 -0.3111281 0.8611586 -0.4020015 0.3634036 0.8595449 -0.3593331 -0.5101395 0.161412 -0.84481 -0.2669858 0.3194652 -0.9092088 -0.3567603 0.2712291 -0.8939558 0.7679761 0.6042456 -0.2123674 0.6027141 0.6478719 -0.46583 -0.5746543 -0.6803358 0.45488 -0.4147327 0.2423428 -0.8770785 0.3537297 0.6189227 -0.7012916 -0.7850859 -0.1915169 -0.5890343 -0.4648122 0.2171171 -0.8583763 0.2682687 0.5960617 -0.7567975 0.5904403 0.5376248 -0.6019469 0.2333042 0.5829135 -0.7783193 0.836114 0.1771992 0.5191473 0.1218272 0.5593341 -0.8199412 0.8826093 0.3374115 0.3273441 0.193867 0.4804996 -0.8552986 0.8617332 0.5053625 0.04499644 -0.177533 0.2640609 -0.9480263 -0.2961209 0.2408421 -0.9242876 0.8886151 0.1661055 -0.4275187 0.7164576 0.2155398 -0.6634992 -0.7873284 -0.31617 0.5292926 -0.3880941 0.2191141 -0.8951939 0.4972534 0.2511379 -0.8304631 -0.7943229 0.06004202 -0.6045213 -0.455733 0.1950598 -0.8684809 0.3996677 0.2992736 -0.8664301 0.5933718 0.03521692 -0.8041578 0.3630955 0.3192266 -0.8753605 0.90431 -0.1015914 0.4146116 0.4406493 0.3452568 -0.8286291 0.9793092 -0.02069264 0.2013092 0.2573871 0.3136431 -0.9139913 0.9845249 0.09656536 -0.1462398 -0.3164824 0.1497876 -0.9366978 0.8674043 -0.2460234 -0.4325302 0.9246225 -0.2422549 -0.2939148 -0.8150472 0.08202493 0.5735593 -0.3984552 0.1527831 -0.9043732 0.8825653 -0.1676401 -0.4392897 -0.7423955 0.2206769 -0.6325747 -0.4594045 0.1524208 -0.8750517 0.6152194 -0.06534904 -0.7856428 0.4405345 -0.08597826 -0.8936091 0.4524106 -4.95206e-4 -0.8918097 0.9565425 -0.2687706 0.1130881 0.5861415 -0.04024881 -0.8092084 0.9527747 -0.2953128 -0.07078665 0.5519763 0.08404743 -0.8296133 0.9120843 -0.2789211 -0.3005084 -0.16158 0.1408672 -0.976754 -0.3649771 0.04354125 -0.9299979 0.9320983 -0.3585418 -0.0513879 -0.6669057 0.4799137 0.5700172 -0.4250332 0.08941823 -0.9007503 0.8195284 -0.4924749 -0.2929877 -0.6856888 0.3333244 -0.6470903 -0.469402 0.1263703 -0.873895 0.5535293 -0.412586 -0.7234488 0.4018892 -0.1514372 -0.9030791 0.3482413 -0.3540003 -0.8679931 0.869432 -0.4789937 0.1210505 0.3004381 -0.3281484 -0.8955755 0.8853794 -0.459622 -0.06964832 0.3212237 -0.2170237 -0.9218004 0.8529969 -0.4365823 -0.2859934 -0.2435108 -0.02519047 -0.9695711 0.8215741 -0.409571 -0.3965698 -0.4269945 -0.03372973 -0.903625 0.4382925 -0.6771443 -0.5910799 -0.3736718 0.7821633 0.4985879 -0.4703423 0.03819447 -0.8816571 0.2621581 -0.5738072 -0.7758985 -0.6182935 0.4206525 -0.663901 -0.4877172 0.1067848 -0.8664461 0.07423043 -0.5465465 -0.8341323 0.3994801 -0.4727747 -0.7854297 0.04509949 -0.5554705 -0.8303123 0.7233838 -0.5697453 0.390008 -0.01028686 -0.4960432 -0.868237 0.7255334 -0.6357245 0.2635446 -0.1565855 -0.3197565 -0.9344714 0.6562994 -0.7518421 -0.06328296 -0.3490518 -0.1361016 -0.9271674 0.5476839 -0.7568327 -0.3567165 -0.4714555 -0.01740115 -0.8817182 0.02177 -0.950826 -0.3089599 0.04807418 0.9494435 0.3102352 -0.4992796 0.03170907 -0.8658606 -0.2049546 -0.7441014 -0.6358513 -0.5202311 0.4791609 -0.7069402 -0.5192921 0.0874316 -0.8501127 -0.2543036 -0.6631895 -0.7039243 -0.0340656 -0.8623794 -0.5051152 -0.2703136 -0.6376312 -0.7213578 0.4592719 -0.7362601 0.4969813 -0.3267521 -0.5411306 -0.7748619 0.4018802 -0.8155962 0.4162875 -0.4122906 -0.2995116 -0.8604124 0.2720559 -0.9491542 0.1584042 -0.4462673 -0.1098384 -0.8881336 0.1621838 -0.9849298 -0.06008249 -0.5102943 0.003551959 -0.8599925 -0.2799516 -0.9592347 0.03867691 -0.4422829 -0.8672255 -0.2287046 0.4309021 0.9014867 0.04056155 -0.5066867 0.06081521 -0.8599826 -0.5490993 -0.6821005 -0.4829378 -0.4101018 0.4882245 -0.7703593 -0.5250036 0.09638512 -0.8456248 -0.55799 -0.6271846 -0.5434028 -0.4527584 -0.8637998 -0.2210427 -0.5590304 -0.6048381 -0.5671473 0.2907747 -0.7017356 0.6503978 -0.5619258 -0.5854307 -0.5843889 0.15504 -0.8316445 0.5332261 -0.6112983 -0.4349738 -0.6611446 -0.07512807 -0.952679 0.2945481 -0.5322961 -0.1071781 -0.8397462 -0.5981858 0.01335889 -0.8012461 -0.5591291 0.0673837 -0.8263379 -0.6463319 -0.7301734 0.2215895 -0.7579264 -0.6522233 -0.01235133 0.7115815 0.6676469 -0.2188594 -0.538389 0.1005991 -0.8366703 -0.8099296 -0.5345854 -0.2413141 -0.3051977 0.423389 -0.8529925 -0.5329433 0.1181481 -0.837862 -0.8080767 -0.4894228 -0.3278378 -0.7500151 -0.6600828 0.04204982 -0.8019245 -0.458125 -0.3834562 0.1540428 -0.5576713 0.815643 -0.7551894 -0.2177367 -0.6182878 -0.1183547 -0.6941993 0.7099857 -0.6152443 -6.10434e-4 -0.7883363 -0.4272581 -0.764169 0.4832145 -0.6259668 0.1028319 -0.7730402 -0.5816316 0.1211764 -0.8043763 -0.8504797 -0.3523157 0.3905869 -0.947176 -0.2839933 0.1490152 0.8637169 0.3004102 -0.4046567 -0.5540567 0.1332073 -0.8217524 -0.9749212 -0.2055748 -0.08525097 -0.2261645 0.2960313 -0.9280169 -0.5400503 0.1408956 -0.8297554 -0.9693983 -0.1680099 -0.1789964 -0.8145075 -0.5731816 0.08966749 -0.9558721 -0.1344647 -0.261205 0.05791974 -0.3692526 0.9275224 -0.7401104 0.05636888 -0.6701188 -0.2994933 -0.4161133 0.8585764 -0.3714439 0.1466895 -0.9167943 -0.6357073 -0.4088656 0.6547558 -0.6167711 0.1663931 -0.7693549 -0.5804072 0.164539 -0.7975302 -0.8674717 0.06872779 0.4927164 -0.9634911 0.112879 0.2427825 0.8785979 -0.1064554 -0.465546 -0.5547378 0.1631654 -0.8158696 -0.9896072 0.1436819 -0.005764007 -0.1660522 0.1290928 -0.9776307 -0.5405671 0.1622017 -0.8255168 -0.9812216 0.1537265 -0.1165006 -0.9547239 -0.1116977 0.275728 -0.9608865 0.1626869 -0.2241207 0.04025322 -0.1490282 0.9880133 -0.8072209 0.1703401 -0.5651359 -0.3184869 -0.07801145 0.9447118 -0.5773553 0.1574457 -0.801169 -0.6542352 0.003726065 0.7562821 -0.5774687 0.2399078 -0.780368 -0.5575007 0.2159896 -0.8015869 -0.8103942 0.526462 0.2570973 0.7715098 -0.5059487 -0.3857316 -0.5427984 0.1957399 -0.8167349 -0.8553815 0.5179929 -0.00245583 -0.141315 -0.1175624 -0.9829594 -0.5335742 0.1823263 -0.8258668 -0.8514197 0.5102704 -0.1212794 -0.860651 0.3916565 0.3254001 -0.8387764 0.4936617 -0.2296792 0.1165981 0.07797944 0.9901132 -0.7704492 0.4032008 -0.4937989 -0.1741724 0.2517701 0.9519852 -0.6099881 0.2662245 -0.7463505 -0.4868845 0.411089 0.7706812 -0.7029789 0.4944653 0.5111993 -0.5477667 0.3436949 -0.7627749 -0.5268371 0.2766231 -0.8036929 -0.5305728 0.8401231 0.1126313 0.547646 -0.8205025 -0.163889 -0.5190894 0.2333109 -0.8222606 -0.610607 0.7728542 -0.1727874 -0.2211457 -0.3797116 -0.8982838 -0.5189721 0.2029573 -0.8303471 -0.615843 0.7443778 -0.2581456 -0.4939171 0.8527333 0.1699767 -0.6155609 0.7147547 -0.3319799 0.2663818 0.2752586 0.9237281 -0.6089386 0.651905 -0.4519003 0.08443528 0.4891068 0.8681275 -0.5871917 0.4920673 -0.6427098 -0.166243 0.7100103 0.684287 -0.3805887 0.8257031 0.4163733 0.1957508 0.9479445 -0.2511631 0.5398033 0.8311712 -0.1332929 0.5307095 0.8242064 -0.1975636 0.07482874 0.9727 0.2196714 0.2101419 0.04913705 0.9764354 -0.08550244 0.144663 0.9857799 0.2269236 0.8778907 -0.4216799 0.5016528 0.7963742 -0.3378355 0.3263348 0.2732924 0.904885 -0.0468688 0.4149847 0.9086204 0.2531671 0.7334053 -0.6308909 0.4465246 0.7084015 -0.5466107 0.4422859 0.5160327 0.7335486 0.01103705 0.6906859 0.7230707 0.2548363 0.6358292 -0.7285463 0.3678191 0.6222557 -0.6910188 0.07218694 0.8767127 0.4755671 0.5166687 0.6890963 0.5081336 0.2504011 0.5800104 -0.7751691 0.3188687 0.5658031 -0.7603878 0.1284272 0.971618 0.1986578 0.552676 0.7964113 0.2455161 -0.08292663 -0.9959995 0.03329151 -0.1706326 -0.4893394 0.8552377 -0.4756752 -0.8796177 -0.00240767 0.2410273 0.538942 -0.807123 0.2872134 0.5263403 -0.8002966 0.1733606 0.9821484 -0.07301086 0.5508751 0.8339201 -0.03337657 0.07990103 -0.3107221 -0.9471365 -0.2018713 -0.1775842 -0.963178 0.2321248 0.5015516 -0.8334051 0.2591747 0.4970474 -0.8281139 0.1849805 0.9676845 -0.1713742 0.5482556 0.8035466 0.2317945 0.220033 0.4537385 -0.8635433 0.4887919 0.5415814 -0.6839388 0.3942914 0.5162913 -0.7602484 0.819131 0.3725485 0.436156 0.8508012 0.4868965 0.1976596 -0.7982626 -0.6014605 -0.03197097 0.3297357 0.5037897 -0.7984175 0.8209975 0.5653395 -0.07971537 -0.3569579 0.06554287 -0.9318183 0.2735687 0.4940316 -0.8252837 0.7933385 0.5802344 -0.1842341 0.8610785 0.4994279 0.09547626 0.7780007 0.583725 -0.2323364 0.4267848 -0.1206311 0.8962717 0.7423263 0.5906377 -0.3163841 0.5832879 0.0421065 0.8111735 0.6388207 0.5768368 -0.5090849 0.732964 0.2252759 0.6418836 0.5708417 0.4512429 -0.6859443 0.4534184 0.4676448 -0.7587623 0.972954 -0.05120235 0.2252526 0.9973723 0.07226407 0.005154073 -0.9807598 -0.1943386 -0.01851046 0.3588069 0.474571 -0.8037661 0.9563043 0.1998101 -0.2134433 -0.3389288 0.3526911 -0.8722019 0.2844555 0.4713432 -0.8348177 0.9166605 0.2782003 -0.2869464 0.9747725 0.1015345 -0.1987697 0.8941264 0.3144272 -0.318863 0.5333888 -0.416184 0.7364016 0.8609435 0.3472063 -0.371785 0.6923339 -0.330599 0.6413877 0.7454069 0.4081323 -0.5270641 0.879858 -0.1793462 0.4400966 0.4337733 0.3857533 -0.8142697 0.9067965 -0.4171319 0.06100285 0.9139692 -0.396376 0.08686995 -0.9752355 0.2029604 0.08787965 0.347397 0.4147296 -0.8410201 0.9532474 -0.3013764 -0.02217054 -0.2130408 0.5518359 -0.8062821 0.2797591 0.4317458 -0.857514 0.9538648 -0.1123713 -0.2784144 0.9010828 -0.0565598 -0.4299428 0.9110514 0.006975829 -0.4122341 0.6688722 -0.565587 0.4824119 0.8882279 0.04834365 -0.4568527 0.7550441 -0.5540797 0.3505771 0.7847893 0.1848294 -0.5915607 0.8565849 -0.4858286 0.1738763 0.5678519 0.3250946 -0.7562127 0.3731837 0.3014098 -0.8774316 0.7970191 -0.6026504 -0.03966224 -0.8050665 0.5214804 0.2827125 0.3139069 0.363534 -0.8771007 0.8075459 -0.5634651 -0.1742898 -0.110211 0.662004 -0.741353 0.2669202 0.4103353 -0.8719969 0.8073439 -0.3905097 -0.4423775 0.8278911 -0.1981247 -0.5247316 0.7610244 -0.2691285 -0.5902642 0.5723021 -0.7368541 0.3598839 0.7272039 -0.1962847 -0.657759 0.679836 -0.6880529 0.2537841 0.6489511 -0.006821811 -0.7607995 0.7802551 -0.6209066 0.07534754 0.4712575 0.198553 -0.8593562 0.818368 -0.5729367 -0.04491621 0.2926 0.2460083 -0.9240483 0.5872806 -0.6382757 -0.4977003 -0.4750893 0.71962 0.5063962 0.256839 0.3269388 -0.909475 0.5726279 -0.4597827 -0.6787468 -0.005771994 0.7500089 -0.6614027 0.2435058 0.3971638 -0.8848536 0.522993 -0.3955498 -0.7549958 0.6607526 -0.4772825 -0.5793164 0.498325 -0.3673878 -0.7853015 0.2781637 -0.868111 0.4111061 0.4746928 -0.266231 -0.8389208 0.3574469 -0.9027528 0.2393099 0.4250954 -0.05407208 -0.903532 0.4723014 -0.8794625 -0.05896687 0.3473557 0.1280556 -0.9289488 0.548013 -0.7809801 -0.2995861 0.242572 0.2744878 -0.9304919 0.1185675 -0.7339622 -0.668761 -0.03686994 0.7552689 0.6543771 0.2198289 0.3280601 -0.9187229 0.1705132 -0.50758 -0.8445638 0.1317155 0.7904363 -0.5982154 0.2040209 0.3863563 -0.8995022 0.1878056 -0.4196345 -0.8880518 0.1410283 -0.6815145 -0.7180871 0.1950839 -0.365647 -0.9100794 -0.06458485 -0.9554074 0.2881416 0.2092208 -0.2283995 -0.9508209 -0.04016286 -0.9973129 0.06126999 0.2356605 0.0100255 -0.9717838 0.01200985 -0.9744961 -0.2240831 0.2508942 0.180215 -0.9510914 0.06543952 -0.8824946 -0.4657476 0.1992326 0.3073115 -0.9305193 -0.3475459 -0.7592716 -0.5501986 -0.2744656 -0.5880165 -0.7608584 0.3952295 0.6243632 0.6737688 0.2088197 0.357896 -0.9101126 -0.1787843 -0.3900547 -0.9032682 0.3047359 0.7669329 -0.5647566 0.196673 0.3963682 -0.8967787 -0.1363824 -0.3191934 -0.9378249 -0.3175882 -0.5799297 -0.7502129 -0.105776 -0.2723605 -0.9563636 -0.3493304 -0.8929021 0.2840669 -0.0568149 -0.1881346 -0.9804987 -0.3829138 -0.9233521 0.02825129 0.04611188 0.01067614 -0.9988793 -0.3849823 -0.8785873 -0.2826182 0.1551942 0.2063349 -0.9660956 0.08685857 0.3265481 -0.9411811 0.1507291 0.3756378 -0.9144272 -0.7120984 -0.4848261 -0.5077989 -0.6278387 -0.3469064 -0.6967601 0.7314229 0.346744 0.5871875 0.1785865 0.3994352 -0.8991988 -0.5077412 -0.2025154 -0.8373688 0.4845319 0.6606835 -0.5733465 0.188394 0.4182619 -0.8885746 -0.4424344 -0.1421146 -0.885469 -0.6724723 -0.3161612 -0.6691959 -0.3815884 -0.08495986 -0.9204195 -0.588797 -0.7219327 0.3634986 -0.2294083 0.06752628 -0.9709852 -0.7003758 -0.7089462 0.08288002 -0.01901346 0.2488461 -0.9683564 -0.746435 -0.6203585 -0.2408115 0.04472351 0.4204351 -0.9062197 0.1232572 0.4316728 -0.8935695 -0.9268469 -0.1020206 -0.3613126 -0.8299467 0.02426391 -0.5573149 0.8955105 -0.01023274 0.4449229 0.1615504 0.4371911 -0.8847404 -0.6937572 0.1357901 -0.707292 0.621636 0.4822479 -0.6172567 0.1810548 0.4411143 -0.8789979 -0.6167 0.1878651 -0.7644527 -0.8484528 0.03476852 -0.528128 -0.5309841 0.2372742 -0.8134844 -0.7321285 -0.4872342 0.4760155 -0.3261013 0.3222298 -0.8887216 -0.8934173 -0.3939077 0.2159684 -0.07705628 0.3990309 -0.913694 -0.9633643 -0.2516772 -0.09267187 0.05108791 0.4898315 -0.870319 0.1255312 0.4735617 -0.871769 -0.9453842 0.2912057 -0.1464519 -0.844996 0.3971149 -0.3581641 0.8722063 -0.3942227 0.2895593 0.1621376 0.4655144 -0.870062 -0.7041963 0.4691286 -0.5329408 0.6828963 0.2301542 -0.6933122 0.1812731 0.4615786 -0.8683809 -0.6187004 0.4950059 -0.6100648 -0.859408 0.3776938 -0.3446234 -0.5226019 0.5146871 -0.6796944 -0.7436809 -0.2403914 0.6238195 -0.3197081 0.5299064 -0.7854846 -0.9111434 -0.06250762 0.407321 -0.07165622 0.5127406 -0.8555481 -0.9833353 0.1337731 0.1231117 0.1066446 0.5613539 -0.8206758 0.1557685 0.5177178 -0.8412517 -0.6651799 0.7369698 -0.1200475 0.6639311 -0.7302662 0.1609565 0.1780133 0.4932619 -0.8514717 -0.5363928 0.7807003 -0.3206087 0.6158735 -0.05302339 -0.7860588 0.190661 0.478771 -0.856987 -0.4566148 0.7890213 -0.4110336 -0.6946766 0.7103118 -0.1134969 -0.3744702 0.7846322 -0.4940896 -0.6178579 -0.02333891 0.7859433 -0.2077291 0.737604 -0.6424866 -0.7457519 0.2277797 0.6260756 0.005206704 0.6366246 -0.7711563 -0.7974955 0.4741431 0.373081 -0.7590406 0.6423304 0.1061563 0.1580282 0.6367477 -0.754705 0.1950796 0.5641564 -0.8022915 -0.305891 0.9509104 0.04690617 0.3171815 -0.9451307 0.07825595 0.2070358 0.5220747 -0.82739 -0.2028186 0.9593784 -0.1961068 0.3931735 -0.268024 -0.8795328 0.2094204 0.4943675 -0.8436492 -0.1507365 0.9465785 -0.2850751 -0.3306609 0.939231 0.0922414 -0.1058991 0.9300138 -0.3519375 -0.3819934 0.1281588 0.9152358 -0.03747105 0.8816264 -0.4704581 -0.431299 0.4036232 0.8068888 0.07253229 0.7633419 -0.6419099 -0.4378779 0.6758034 0.5929189 -0.3925498 0.8605901 0.3244832 -0.2663844 0.8320043 -0.4866296 0.1172936 0.8130603 -0.5702413 -0.2573786 0.8513301 -0.4571579 0.7781534 -0.003990113 0.6280617 -0.6715475 -0.7214365 -0.1689778 0.6702255 -0.209836 0.7118755 0.6339979 0.5490686 0.5445829 0.5364641 0.631096 0.5602893 0.5977532 0.6945186 0.4004186 0.8195713 0.5052214 0.2702857 0.5255011 -0.1238979 0.8417232 0.5326962 -0.4007185 0.7454258 0.4017672 0.8945298 0.1959586 0.6999816 0.7136423 0.02720993 0.3915364 0.9123652 -0.1195362 -0.2648096 -0.952508 -0.1503477 0.2445659 0.9678387 0.05895596 0.614318 0.7878106 -0.04436469 -0.5128956 0.223349 -0.8288869 -0.5894627 0.2023635 -0.7820376 0.4760785 0.850906 -0.222055 0.06937348 0.9911452 -0.11322 -0.0219326 -0.9997161 0.00932455 0.7162219 0.01585447 0.6976925 -0.3176271 -0.9016743 0.2934222 -0.6046891 0.1363583 -0.7847022 -0.565692 0.127962 -0.8146278 0.1286067 0.8180612 -0.5605677 -0.1746681 0.9058562 -0.385896 -0.7188465 -0.2312963 -0.6555623 -0.7833568 -0.1749957 -0.59643 -0.6151424 0.08246749 -0.7840911 -0.5953485 0.07848632 -0.7996249 -0.02127474 0.7219561 -0.6916117 -0.2852919 -0.9429249 -0.1717593 -0.6272425 0.02240234 -0.7785018 -0.433291 0.1681889 -0.8854216 0.8986272 0.4370559 -0.03809815 -0.5543022 -0.6352844 0.5377388 -0.5259995 0.1054349 -0.8439242 0.517134 0.6085875 -0.6018255 -0.8172411 -0.09921556 -0.5676914 -0.5800293 0.07531255 -0.8111067 0.1726282 0.4796004 -0.8603389 -0.7895649 -0.6135918 0.00961095 0.3273261 0.5532104 -0.7660391 0.8364526 0.05645042 0.5451244 0.7491167 0.5031657 0.4308696 0.9229241 0.1231731 0.3647459 0.9010601 0.3736404 0.2201901 0.9215595 0.3684746 0.1222893 0.3557515 0.720682 -0.5950279 0.8997486 0.4235975 0.1049652 -0.3615207 0.0971685 -0.9272869 0.9824302 -0.177174 0.05865436 0.9875249 -0.1211855 -0.1005421 -0.7013311 -0.2214354 0.67757 -0.4946216 0.06999927 -0.8662849 0.9647083 -0.2588415 -0.04836302 -0.8218033 -0.02890473 -0.5690376 -0.5698173 0.05672723 -0.8198112 0.352325 0.1063466 -0.9298159 0.3067747 0.7690742 -0.5607267 0.4542672 0.2274059 -0.8613524 0.9588823 -0.1393567 0.2472338 0.9579219 0.2868695 0.009571254 0.8625181 -0.2329378 0.4492244 0.922515 0.2923835 -0.2519482 0.9930981 -0.0868507 0.07882398 0.02306258 0.2169257 -0.9759157 -0.3925446 -0.01489895 -0.9196123 0.8082167 -0.5852855 0.06501263 0.6340081 -0.3317925 0.6985324 -0.7169085 0.2175474 0.6623558 -0.5038546 -0.001870334 -0.8637865 0.7245788 -0.1914421 0.6620692 -0.8231689 0.009301543 -0.5677204 -0.571765 0.008385479 -0.8203746 0.8969083 -0.2599685 -0.3577318 -0.7993192 -0.08153587 -0.5953492 0.6852714 -0.2134668 -0.6963011 -0.08704292 -0.517493 -0.8512488 0.9797819 -0.1952069 0.04383826 0.927429 -0.3470766 -0.1393322 0.8769688 -0.2042389 -0.4349853 0.8551858 -0.4763973 -0.2042132 -0.07053792 -0.06714832 -0.9952465 -0.2655369 -0.3264991 -0.9071322 -0.4713491 -0.1576828 -0.8677363 0.8691971 -0.3826406 -0.3131816 0.9189497 -0.1569328 0.3618059 -0.6010967 0.6120646 0.5138674 -0.5398321 -0.08401679 -0.8375694 0.8350925 -0.3582556 0.4174608 -0.8114132 0.0696792 -0.5803046 -0.583785 -0.02653253 -0.8114748 0.7318276 -0.6019292 -0.3195462 -0.6095756 -0.1788906 -0.7722796 0.6803774 -0.6187034 -0.3928012 0.4326539 -0.5596666 -0.7068126 0.8148148 -0.3919516 0.4271427 0.9289804 -0.3363517 -0.1544768 0.7023934 -0.6509749 -0.2878807 0.8736875 -0.3698892 -0.315994 -0.411031 -0.4216694 -0.8082379 -0.5313951 -0.243085 -0.811498 0.4965898 -0.745727 -0.4441733 -0.3741582 0.8885514 0.2654847 -0.5824063 -0.14034 -0.800692 0.319063 -0.7085968 -0.6293564 -0.7845612 0.1206017 -0.6082096 -0.6019758 -0.04501128 -0.7972447 0.07546657 -0.7344712 -0.6744309 -0.2877458 0.867821 0.405079 0.4445071 -0.8680794 -0.2210243 0.8845918 -0.1625381 0.4371255 0.6581958 -0.2360552 0.714882 0.8816915 -0.4181794 0.218509 0.4795454 -0.8726424 0.09236562 0.7635065 -0.6403484 -0.08373582 0.6285743 -0.7219878 -0.2891852 -0.5958643 -0.1933389 -0.7794651 0.04762905 -0.977886 -0.2036433 -0.05628871 0.996796 -0.05682903 -0.6253092 -0.1476477 -0.7662823 -0.1798827 -0.8789016 -0.4417853 -0.7236238 0.1803802 -0.6662069 -0.6430729 -0.07079321 -0.7625258 -0.2483343 -0.8278378 -0.5030056 -0.09057217 0.9958787 0.004741668 -0.06864011 -0.9579033 -0.278765 0.785115 -0.2163361 0.5803388 0.5355817 -0.3088279 0.7859883 0.6273526 -0.6831308 0.3738463 -0.2651379 0.931116 -0.2504495 0.4140197 -0.8955345 0.1631132 -0.5708426 -0.2285307 -0.7886144 0.230028 -0.973038 -0.01686322 -0.6292439 -0.1482984 -0.7629284 -0.3383156 -0.9401974 -0.03964442 0.248526 0.9130551 -0.3233658 -0.6355538 -0.1089401 -0.764332 -0.4851118 -0.8300363 -0.2751479 -0.6396633 0.2279613 -0.7340739 -0.6502956 -0.06313329 -0.7570534 -0.514705 -0.7870524 -0.3400402 0.1778956 0.971056 -0.1593847 -0.5240086 -0.7798432 -0.3424319 0.6821448 -0.2705052 0.6793419 0.4787153 -0.6429871 0.5978288 0.3821021 -0.7033479 0.5994161 -0.007484674 0.9206131 -0.3904044 0.09826999 -0.9057289 0.4123085 -0.6178602 -0.1359935 -0.7744383 -0.1391709 -0.9701841 0.1984297 -0.6580205 -0.07755571 -0.7489954 -0.6587682 -0.7163295 0.2299923 0.5403804 0.6522127 -0.5316086 -0.6592733 -0.06106519 -0.7494197 -0.7648603 -0.6440216 -0.01500284 -0.5031051 0.2107508 -0.8381345 -0.6570986 -0.03869009 -0.7528112 -0.7879378 -0.6065651 -0.1059857 0.5102184 0.77811 -0.3663634 -0.8141282 -0.5302997 -0.2365959 0.5545346 -0.2348653 0.7983294 -0.389006 -0.1074047 -0.9149528 0.1972013 -0.5115877 0.8362953 0.01275742 0.7061388 -0.7079585 -0.192742 -0.6923894 0.6953039 -0.6291709 -0.04426407 -0.7760056 -0.4813149 -0.7445824 0.462529 -0.6769492 -0.01977831 -0.735764 -0.891278 -0.2420442 0.3834556 0.7359538 0.2402122 -0.6329851 -0.6722745 -0.01683425 -0.7401106 -0.9712838 -0.2106413 0.1106259 -0.3808673 0.07967889 -0.9211902 -0.6626116 -0.009730577 -0.7489001 -0.9818177 -0.1897884 0.003807246 0.7705335 0.3467312 -0.5348417 -0.9742756 -0.1517574 -0.1666038 0.4635414 -0.06208276 0.8838977 -0.7133428 -0.0325194 -0.7000605 0.08632159 -0.1578851 0.9836773 -0.3574386 0.09966844 -0.9286032 -0.3810499 -0.2329995 0.8947136 -0.6601426 -0.01322776 -0.7510239 -0.7162028 -0.2554956 0.6494426 -0.6542796 -0.01002454 -0.7561864 -0.6770645 0.01791459 -0.7357057 -0.8644246 0.3193917 0.3882772 0.748553 -0.2519239 -0.6133537 -0.67206 0.01895868 -0.740254 -0.9512808 0.2862566 0.1145516 -0.3757832 -0.1334525 -0.9170482 -0.6611617 0.01990377 -0.7499794 -0.9646686 0.2634661 -3.49669e-4 0.7697748 -0.3595574 -0.5274137 -0.9623018 0.2284083 -0.1476646 0.4650318 0.1383015 0.8744244 -0.7634816 0.1126268 -0.6359333 0.09935873 0.2363626 0.9665716 -0.3162375 -0.2460197 -0.916225 -0.3583377 0.3141607 0.8791458 -0.6880394 0.3367012 0.6428329 -0.4083269 -0.4442987 -0.7974132 -0.6590337 0.07521355 -0.7483432 -0.4313984 0.7720092 0.4667948 -0.6057279 0.7520486 0.2598398 0.5703735 -0.660633 -0.4880964 -0.6593331 0.0610609 -0.7493674 -0.7275106 0.6860457 0.008353471 -0.4872388 -0.2583107 -0.8341906 -0.6506507 0.04740625 -0.7578961 -0.7605407 0.6402958 -0.1076999 0.4876777 -0.7954631 -0.3597347 -0.7797521 0.5923607 -0.2027201 0.5572595 0.2796686 0.7818231 -0.3724564 0.1333938 -0.9184129 0.2149434 0.543879 0.8111689 0.2593473 -0.8463678 -0.4651888 -0.1548336 0.7183262 0.6782581 -0.1298416 -0.9715981 -0.1978342 -0.6306841 0.1631274 -0.758701 -0.105092 0.9652538 0.239251 -0.2967709 0.9546763 0.0228095 0.3080794 -0.9074459 -0.285708 -0.6334677 0.1075409 -0.7662596 -0.4646711 0.8544049 -0.2325364 -0.6163759 -0.2684985 -0.7402631 -0.6330745 0.07155382 -0.7707767 -0.5084196 0.7986112 -0.3220711 0.09175705 -0.9807285 -0.1724887 -0.5132007 0.7874894 -0.3413001 0.6862144 0.258916 0.679759 0.3779954 0.7254461 0.5751936 0.3793476 0.7031144 0.6014362 0.6594809 -0.4198603 0.6235402 0.1144243 0.8963925 0.4282378 -0.1870459 -0.02103418 -0.9821259 0.1710144 0.05252218 -0.9838677 -0.07478886 -0.120633 -0.989876 -0.7208027 0.6274327 0.2945706 -0.2875854 0.5085794 -0.8115675 -0.484347 0.8182677 0.3095901 0.7345882 -0.6303288 -0.2511292 0.5170781 -0.8290067 -0.2130218 -0.7794922 0.6187033 -0.09797054 -0.4643104 0.8827218 -0.07223635 0.2831066 -0.6905351 0.6655915 0.5469195 -0.354951 0.7582144 -0.7197006 0.51166 -0.4692921 -0.3644729 0.8127743 -0.4544858 0.5692185 -0.8028157 -0.1774183 0.7425034 -0.667692 -0.05362862 -0.5479648 0.3191266 -0.7732353 -0.1931055 0.6000679 -0.7762917 0.4120757 -0.4610387 -0.7858988 0.4117874 -0.4829499 -0.772781 0.01240879 0.2939765 -0.9557321 -0.2924964 0.08197212 -0.9527468 0.5751857 -0.3883345 0.7199707 -0.3600973 0.4328547 0.8264181 0.2440612 -0.6172636 0.7479438 0.374778 -0.4595313 -0.8052158 0.3956505 -0.4388721 -0.806754 0.1209179 0.1149616 -0.9859831 -0.1309785 -0.06284964 -0.9893911 0.6552121 -0.6320251 -0.4138134 0.4659358 -0.8039527 -0.3695456 0.3895283 -0.4809591 -0.7854592 0.4005352 -0.4659773 -0.7889467 0.07635569 0.1944226 -0.9779416 -0.5452939 0.2559908 -0.7982 0.4216908 -0.515797 -0.7457415 0.4313285 -0.4230774 -0.7968446 0.3634949 0.3165944 -0.8761504 -0.1603707 -0.7108016 0.6848667 0.4180231 -0.4219816 -0.8044801 0.4125806 0.1104589 -0.9041992 0.2081665 -0.89061 -0.4043273 0.4035869 -0.4601983 -0.7907814 0.4134948 0.2626284 -0.8718076 0.196648 0.6808106 -0.7055682 0.4633928 0.105935 -0.8797983 -0.1629804 0.9077686 0.3865147 0.2532603 -0.8779344 -0.4063132 -0.07129395 0.9938004 0.08531051 0.09398055 -0.9705584 0.2217748 0.08113443 0.9452586 -0.3160755 0.4401905 -0.6863067 -0.578978 0.2553457 0.6883774 -0.6789221 0.4912222 -0.3777564 -0.7848573 0.7684201 0.5352116 -0.3508264 0.8467893 0.1933284 -0.4955525 -0.58117 -0.6762103 0.4527484 0.4628208 -0.4190958 -0.7811246 0.2758144 -0.1438566 -0.950385 -0.01773571 -0.8179582 -0.5750043 0.4450446 -0.4741328 -0.7596931 0.7177368 0.1773208 -0.6733582 0.8359802 0.3761584 -0.3995522 0.6944365 0.0493136 -0.7178623 0.246386 0.7625178 0.5982145 0.1936856 -0.7983726 -0.5701642 0.3735669 0.8278046 0.4185538 -0.02759861 -0.9694259 -0.2438275 0.6196956 0.784443 0.02503275 0.4820724 -0.440546 -0.7573146 0.5453131 -0.427391 -0.7210899 0.9003118 0.3556704 0.2508733 -0.1435414 0.2536291 0.956592 -0.8464997 -0.5234313 0.09725201 0.5039463 -0.4607183 -0.7306003 0.08041769 0.9805662 0.17895 -0.02939867 -0.6500978 -0.7592817 0.4748252 -0.5002565 -0.7240749 0.8958813 0.4023972 0.1883433 0.9121596 0.04031312 -0.4078479 0.9087418 -0.05961441 -0.4130793 0.6541144 0.5644964 0.5034663 0.09477734 -0.9898468 -0.1059279 0.7788703 0.4637069 0.4222996 -0.5746837 -0.7037264 -0.4177415 0.8978557 0.3654581 0.2455515 0.5858509 -0.4103576 -0.6988458 0.6871758 -0.452268 -0.5685448 0.585197 -0.4872964 -0.648141 0.9856141 0.031865 0.1659805 -0.14405 0.8942819 0.4236856 -0.9434652 -0.235365 -0.2334024 0.5265294 -0.5034545 -0.6850551 -0.9833015 0.1811931 -0.01695096 0.0691232 -0.4805054 -0.8742635 0.4769476 -0.5146455 -0.7125034 0.5932946 0.2520763 0.7644992 0.9213379 -0.07469272 -0.38152 0.9445644 0.1102698 0.3092551 0.7834702 0.2981408 0.5452401 -0.2219944 0.5454656 0.8081992 0.840054 0.2750284 0.4676203 0.7182552 0.5956462 0.3596041 0.9469757 0.155874 0.2809633 0.5968912 -0.5420587 -0.5915179 0.1775373 -0.6120243 -0.7706535 -0.8731351 0.1166429 -0.4733176 0.5245202 -0.5386052 -0.6593808 0.09410804 -0.7410703 -0.6647996 0.1928761 -0.3923674 -0.8993591 0.4738079 -0.5265323 -0.7058824 0.8675294 -0.4891896 -0.08992409 0.9444423 -0.2797173 -0.1725892 0.5174769 0.08921766 0.8510334 0.6006558 0.03197836 0.798868 -0.5415424 0.5406768 0.6437395 0.7190724 -0.1100571 0.6861651 0.5815867 0.08194667 0.8093465 0.8955346 -0.2459676 0.3708341 0.7479702 -0.5243332 -0.4069588 0.8631924 -0.4855489 -0.1383512 0.5611009 -0.5603883 -0.6092052 -0.6119331 0.4871166 -0.6231014 -0.6566363 0.4615353 -0.5965015 0.507601 -0.5530375 -0.6606746 0.282415 -0.4349299 -0.855031 0.2698549 -0.3627377 -0.891964 0.464743 -0.5487648 -0.6948893 0.7448221 -0.6669927 0.01899939 0.7207051 -0.64475 -0.2547187 0.2990019 -0.1560928 0.9413995 0.6775099 -0.5275558 0.5125089 -0.5345298 0.5492354 0.6423539 0.6997838 -0.598344 0.3902397 0.3976998 -0.2037482 0.894607 0.7194886 -0.6537884 0.2343009 0.6992873 -0.6122713 -0.3689461 0.09611064 0.3431308 0.9343575 0.521323 -0.5967075 -0.6100513 -0.2397503 0.4052223 -0.8822216 -0.3207638 0.7442487 -0.5858366 0.4872556 -0.5469002 -0.6807953 0.5599234 -0.7080158 -0.4303482 0.3104846 -0.3213971 -0.8945967 0.4583318 -0.5424302 -0.7040607 0.5871458 -0.8093642 -0.01377284 0.5732477 -0.743589 -0.3441837 0.1682854 -0.4171082 0.8931409 0.4238381 -0.7641306 0.4862774 -0.4867292 0.5331994 0.6919487 0.4628465 -0.766254 0.4456772 -0.1137202 -0.2397792 0.9641441 0.4999024 -0.8094307 0.3080902 0.5998979 -0.7920027 0.1133763 0.4555554 0.482131 0.7483443 0.4452825 -0.6028376 -0.6620503 0.2998098 -0.9459988 0.1232902 0.05433905 0.8960843 -0.4405453 0.4396139 -0.5537497 -0.7071782 0.3754492 -0.9175944 -0.1306077 0.3617516 -0.2457514 -0.8993009 0.4333986 -0.5399703 -0.7215246 0.3433511 -0.9384631 -0.03737819 0.3553621 -0.9336949 -0.0439499 -0.1352732 -0.5235919 0.8411615 -0.01618707 -0.6742617 0.7383151 -0.4495186 0.5961887 0.6652007 0.1158367 -0.8642854 0.4894821 -0.6008688 -0.6878592 0.4071933 0.1749423 -0.9428429 0.2836241 0.4630814 -0.7607561 -0.4547591 0.2207676 -0.9497172 0.2220339 0.3870037 -0.5831455 -0.7142615 0.02200102 -0.9858857 -0.1659677 0.4257013 0.8887494 -0.1700085 0.4019598 -0.5468328 -0.7344401 0.1269325 -0.9385178 -0.3210494 0.4705343 -0.1467881 -0.8700867 0.409774 -0.535205 -0.7386751 0.06364423 -0.9668556 -0.2472642 -0.1992887 -0.9796904 -0.02215665 -0.04938071 -0.9777162 -0.2040412 -0.4344136 -0.4899514 0.7557994 -0.4235925 0.09306377 0.9010598 -0.3806901 -0.7082077 0.5945729 0.4996657 0.6621487 -0.5584741 -0.2789801 -0.9107791 0.3043876 0.3645894 -0.639334 -0.6769983 -0.1009378 -0.9948807 0.004882156 0.458566 -0.5380734 -0.7072442 0.3775858 -0.5513633 -0.7439271 -0.2769671 -0.8630936 -0.4223254 0.7114927 0.6846286 0.1583095 0.3850407 -0.5326296 -0.7536904 -0.108689 -0.8346052 -0.5400193 0.6354946 -0.1130606 -0.7637827 0.3938653 -0.5277449 -0.7525661 -0.1640208 -0.8542633 -0.4932864 -0.5880458 -0.7807164 -0.211386 -0.02105098 -0.8246023 -0.565321 -0.7146875 -0.2202886 0.6638485 0.7975195 0.01987063 -0.6029661 -0.7638373 -0.4470777 0.4654828 0.9286738 0.2835906 -0.2390427 -0.6970754 -0.7071425 0.1184712 -0.4832383 -0.8468726 -0.2220082 0.8776862 -0.3982973 -0.2665076 0.4085256 -0.5168495 -0.7523122 -0.7409965 -0.4856846 -0.4637181 -0.5073668 -0.5649024 -0.6507413 0.8372629 0.3334047 0.433396 0.380531 -0.5149459 -0.7681322 -0.3132355 -0.5954093 -0.7398455 0.753838 -0.2243226 -0.6175822 0.3863749 -0.5177626 -0.7633063 -0.3419817 -0.593785 -0.7283324 -0.7837063 -0.3340402 -0.523662 -0.1738541 -0.6156215 -0.7686254 -0.8547973 0.09330004 0.5105064 0.790488 -0.2211111 -0.5711731 -0.9721801 -0.1032012 0.2102749 0.9706564 0.06739306 0.2308344 -0.932157 -0.3251952 -0.159159 0.8876351 -0.4487476 0.1035841 0.423286 -0.4970975 -0.7574451 -0.7336838 -0.06209814 -0.6766476 -0.43664 -0.2271983 -0.8704749 0.7850554 -0.05369275 0.6170941 0.3767466 -0.4878395 -0.7874482 -0.240794 -0.3095859 -0.9198777 0.7565076 -0.4254885 -0.4966445 0.3845095 -0.5001353 -0.7758978 -0.3013398 -0.2808246 -0.9112254 -0.6845219 0.02832108 -0.728442 -0.19009 -0.3321378 -0.9238778 -0.8569473 0.3700973 0.358705 0.8844395 -0.3851209 -0.2635312 -0.961375 0.2752116 -0.004090964 0.6227937 0.06296604 0.7798483 -0.9218727 0.1204032 -0.3683124 -0.286211 0.8091765 -0.5131441 0.04491019 0.7798849 -0.6243098 -0.3066555 0.7889182 -0.5325133 0.5967125 0.2692533 0.7559345 -0.35253 -0.9335068 -0.06548035 0.6747865 0.08905088 0.7326208 0.3965288 0.6043736 0.6910119 0.4536442 0.6264356 0.6338655 0.3812449 0.7770283 0.5008786 0.67531 0.635282 0.3746643 0.220897 -0.4365687 0.8721309 0.3856961 -0.6241624 0.6794556 0.2016773 0.9450432 0.2573319 0.5586748 0.822775 0.1045172 -0.2869158 -0.9478921 -0.1384916 -0.1189715 -0.9381453 -0.3251601 0.04418623 0.9981908 0.04077714 0.4352745 0.8965268 -0.08231586 -0.4074084 0.135666 -0.9031131 -0.4636356 0.08804726 -0.8816404 0.2698774 0.9004564 -0.3410931 -0.1117614 0.9727861 -0.2029696 0.09139943 -0.9938295 -0.06284159 0.5684468 0.003708779 0.8227118 -0.2615208 -0.9475941 0.1835005 -0.4300586 0.09091055 -0.8982121 -0.4692623 0.09119939 -0.8783369 0.04650449 0.795377 -0.6043285 -0.2503238 0.8575113 -0.4494581 -0.5388347 -0.2794733 -0.7947023 -0.6530032 -0.2335283 -0.7204522 -0.4728214 0.04607975 -0.8799526 -0.4543313 0.04643553 -0.8896217 -0.001323223 0.7374474 -0.6754034 0.04543721 -0.9957904 -0.07960504 -0.4779105 -0.01912152 -0.8782005 -0.3253367 0.1240804 -0.9374221 0.7361266 0.6150649 -0.2825119 -0.5517744 -0.7268882 0.4088749 -0.3882733 0.07919734 -0.9181349 0.3639432 0.6149125 -0.6995913 -0.7283307 -0.1503905 -0.6685187 -0.4386937 0.04569053 -0.8974745 0.2436807 0.5034957 -0.8289221 -0.4525225 -0.8841316 0.116339 0.2862259 0.5320947 -0.7968376 0.8220514 0.1083141 0.5590167 0.4944827 0.5953378 0.6332928 0.8927526 0.1789663 0.4134778 0.8374356 -0.4891174 -0.2438563 0.8869123 0.4422776 0.1333312 0.4223499 0.8679147 -0.2614282 0.8317565 0.5549892 0.01297444 -0.2402204 0.07584464 -0.967751 0.9689316 -0.1861095 0.1628955 0.9543523 -0.2364353 -0.1825105 -0.768396 -0.3145598 0.5573328 -0.3518927 0.04253542 -0.9350734 0.9730798 -0.1509662 0.1741405 -0.7458932 -0.03250992 -0.6652717 -0.4230866 0.0128448 -0.9059983 0.4881551 0.07452887 -0.8695689 0.3827505 -0.3493372 -0.8552578 0.4765268 0.2199615 -0.8511988 0.9232689 -0.3105058 0.2261872 0.9086295 0.3966872 0.1305064 0.8106328 -0.368634 0.4549545 0.8730739 0.468268 -0.1358934 0.9739072 -0.16209 0.1588448 -0.003040671 0.1772943 -0.9841532 -0.247697 -0.04516804 -0.9677842 0.7359639 -0.619414 0.2732828 0.4537787 -0.2910296 0.842251 -0.8294419 0.1331467 0.5424923 -0.352277 -0.03808963 -0.9351204 0.5181893 -0.1602942 0.8401107 -0.7178544 0.02044284 -0.6958932 -0.4190236 -0.04189205 -0.9070085 0.946616 -0.2872312 -0.1463434 -0.3956618 -0.1803032 -0.9005236 0.7531891 -0.2597071 -0.6043662 0.6690782 -0.4096294 -0.6201115 0.9743835 -0.1705099 0.1466404 0.8791811 -0.4708362 -0.0731703 0.926341 -0.1600202 -0.3410073 0.8092887 -0.5846258 -0.0571351 0.02161502 -0.08657664 -0.9960108 -0.05410945 -0.3882769 -0.9199529 -0.2971463 -0.1959617 -0.934507 0.9060894 -0.3899866 -0.1640502 0.7877856 -0.09702765 0.6082594 -0.7280148 0.5397707 0.4226608 -0.3767148 -0.1215044 -0.918326 0.6426372 -0.2630138 0.7196119 -0.6824536 0.07089722 -0.7274824 -0.4281713 -0.0691359 -0.9010491 0.7775509 -0.6244218 -0.07424187 -0.3159254 -0.2365893 -0.9188126 0.7643463 -0.631718 -0.1292561 0.6621801 -0.4956229 -0.5620281 0.6801713 -0.2954901 0.6708597 0.9330046 -0.3544691 -0.06208086 0.799043 -0.592063 -0.1048412 0.8991298 -0.3888784 -0.2008466 -0.1497277 -0.531751 -0.8335602 -0.3435598 -0.2840964 -0.895129 0.5791244 -0.7239676 -0.3748146 -0.49308 0.8385202 0.231854 -0.4148165 -0.1749953 -0.8929188 0.4370945 -0.6875839 -0.5798076 -0.6479403 0.1007671 -0.7549963 -0.4462655 -0.09220039 -0.8901383 0.2180629 -0.7296708 -0.6480966 0.4331891 -0.6441365 -0.6304248 0.5963193 -0.7887588 0.1492077 0.7889221 -0.3537252 0.5024745 0.4496496 -0.004288852 0.8931949 0.807999 -0.5051149 0.3033092 0.5908473 -0.7719294 0.2345733 0.7594788 -0.6504881 -0.007569551 0.6649706 -0.7155244 -0.2141004 -0.4133676 -0.238636 -0.8787378 0.1609751 -0.9618538 -0.2211883 -0.1387284 0.9901933 -0.01648426 -0.4517096 -0.1818118 -0.8734433 -0.02385056 -0.8697969 -0.4928333 -0.5958526 0.1489083 -0.789168 -0.4759747 -0.1176737 -0.8715509 -0.0792222 -0.8265814 -0.5572137 -0.2379624 0.9712451 0.007556796 0.3253774 -0.8978871 0.2965273 0.6549906 -0.2762822 0.7033176 0.4060582 0.1326436 0.9041696 0.5328721 -0.7708909 0.3489624 -0.07978332 -0.8928636 0.4432036 0.3921131 -0.9112591 0.125914 -0.3465237 -0.3741605 -0.8601891 0.2788388 -0.9594902 -0.04034221 -0.456658 -0.203665 -0.8660162 -0.2168385 -0.9566655 -0.1943508 0.212527 0.9529725 -0.216046 -0.4654271 -0.1462271 -0.8729235 -0.3192586 -0.845911 -0.4272103 -0.5208074 0.2129603 -0.8266847 -0.4861451 -0.1047273 -0.86758 -0.3365604 -0.8130521 -0.4750511 0.09168249 0.9956184 -0.01839601 -0.2444818 -0.9542771 -0.1719998 0.536457 -0.4057489 0.7399877 0.4310607 -0.3418674 0.835053 0.2715763 -0.8111342 0.5179843 -0.2723016 0.9345522 -0.2290504 0.07880055 -0.9560713 0.2823443 -0.4222932 -0.4342591 -0.795668 -0.08148777 -0.9953958 0.05046635 -0.4988738 -0.1282002 -0.8571405 -0.5723056 -0.8198456 -0.01788246 0.5646039 0.7413675 -0.3627627 -0.4976555 -0.1004132 -0.861543 -0.6259334 -0.738606 -0.2503369 -0.3615372 0.2437509 -0.8999314 -0.4974853 -0.07902294 -0.8638657 -0.6337503 -0.7044469 -0.3195548 0.5155495 0.8452799 -0.1403952 -0.6549263 -0.6315679 -0.4149622 0.3577531 -0.4041169 0.8418445 0.523171 -0.4132411 -0.7453348 0.04878377 -0.6649119 0.7453271 0.138073 0.8627473 -0.4864186 -0.2525697 -0.8249988 0.5055548 -0.4816792 -0.1186921 -0.8682727 -0.4576576 -0.8607549 0.2228244 -0.5228929 -0.06368905 -0.8500158 -0.900814 -0.4231331 0.09742987 0.8327443 0.3539324 -0.4257568 -0.517109 -0.05459475 -0.8541767 -0.9123053 -0.3729486 -0.1691402 -0.1731823 0.1543908 -0.9727134 -0.5085403 -0.04845446 -0.8596737 -0.9042689 -0.3488103 -0.2462298 0.8559102 0.4348165 -0.2799147 -0.8663216 -0.295378 -0.4027891 0.2137858 -0.2161077 0.9526768 -0.5361881 -0.118811 -0.8356952 -0.1299261 -0.3355904 0.9330051 -0.1820659 0.1526289 -0.9713684 -0.54321 -0.4306581 0.7207334 -0.508291 -0.06295841 -0.858881 -0.8015989 -0.4523698 0.3908976 -0.4707096 -0.07866126 -0.8787747 -0.5189769 -0.03010708 -0.854258 -0.8802499 0.1590238 0.4470703 -0.9791249 0.1459668 0.141451 0.8953228 -0.1473878 -0.420326 -0.5197858 -0.02007377 -0.8540608 -0.9825074 0.1230704 -0.1397605 -0.1070224 -0.06621414 -0.9920493 -0.5118945 -0.01888531 -0.8588408 -0.967635 0.1068876 -0.2285995 0.9187619 -0.2225813 -0.3260895 -0.9188157 0.07794797 -0.3869131 0.1831069 0.04856634 0.9818927 -0.60479 0.007089734 -0.7963535 -0.1819075 0.1065606 0.9775247 -0.1073094 -0.2621839 -0.9590331 -0.6127814 0.1495477 0.7759733 -0.06979548 -0.60512 -0.793069 -0.4967656 -0.001987218 -0.8678825 -0.6506921 0.670923 0.3556152 -0.7676933 0.6345388 0.08948564 0.7211978 -0.5866574 -0.3683841 -0.5113919 0.01590865 -0.8592004 -0.8079061 0.5648562 -0.1680038 -0.2295339 -0.2445452 -0.9420785 -0.5052014 0.007874131 -0.8629656 -0.8080127 0.5263432 -0.2647235 0.6702873 -0.7040339 -0.2346304 -0.7972505 0.4571501 -0.3942152 0.2750933 0.2750515 0.9212331 -0.2984297 0.05329984 -0.9529423 -0.08225578 0.4966709 0.8640325 0.4015454 -0.778326 -0.4826697 -0.4250825 0.6367653 0.6433 0.0878551 -0.9192755 -0.3836849 -0.4803866 0.04479664 -0.8759122 -0.3156697 0.929518 0.1906542 -0.4558209 0.8857613 -0.08748936 0.4217292 -0.8722872 -0.2475073 -0.4919734 0.05964583 -0.8685647 -0.5326446 0.7760185 -0.3377647 -0.406399 -0.2997615 -0.863124 -0.4903085 0.0326209 -0.8709384 -0.5431251 0.7358783 -0.4043492 0.3430935 -0.935223 -0.08743494 -0.5512475 0.6989534 -0.4556209 0.4191176 0.3663302 0.8307483 0.47215 0.7215763 0.5063617 0.1129181 0.7272552 0.677015 0.5876423 -0.6221779 0.517273 -0.1280385 0.8857197 0.4462139</float_array>
          <technique_common>
            <accessor source="#fruits-mesh-normals-array" count="2880" stride="3">
              <param name="X" type="float"/>
              <param name="Y" type="float"/>
              <param name="Z" type="float"/>
            </accessor>
          </technique_common>
        </source>
        <source id="fruits-mesh-map-0">
          <float_array id="fruits-mesh-map-0-array" count="34272">0.7142857 0.3888889 0.6428571 0.4444445 0.6428571 0.3888889 0.7142857 0.8333333 0.6428571 0.7777778 0.7142857 0.7777778 0.7142857 0.3333333 0.6428571 0.3888889 0.6428571 0.3333333 0.7142857 0.7777778 0.6428571 0.7222222 0.7142857 0.7222222 0.7142857 0.2777778 0.6428571 0.3333333 0.6428571 0.2777778 0.7142857 0.7222222 0.6428571 0.6666666 0.7142857 0.6666666 0.7142857 0.2222222 0.6428571 0.2777778 0.6428571 0.2222222 0.7142857 0.6111112 0.6428571 0.6666666 0.6428571 0.6111112 0.7142857 0.1666666 0.6428571 0.2222222 0.6428571 0.1666666 0.7142856 0.5555556 0.6428571 0.6111112 0.6428571 0.5555556 0.7142857 0.9444445 0.6785715 1 0.6428571 0.9444445 0.7142857 0.1111111 0.6428571 0.1666666 0.6428571 0.1111111 0.7142857 0.5 0.6428571 0.5555556 0.6428571 0.5 0.7142857 0.9444445 0.6428571 0.8888889 0.7142857 0.888889 0.7142857 0.05555564 0.6428571 0.1111111 0.6428571 0.05555564 0.7142857 0.4444445 0.6428571 0.5 0.6428571 0.4444445 0.7142857 0.888889 0.6428571 0.8333333 0.7142857 0.8333333 0.6785714 0 0.7142857 0.05555564 0.6428571 0.05555564 0.6428571 0.1666666 0.5714285 0.2222222 0.5714285 0.1666666 0.6428571 0.5555556 0.5714285 0.6111112 0.5714285 0.5555556 0.6428571 0.9444445 0.6071428 1 0.5714285 0.9444445 0.6428571 0.1111111 0.5714285 0.1666666 0.5714285 0.1111111 0.6428571 0.5 0.5714285 0.5555556 0.5714286 0.5 0.6428571 0.9444445 0.5714285 0.8888889 0.6428571 0.8888889 0.6428571 0.05555564 0.5714285 0.1111111 0.5714285 0.05555564 0.6428571 0.4444445 0.5714286 0.5 0.5714285 0.4444445 0.6428571 0.8888889 0.5714285 0.8333333 0.6428571 0.8333333 0.6071428 0 0.6428571 0.05555564 0.5714285 0.05555564 0.6428571 0.3888889 0.5714285 0.4444445 0.5714285 0.3888889 0.6428571 0.8333333 0.5714285 0.7777778 0.6428571 0.7777778 0.6428571 0.3333333 0.5714285 0.3888889 0.5714285 0.3333333 0.6428571 0.7777778 0.5714285 0.7222222 0.6428571 0.7222222 0.6428571 0.2777778 0.5714285 0.3333333 0.5714285 0.2777778 0.6428571 0.7222222 0.5714286 0.6666666 0.6428571 0.6666666 0.6428571 0.2222222 0.5714285 0.2777778 0.5714285 0.2222222 0.6428571 0.6111112 0.5714286 0.6666666 0.5714285 0.6111112 0.5714285 0.1666666 0.5 0.2222223 0.5 0.1666666 0.5714285 0.5555556 0.5 0.6111112 0.5 0.5555556 0.5714285 0.9444445 0.5357142 1 0.4999999 0.9444445 0.5714285 0.1111111 0.5 0.1666666 0.5 0.1111111 0.5714286 0.5 0.5 0.5555556 0.5 0.5 0.5714285 0.9444445 0.5 0.8888889 0.5714285 0.8888889 0.5714285 0.05555564 0.5 0.1111111 0.5 0.05555564 0.5714285 0.4444445 0.5 0.5 0.5 0.4444445 0.5714285 0.8888889 0.5 0.8333333 0.5714285 0.8333333 0.5357142 0 0.5714285 0.05555564 0.5 0.05555564 0.5714285 0.3888889 0.5 0.4444445 0.5 0.3888889 0.5714285 0.8333333 0.5 0.7777778 0.5714285 0.7777778 0.5714285 0.3333333 0.5 0.3888889 0.5 0.3333333 0.5714285 0.7777778 0.5 0.7222222 0.5714285 0.7222222 0.5714285 0.2777778 0.5 0.3333333 0.5 0.2777778 0.5714285 0.7222222 0.5 0.6666666 0.5714286 0.6666666 0.5714285 0.2222222 0.5 0.2777778 0.5 0.2222223 0.5714285 0.6111112 0.5 0.6666666 0.5 0.6111112 0.5 0.2222223 0.4285714 0.1666666 0.5 0.1666666 0.5 0.5555556 0.4285714 0.6111111 0.4285714 0.5555556 0.4999999 0.9444445 0.4642856 1 0.4285714 0.9444444 0.5 0.1666666 0.4285714 0.1111111 0.5 0.1111111 0.5 0.5 0.4285714 0.5555556 0.4285714 0.5 0.4999999 0.9444445 0.4285714 0.8888889 0.5 0.8888889 0.5 0.1111111 0.4285714 0.05555564 0.5 0.05555564 0.5 0.4444445 0.4285714 0.5 0.4285714 0.4444445 0.5 0.8888889 0.4285714 0.8333333 0.5 0.8333333 0.4642856 0 0.5 0.05555564 0.4285714 0.05555564 0.5 0.3888889 0.4285714 0.4444445 0.4285714 0.388889 0.5 0.8333333 0.4285714 0.7777777 0.5 0.7777778 0.5 0.3333333 0.4285714 0.388889 0.4285714 0.3333333 0.5 0.7777778 0.4285714 0.7222222 0.5 0.7222222 0.5 0.3333333 0.4285714 0.2777778 0.5 0.2777778 0.5 0.6666666 0.4285714 0.7222222 0.4285714 0.6666666 0.5 0.2777778 0.4285714 0.2222223 0.5 0.2222223 0.5 0.6111112 0.4285714 0.6666666 0.4285714 0.6111111 0.4285714 0.2222223 0.3571428 0.1666666 0.4285714 0.1666666 0.4285714 0.6111111 0.3571428 0.5555556 0.4285714 0.5555556 0.4285714 0.9444444 0.392857 1 0.3571428 0.9444444 0.4285714 0.1666666 0.3571428 0.1111111 0.4285714 0.1111111 0.4285714 0.5555556 0.3571428 0.5 0.4285714 0.5 0.4285714 0.8888889 0.3571428 0.9444444 0.3571428 0.8888889 0.4285714 0.1111111 0.3571428 0.05555564 0.4285714 0.05555564 0.4285714 0.5 0.3571428 0.4444445 0.4285714 0.4444445 0.4285714 0.8333333 0.3571428 0.8888889 0.3571428 0.8333333 0.392857 0 0.4285714 0.05555564 0.3571428 0.05555564 0.4285714 0.4444445 0.3571429 0.388889 0.4285714 0.388889 0.4285714 0.7777777 0.3571428 0.8333333 0.3571429 0.7777777 0.4285714 0.388889 0.3571429 0.3333333 0.4285714 0.3333333 0.4285714 0.7222222 0.3571429 0.7777777 0.3571428 0.7222222 0.4285714 0.3333333 0.3571428 0.2777779 0.4285714 0.2777778 0.4285714 0.6666666 0.3571428 0.7222222 0.3571429 0.6666666 0.4285714 0.2777778 0.3571429 0.2222223 0.4285714 0.2222223 0.4285714 0.6666666 0.3571429 0.6111111 0.4285714 0.6111111 0.3571429 0.2222223 0.2857143 0.1666668 0.3571428 0.1666666 0.3571429 0.6111111 0.2857143 0.5555556 0.3571428 0.5555556 0.3571428 0.9444444 0.3214284 1 0.2857143 0.9444444 0.3571428 0.1666666 0.2857142 0.1111111 0.3571428 0.1111111 0.3571428 0.5555556 0.2857143 0.5 0.3571428 0.5 0.3571428 0.8888889 0.2857143 0.9444444 0.2857143 0.8888889 0.3571428 0.1111111 0.2857143 0.05555564 0.3571428 0.05555564 0.3571428 0.5 0.2857143 0.4444445 0.3571428 0.4444445 0.3571428 0.8333333 0.2857143 0.8888889 0.2857143 0.8333333 0.3214285 0 0.3571428 0.05555564 0.2857143 0.05555564 0.3571428 0.4444445 0.2857143 0.388889 0.3571429 0.388889 0.3571429 0.7777777 0.2857143 0.8333333 0.2857143 0.7777777 0.3571429 0.388889 0.2857143 0.3333333 0.3571429 0.3333333 0.3571428 0.7222222 0.2857143 0.7777777 0.2857143 0.7222222 0.3571429 0.3333333 0.2857143 0.2777779 0.3571428 0.2777779 0.3571429 0.6666666 0.2857143 0.7222222 0.2857143 0.6666666 0.3571428 0.2777779 0.2857143 0.2222223 0.3571429 0.2222223 0.3571429 0.6666666 0.2857143 0.6111111 0.3571429 0.6111111 0.2857143 0.2222223 0.2142857 0.1666668 0.2857143 0.1666668 0.2857143 0.6111111 0.2142857 0.5555556 0.2857143 0.5555556 0.2857143 0.9444444 0.2499999 1 0.2142857 0.9444444 0.2857143 0.1666668 0.2142857 0.1111111 0.2857142 0.1111111 0.2857143 0.5555556 0.2142857 0.5 0.2857143 0.5 0.2857143 0.8888889 0.2142857 0.9444444 0.2142857 0.8888889 0.2857142 0.1111111 0.2142857 0.05555564 0.2857143 0.05555564 0.2857143 0.5 0.2142857 0.4444445 0.2857143 0.4444445 0.2857143 0.8333333 0.2142857 0.8888889 0.2142857 0.8333333 0.25 0 0.2857143 0.05555564 0.2142857 0.05555564 0.2857143 0.4444445 0.2142857 0.388889 0.2857143 0.388889 0.2857143 0.7777777 0.2142857 0.8333333 0.2142857 0.7777777 0.2857143 0.388889 0.2142857 0.3333333 0.2857143 0.3333333 0.2857143 0.7222222 0.2142857 0.7777777 0.2142857 0.7222222 0.2857143 0.3333333 0.2142857 0.2777779 0.2857143 0.2777779 0.2857143 0.6666666 0.2142857 0.7222222 0.2142857 0.6666666 0.2857143 0.2777779 0.2142857 0.2222223 0.2857143 0.2222223 0.2857143 0.6666666 0.2142857 0.6111111 0.2857143 0.6111111 0.2142857 0.2222223 0.1428571 0.1666666 0.2142857 0.1666668 0.2142857 0.6111111 0.1428571 0.5555556 0.2142857 0.5555556 0.2142857 0.9444444 0.1785714 1 0.1428571 0.9444444 0.2142857 0.1666668 0.1428571 0.1111111 0.2142857 0.1111111 0.2142857 0.5 0.1428571 0.5555556 0.1428571 0.5 0.2142857 0.9444444 0.1428571 0.8888889 0.2142857 0.8888889 0.2142857 0.1111111 0.1428571 0.05555564 0.2142857 0.05555564 0.2142857 0.4444445 0.1428571 0.5 0.1428571 0.4444445 0.2142857 0.8888889 0.1428571 0.8333333 0.2142857 0.8333333 0.1785714 0 0.2142857 0.05555564 0.1428571 0.05555564 0.2142857 0.388889 0.1428571 0.4444445 0.1428571 0.388889 0.2142857 0.8333333 0.1428571 0.7777777 0.2142857 0.7777777 0.2142857 0.3333333 0.1428571 0.388889 0.1428571 0.3333333 0.2142857 0.7777777 0.1428571 0.7222222 0.2142857 0.7222222 0.2142857 0.2777779 0.1428571 0.3333333 0.1428571 0.2777779 0.2142857 0.7222222 0.1428571 0.6666666 0.2142857 0.6666666 0.2142857 0.2222223 0.1428571 0.2777779 0.1428571 0.2222223 0.2142857 0.6666666 0.1428571 0.6111111 0.2142857 0.6111111 0.1428571 0.1666666 0.07142859 0.2222223 0.07142859 0.1666666 0.1428571 0.5555556 0.07142859 0.6111112 0.07142853 0.5555556 0.1428571 0.9444444 0.1071429 1 0.07142859 0.9444444 0.1428571 0.1111111 0.07142859 0.1666666 0.07142859 0.1111111 0.1428571 0.5 0.07142853 0.5555556 0.07142859 0.5 0.1428571 0.9444444 0.07142859 0.8888889 0.1428571 0.8888889 0.1428571 0.1111111 0.07142859 0.05555564 0.1428571 0.05555564 0.1428571 0.4444445 0.07142859 0.5 0.07142853 0.4444445 0.1428571 0.8888889 0.07142859 0.8333333 0.1428571 0.8333333 0.1071429 0 0.1428571 0.05555564 0.07142859 0.05555564 0.1428571 0.388889 0.07142853 0.4444445 0.07142859 0.3888889 0.1428571 0.8333333 0.07142859 0.7777777 0.1428571 0.7777777 0.1428571 0.3333333 0.07142859 0.3888889 0.07142859 0.3333333 0.1428571 0.7777777 0.07142859 0.7222222 0.1428571 0.7222222 0.1428571 0.2777779 0.07142859 0.3333333 0.07142859 0.2777778 0.1428571 0.7222222 0.07142859 0.6666666 0.1428571 0.6666666 0.1428571 0.2222223 0.07142859 0.2777778 0.07142859 0.2222223 0.1428571 0.6666666 0.07142859 0.6111112 0.1428571 0.6111111 0.07142859 0.1666666 0 0.2222222 0 0.1666666 0.07142853 0.5555556 0 0.6111112 0 0.5555556 0.07142859 0.9444444 0.03571438 1 0 0.9444444 0.07142859 0.1111111 0 0.1666666 0 0.1111111 0.07142859 0.5 0 0.5555556 0 0.5 0.07142859 0.9444444 0 0.888889 0.07142859 0.8888889 0.07142859 0.05555564 0 0.1111111 0 0.05555564 0.07142853 0.4444445 0 0.5 0 0.4444445 0.07142859 0.8888889 0 0.8333333 0.07142859 0.8333333 0.03571438 0 0.07142859 0.05555564 0 0.05555564 0.07142859 0.3888889 0 0.4444445 0 0.3888889 0.07142859 0.8333333 0 0.7777777 0.07142859 0.7777777 0.07142859 0.3333333 0 0.3888889 0 0.3333333 0.07142859 0.7777777 0 0.7222222 0.07142859 0.7222222 0.07142859 0.2777778 0 0.3333333 0 0.2777778 0.07142859 0.7222222 0 0.6666666 0.07142859 0.6666666 0.07142859 0.2222223 0 0.2777778 0 0.2222222 0.07142859 0.6666666 0 0.6111112 0.07142859 0.6111112 1 0.1666666 0.9285715 0.2222222 0.9285715 0.1666666 1 0.5555556 0.9285714 0.6111112 0.9285714 0.5555556 1 0.9444444 0.9642859 1 0.9285715 0.9444444 1 0.1111111 0.9285715 0.1666666 0.9285714 0.1111111 1 0.5 0.9285714 0.5555556 0.9285714 0.5 1 0.888889 0.9285715 0.9444444 0.9285715 0.888889 1 0.05555564 0.9285714 0.1111111 0.9285715 0.05555564 1 0.5 0.9285714 0.4444445 1 0.4444445 1 0.8333333 0.9285715 0.888889 0.9285714 0.8333334 0.9642859 0 1 0.05555564 0.9285715 0.05555564 1 0.4444445 0.9285714 0.3888889 1 0.3888889 1 0.8333333 0.9285715 0.7777778 1 0.7777777 1 0.3333333 0.9285714 0.3888889 0.9285715 0.3333333 1 0.7777777 0.9285714 0.7222222 1 0.7222222 1 0.2777778 0.9285715 0.3333333 0.9285714 0.2777778 1 0.7222222 0.9285715 0.6666666 1 0.6666666 1 0.2222222 0.9285714 0.2777778 0.9285715 0.2222222 1 0.6111112 0.9285715 0.6666666 0.9285714 0.6111112 0.9285715 0.1666666 0.8571429 0.2222222 0.8571428 0.1666666 0.9285714 0.6111112 0.8571428 0.5555556 0.9285714 0.5555556 0.9285715 0.9444444 0.8928573 1 0.8571429 0.9444445 0.9285714 0.1111111 0.8571428 0.1666666 0.8571428 0.1111111 0.9285714 0.5555556 0.8571428 0.5 0.9285714 0.5 0.9285715 0.888889 0.8571429 0.9444445 0.8571429 0.888889 0.9285714 0.1111111 0.8571429 0.05555564 0.9285715 0.05555564 0.9285714 0.5 0.8571428 0.4444444 0.9285714 0.4444445 0.9285714 0.8333334 0.8571429 0.888889 0.8571428 0.8333334 0.8928572 0 0.9285715 0.05555564 0.8571429 0.05555564 0.9285714 0.4444445 0.8571428 0.3888889 0.9285714 0.3888889 0.9285715 0.7777778 0.8571428 0.8333334 0.8571429 0.7777778 0.9285714 0.3888889 0.8571428 0.3333333 0.9285715 0.3333333 0.9285714 0.7222222 0.8571429 0.7777778 0.8571428 0.7222222 0.9285714 0.2777778 0.8571428 0.3333333 0.8571428 0.2777778 0.9285715 0.6666666 0.8571428 0.7222222 0.8571428 0.6666666 0.9285715 0.2222222 0.8571428 0.2777778 0.8571429 0.2222222 0.9285714 0.6111112 0.8571428 0.6666666 0.8571428 0.6111112 0.8571428 0.1666666 0.7857143 0.2222222 0.7857143 0.1666666 0.8571428 0.6111112 0.7857142 0.5555556 0.8571428 0.5555556 0.8571429 0.9444445 0.8214287 1 0.7857143 0.9444445 0.8571428 0.1111111 0.7857143 0.1666666 0.7857143 0.1111111 0.8571428 0.5555556 0.7857143 0.5 0.8571428 0.5 0.8571429 0.888889 0.7857143 0.9444445 0.7857143 0.888889 0.8571429 0.05555564 0.7857143 0.1111111 0.7857143 0.05555564 0.8571428 0.5 0.7857142 0.4444444 0.8571428 0.4444444 0.8571428 0.8333334 0.7857143 0.888889 0.7857143 0.8333334 0.8214286 0 0.8571429 0.05555564 0.7857143 0.05555564 0.8571428 0.4444444 0.7857143 0.3888889 0.8571428 0.3888889 0.8571429 0.7777778 0.7857143 0.8333334 0.7857143 0.7777778 0.8571428 0.3888889 0.7857143 0.3333333 0.8571428 0.3333333 0.8571428 0.7222222 0.7857143 0.7777778 0.7857143 0.7222222 0.8571428 0.3333333 0.7857143 0.2777778 0.8571428 0.2777778 0.8571428 0.6666666 0.7857143 0.7222222 0.7857143 0.6666666 0.8571429 0.2222222 0.7857143 0.2777778 0.7857143 0.2222222 0.8571428 0.6111112 0.7857143 0.6666666 0.7857143 0.6111112 0.7857143 0.1666666 0.7142857 0.2222222 0.7142857 0.1666666 0.7857142 0.5555556 0.7142857 0.6111112 0.7142856 0.5555556 0.7857143 0.9444445 0.7500001 1 0.7142857 0.9444445 0.7857143 0.1111111 0.7142857 0.1666666 0.7142857 0.1111111 0.7857142 0.5555556 0.7142857 0.5 0.7857143 0.5 0.7857143 0.888889 0.7142857 0.9444445 0.7142857 0.888889 0.7857143 0.05555564 0.7142857 0.1111111 0.7142857 0.05555564 0.7857143 0.5 0.7142857 0.4444445 0.7857142 0.4444444 0.7857143 0.8333334 0.7142857 0.888889 0.7142857 0.8333333 0.75 0 0.7857143 0.05555564 0.7142857 0.05555564 0.7857142 0.4444444 0.7142857 0.3888889 0.7857143 0.3888889 0.7857143 0.7777778 0.7142857 0.8333333 0.7142857 0.7777778 0.7857143 0.3888889 0.7142857 0.3333333 0.7857143 0.3333333 0.7857143 0.7222222 0.7142857 0.7777778 0.7142857 0.7222222 0.7857143 0.2777778 0.7142857 0.3333333 0.7142857 0.2777778 0.7857143 0.6666666 0.7142857 0.7222222 0.7142857 0.6666666 0.7857143 0.2777778 0.7142857 0.2222222 0.7857143 0.2222222 0.7857143 0.6111112 0.7142857 0.6666666 0.7142857 0.6111112 0.7142857 0.4444445 0.6428571 0.3888889 0.7142857 0.3888889 0.7142857 0.7777778 0.6428571 0.8333333 0.6428571 0.7777778 0.7142857 0.3888889 0.6428571 0.3333333 0.7142857 0.3333333 0.7142857 0.7222222 0.6428571 0.7777778 0.6428571 0.7222222 0.7142857 0.3333333 0.6428571 0.2777778 0.7142857 0.2777778 0.7142857 0.6666666 0.6428571 0.7222222 0.6428571 0.6666666 0.7142857 0.2777778 0.6428571 0.2222222 0.7142857 0.2222222 0.7142857 0.6111112 0.6428571 0.6666666 0.6428571 0.6111112 0.7142857 0.2222222 0.6428571 0.1666666 0.7142857 0.1666666 0.7142857 0.6111112 0.6428571 0.5555556 0.7142856 0.5555556 0.7142857 0.9444445 0.6785715 1 0.6428571 0.9444445 0.7142857 0.1666666 0.6428571 0.1111111 0.7142857 0.1111111 0.7142856 0.5555556 0.6428571 0.5 0.7142857 0.5 0.7142857 0.888889 0.6428571 0.9444445 0.6428571 0.8888889 0.7142857 0.1111111 0.6428571 0.05555564 0.7142857 0.05555564 0.7142857 0.5 0.6428571 0.4444445 0.7142857 0.4444445 0.7142857 0.8333333 0.6428571 0.8888889 0.6428571 0.8333333 0.6785714 0 0.7142857 0.05555564 0.6428571 0.05555564 0.6428571 0.2222222 0.5714285 0.1666666 0.6428571 0.1666666 0.6428571 0.6111112 0.5714285 0.5555556 0.6428571 0.5555556 0.6428571 0.9444445 0.6071428 1 0.5714285 0.9444445 0.6428571 0.1666666 0.5714285 0.1111111 0.6428571 0.1111111 0.6428571 0.5555556 0.5714286 0.5 0.6428571 0.5 0.6428571 0.8888889 0.5714285 0.9444445 0.5714285 0.8888889 0.6428571 0.1111111 0.5714285 0.05555564 0.6428571 0.05555564 0.6428571 0.5 0.5714285 0.4444445 0.6428571 0.4444445 0.6428571 0.8333333 0.5714285 0.8888889 0.5714285 0.8333333 0.6071428 0 0.6428571 0.05555564 0.5714285 0.05555564 0.6428571 0.4444445 0.5714285 0.3888889 0.6428571 0.3888889 0.6428571 0.7777778 0.5714285 0.8333333 0.5714285 0.7777778 0.6428571 0.3888889 0.5714285 0.3333333 0.6428571 0.3333333 0.6428571 0.7222222 0.5714285 0.7777778 0.5714285 0.7222222 0.6428571 0.3333333 0.5714285 0.2777778 0.6428571 0.2777778 0.6428571 0.6666666 0.5714285 0.7222222 0.5714286 0.6666666 0.6428571 0.2777778 0.5714285 0.2222222 0.6428571 0.2222222 0.6428571 0.6111112 0.5714286 0.6666666 0.5714285 0.6111112 0.5714285 0.2222222 0.5 0.1666666 0.5714285 0.1666666 0.5714285 0.5555556 0.5 0.6111112 0.5 0.5555556 0.5714285 0.9444445 0.5357142 1 0.4999999 0.9444445 0.5714285 0.1666666 0.5 0.1111111 0.5714285 0.1111111 0.5714286 0.5 0.5 0.5555556 0.5 0.5 0.5714285 0.8888889 0.4999999 0.9444445 0.5 0.8888889 0.5714285 0.1111111 0.5 0.05555564 0.5714285 0.05555564 0.5714286 0.5 0.5 0.4444445 0.5714285 0.4444445 0.5714285 0.8333333 0.5 0.8888889 0.5 0.8333333 0.5357142 0 0.5714285 0.05555564 0.5 0.05555564 0.5714285 0.4444445 0.5 0.3888889 0.5714285 0.3888889 0.5714285 0.7777778 0.5 0.8333333 0.5 0.7777778 0.5714285 0.3888889 0.5 0.3333333 0.5714285 0.3333333 0.5714285 0.7777778 0.5 0.7222222 0.5714285 0.7222222 0.5714285 0.3333333 0.5 0.2777778 0.5714285 0.2777778 0.5714285 0.7222222 0.5 0.6666666 0.5714286 0.6666666 0.5714285 0.2777778 0.5 0.2222223 0.5714285 0.2222222 0.5714286 0.6666666 0.5 0.6111112 0.5714285 0.6111112 0.5 0.2222223 0.4285714 0.1666666 0.5 0.1666666 0.5 0.6111112 0.4285714 0.5555556 0.5 0.5555556 0.4999999 0.9444445 0.4642856 1 0.4285714 0.9444444 0.5 0.1666666 0.4285714 0.1111111 0.5 0.1111111 0.5 0.5555556 0.4285714 0.5 0.5 0.5 0.4999999 0.9444445 0.4285714 0.8888889 0.5 0.8888889 0.5 0.1111111 0.4285714 0.05555564 0.5 0.05555564 0.5 0.4444445 0.4285714 0.5 0.4285714 0.4444445 0.5 0.8888889 0.4285714 0.8333333 0.5 0.8333333 0.4642856 0 0.5 0.05555564 0.4285714 0.05555564 0.5 0.3888889 0.4285714 0.4444445 0.4285714 0.388889 0.5 0.8333333 0.4285714 0.7777777 0.5 0.7777778 0.5 0.3333333 0.4285714 0.388889 0.4285714 0.3333333 0.5 0.7222222 0.4285714 0.7777777 0.4285714 0.7222222 0.5 0.2777778 0.4285714 0.3333333 0.4285714 0.2777778 0.5 0.7222222 0.4285714 0.6666666 0.5 0.6666666 0.5 0.2777778 0.4285714 0.2222223 0.5 0.2222223 0.5 0.6666666 0.4285714 0.6111111 0.5 0.6111112 0.4285714 0.1666666 0.3571429 0.2222223 0.3571428 0.1666666 0.4285714 0.5555556 0.3571429 0.6111111 0.3571428 0.5555556 0.4285714 0.9444444 0.392857 1 0.3571428 0.9444444 0.4285714 0.1111111 0.3571428 0.1666666 0.3571428 0.1111111 0.4285714 0.5555556 0.3571428 0.5 0.4285714 0.5 0.4285714 0.9444444 0.3571428 0.8888889 0.4285714 0.8888889 0.4285714 0.05555564 0.3571428 0.1111111 0.3571428 0.05555564 0.4285714 0.5 0.3571428 0.4444445 0.4285714 0.4444445 0.4285714 0.8888889 0.3571428 0.8333333 0.4285714 0.8333333 0.392857 0 0.4285714 0.05555564 0.3571428 0.05555564 0.4285714 0.388889 0.3571428 0.4444445 0.3571429 0.388889 0.4285714 0.8333333 0.3571429 0.7777777 0.4285714 0.7777777 0.4285714 0.3333333 0.3571429 0.388889 0.3571429 0.3333333 0.4285714 0.7777777 0.3571428 0.7222222 0.4285714 0.7222222 0.4285714 0.2777778 0.3571429 0.3333333 0.3571428 0.2777779 0.4285714 0.7222222 0.3571429 0.6666666 0.4285714 0.6666666 0.4285714 0.2222223 0.3571428 0.2777779 0.3571429 0.2222223 0.4285714 0.6111111 0.3571429 0.6666666 0.3571429 0.6111111 0.3571428 0.1666666 0.2857143 0.2222223 0.2857143 0.1666668 0.3571429 0.6111111 0.2857143 0.5555556 0.3571428 0.5555556 0.3571428 0.9444444 0.3214284 1 0.2857143 0.9444444 0.3571428 0.1111111 0.2857143 0.1666668 0.2857142 0.1111111 0.3571428 0.5555556 0.2857143 0.5 0.3571428 0.5 0.3571428 0.9444444 0.2857143 0.8888889 0.3571428 0.8888889 0.3571428 0.05555564 0.2857142 0.1111111 0.2857143 0.05555564 0.3571428 0.5 0.2857143 0.4444445 0.3571428 0.4444445 0.3571428 0.8888889 0.2857143 0.8333333 0.3571428 0.8333333 0.3214285 0 0.3571428 0.05555564 0.2857143 0.05555564 0.3571429 0.388889 0.2857143 0.4444445 0.2857143 0.388889 0.3571428 0.8333333 0.2857143 0.7777777 0.3571429 0.7777777 0.3571429 0.3333333 0.2857143 0.388889 0.2857143 0.3333333 0.3571429 0.7777777 0.2857143 0.7222222 0.3571428 0.7222222 0.3571428 0.2777779 0.2857143 0.3333333 0.2857143 0.2777779 0.3571428 0.7222222 0.2857143 0.6666666 0.3571429 0.6666666 0.3571429 0.2222223 0.2857143 0.2777779 0.2857143 0.2222223 0.3571429 0.6666666 0.2857143 0.6111111 0.3571429 0.6111111 0.2857143 0.2222223 0.2142857 0.1666668 0.2857143 0.1666668 0.2857143 0.6111111 0.2142857 0.5555556 0.2857143 0.5555556 0.2857143 0.9444444 0.2499999 1 0.2142857 0.9444444 0.2857143 0.1666668 0.2142857 0.1111111 0.2857142 0.1111111 0.2857143 0.5555556 0.2142857 0.5 0.2857143 0.5 0.2857143 0.9444444 0.2142857 0.8888889 0.2857143 0.8888889 0.2857143 0.05555564 0.2142857 0.1111111 0.2142857 0.05555564 0.2857143 0.5 0.2142857 0.4444445 0.2857143 0.4444445 0.2857143 0.8888889 0.2142857 0.8333333 0.2857143 0.8333333 0.25 0 0.2857143 0.05555564 0.2142857 0.05555564 0.2857143 0.388889 0.2142857 0.4444445 0.2142857 0.388889 0.2857143 0.8333333 0.2142857 0.7777777 0.2857143 0.7777777 0.2857143 0.3333333 0.2142857 0.388889 0.2142857 0.3333333 0.2857143 0.7777777 0.2142857 0.7222222 0.2857143 0.7222222 0.2857143 0.2777779 0.2142857 0.3333333 0.2142857 0.2777779 0.2857143 0.7222222 0.2142857 0.6666666 0.2857143 0.6666666 0.2857143 0.2222223 0.2142857 0.2777779 0.2142857 0.2222223 0.2857143 0.6666666 0.2142857 0.6111111 0.2857143 0.6111111 0.2142857 0.2222223 0.1428571 0.1666666 0.2142857 0.1666668 0.2142857 0.6111111 0.1428571 0.5555556 0.2142857 0.5555556 0.2142857 0.9444444 0.1785714 1 0.1428571 0.9444444 0.2142857 0.1666668 0.1428571 0.1111111 0.2142857 0.1111111 0.2142857 0.5555556 0.1428571 0.5 0.2142857 0.5 0.2142857 0.8888889 0.1428571 0.9444444 0.1428571 0.8888889 0.2142857 0.1111111 0.1428571 0.05555564 0.2142857 0.05555564 0.2142857 0.5 0.1428571 0.4444445 0.2142857 0.4444445 0.2142857 0.8333333 0.1428571 0.8888889 0.1428571 0.8333333 0.1785714 0 0.2142857 0.05555564 0.1428571 0.05555564 0.2142857 0.4444445 0.1428571 0.388889 0.2142857 0.388889 0.2142857 0.7777777 0.1428571 0.8333333 0.1428571 0.7777777 0.2142857 0.388889 0.1428571 0.3333333 0.2142857 0.3333333 0.2142857 0.7222222 0.1428571 0.7777777 0.1428571 0.7222222 0.2142857 0.3333333 0.1428571 0.2777779 0.2142857 0.2777779 0.2142857 0.6666666 0.1428571 0.7222222 0.1428571 0.6666666 0.2142857 0.2777779 0.1428571 0.2222223 0.2142857 0.2222223 0.2142857 0.6666666 0.1428571 0.6111111 0.2142857 0.6111111 0.1428571 0.2222223 0.07142859 0.1666666 0.1428571 0.1666666 0.1428571 0.6111111 0.07142853 0.5555556 0.1428571 0.5555556 0.1428571 0.9444444 0.1071429 1 0.07142859 0.9444444 0.1428571 0.1666666 0.07142859 0.1111111 0.1428571 0.1111111 0.1428571 0.5555556 0.07142859 0.5 0.1428571 0.5 0.1428571 0.8888889 0.07142859 0.9444444 0.07142859 0.8888889 0.1428571 0.1111111 0.07142859 0.05555564 0.1428571 0.05555564 0.1428571 0.5 0.07142853 0.4444445 0.1428571 0.4444445 0.1428571 0.8333333 0.07142859 0.8888889 0.07142859 0.8333333 0.1071429 0 0.1428571 0.05555564 0.07142859 0.05555564 0.1428571 0.4444445 0.07142859 0.3888889 0.1428571 0.388889 0.1428571 0.7777777 0.07142859 0.8333333 0.07142859 0.7777777 0.1428571 0.388889 0.07142859 0.3333333 0.1428571 0.3333333 0.1428571 0.7222222 0.07142859 0.7777777 0.07142859 0.7222222 0.1428571 0.3333333 0.07142859 0.2777778 0.1428571 0.2777779 0.1428571 0.6666666 0.07142859 0.7222222 0.07142859 0.6666666 0.1428571 0.2777779 0.07142859 0.2222223 0.1428571 0.2222223 0.1428571 0.6666666 0.07142859 0.6111112 0.1428571 0.6111111 0.07142859 0.2222223 0 0.1666666 0.07142859 0.1666666 0.07142859 0.6111112 0 0.5555556 0.07142853 0.5555556 0.07142859 0.9444444 0.03571438 1 0 0.9444444 0.07142859 0.1666666 0 0.1111111 0.07142859 0.1111111 0.07142853 0.5555556 0 0.5 0.07142859 0.5 0.07142859 0.8888889 0 0.9444444 0 0.888889 0.07142859 0.1111111 0 0.05555564 0.07142859 0.05555564 0.07142859 0.5 0 0.4444445 0.07142853 0.4444445 0.07142859 0.8333333 0 0.888889 0 0.8333333 0.03571438 0 0.07142859 0.05555564 0 0.05555564 0.07142853 0.4444445 0 0.3888889 0.07142859 0.3888889 0.07142859 0.7777777 0 0.8333333 0 0.7777777 0.07142859 0.3888889 0 0.3333333 0.07142859 0.3333333 0.07142859 0.7222222 0 0.7777777 0 0.7222222 0.07142859 0.3333333 0 0.2777778 0.07142859 0.2777778 0.07142859 0.6666666 0 0.7222222 0 0.6666666 0.07142859 0.2777778 0 0.2222222 0.07142859 0.2222223 0.07142859 0.6666666 0 0.6111112 0.07142859 0.6111112 1 0.1666666 0.9285715 0.2222222 0.9285715 0.1666666 1 0.5555556 0.9285714 0.6111112 0.9285714 0.5555556 1 0.9444444 0.9642859 1 0.9285715 0.9444444 1 0.1111111 0.9285715 0.1666666 0.9285714 0.1111111 1 0.5 0.9285714 0.5555556 0.9285714 0.5 1 0.888889 0.9285715 0.9444444 0.9285715 0.888889 1 0.05555564 0.9285714 0.1111111 0.9285715 0.05555564 1 0.4444445 0.9285714 0.5 0.9285714 0.4444445 1 0.8333333 0.9285715 0.888889 0.9285714 0.8333334 0.9642859 0 1 0.05555564 0.9285715 0.05555564 1 0.3888889 0.9285714 0.4444445 0.9285714 0.3888889 1 0.8333333 0.9285715 0.7777778 1 0.7777777 1 0.3333333 0.9285714 0.3888889 0.9285715 0.3333333 1 0.7777777 0.9285714 0.7222222 1 0.7222222 1 0.2777778 0.9285715 0.3333333 0.9285714 0.2777778 1 0.7222222 0.9285715 0.6666666 1 0.6666666 1 0.2222222 0.9285714 0.2777778 0.9285715 0.2222222 1 0.6111112 0.9285715 0.6666666 0.9285714 0.6111112 0.9285715 0.1666666 0.8571429 0.2222222 0.8571428 0.1666666 0.9285714 0.5555556 0.8571428 0.6111112 0.8571428 0.5555556 0.9285715 0.9444444 0.8928573 1 0.8571429 0.9444445 0.9285714 0.1111111 0.8571428 0.1666666 0.8571428 0.1111111 0.9285714 0.5 0.8571428 0.5555556 0.8571428 0.5 0.9285715 0.9444444 0.8571429 0.888889 0.9285715 0.888889 0.9285715 0.05555564 0.8571428 0.1111111 0.8571429 0.05555564 0.9285714 0.4444445 0.8571428 0.5 0.8571428 0.4444444 0.9285715 0.888889 0.8571428 0.8333334 0.9285714 0.8333334 0.8928572 0 0.9285715 0.05555564 0.8571429 0.05555564 0.9285714 0.3888889 0.8571428 0.4444444 0.8571428 0.3888889 0.9285714 0.8333334 0.8571429 0.7777778 0.9285715 0.7777778 0.9285715 0.3333333 0.8571428 0.3888889 0.8571428 0.3333333 0.9285715 0.7777778 0.8571428 0.7222222 0.9285714 0.7222222 0.9285714 0.2777778 0.8571428 0.3333333 0.8571428 0.2777778 0.9285714 0.7222222 0.8571428 0.6666666 0.9285715 0.6666666 0.9285715 0.2222222 0.8571428 0.2777778 0.8571429 0.2222222 0.9285714 0.6111112 0.8571428 0.6666666 0.8571428 0.6111112 0.8571428 0.1666666 0.7857143 0.2222222 0.7857143 0.1666666 0.8571428 0.5555556 0.7857143 0.6111112 0.7857142 0.5555556 0.8571429 0.9444445 0.8214287 1 0.7857143 0.9444445 0.8571428 0.1111111 0.7857143 0.1666666 0.7857143 0.1111111 0.8571428 0.5 0.7857142 0.5555556 0.7857143 0.5 0.8571429 0.9444445 0.7857143 0.888889 0.8571429 0.888889 0.8571429 0.05555564 0.7857143 0.1111111 0.7857143 0.05555564 0.8571428 0.4444444 0.7857143 0.5 0.7857142 0.4444444 0.8571429 0.888889 0.7857143 0.8333334 0.8571428 0.8333334 0.8214286 0 0.8571429 0.05555564 0.7857143 0.05555564 0.8571428 0.3888889 0.7857142 0.4444444 0.7857143 0.3888889 0.8571428 0.8333334 0.7857143 0.7777778 0.8571429 0.7777778 0.8571428 0.3333333 0.7857143 0.3888889 0.7857143 0.3333333 0.8571429 0.7777778 0.7857143 0.7222222 0.8571428 0.7222222 0.8571428 0.2777778 0.7857143 0.3333333 0.7857143 0.2777778 0.8571428 0.7222222 0.7857143 0.6666666 0.8571428 0.6666666 0.8571429 0.2222222 0.7857143 0.2777778 0.7857143 0.2222222 0.8571428 0.6111112 0.7857143 0.6666666 0.7857143 0.6111112 0.7857143 0.1666666 0.7142857 0.2222222 0.7142857 0.1666666 0.7857142 0.5555556 0.7142857 0.6111112 0.7142856 0.5555556 0.7857143 0.9444445 0.7500001 1 0.7142857 0.9444445 0.7857143 0.1111111 0.7142857 0.1666666 0.7142857 0.1111111 0.7857143 0.5 0.7142856 0.5555556 0.7142857 0.5 0.7857143 0.9444445 0.7142857 0.888889 0.7857143 0.888889 0.7857143 0.05555564 0.7142857 0.1111111 0.7142857 0.05555564 0.7857142 0.4444444 0.7142857 0.5 0.7142857 0.4444445 0.7857143 0.888889 0.7142857 0.8333333 0.7857143 0.8333334 0.75 0 0.7857143 0.05555564 0.7142857 0.05555564 0.7857143 0.3888889 0.7142857 0.4444445 0.7142857 0.3888889 0.7857143 0.8333334 0.7142857 0.7777778 0.7857143 0.7777778 0.7857143 0.3333333 0.7142857 0.3888889 0.7142857 0.3333333 0.7857143 0.7777778 0.7142857 0.7222222 0.7857143 0.7222222 0.7857143 0.2777778 0.7142857 0.3333333 0.7142857 0.2777778 0.7857143 0.7222222 0.7142857 0.6666666 0.7857143 0.6666666 0.7857143 0.2222222 0.7142857 0.2777778 0.7142857 0.2222222 0.7857143 0.6111112 0.7142857 0.6666666 0.7142857 0.6111112 0.7142857 0.3888889 0.6428571 0.4444445 0.6428571 0.3888889 0.7142857 0.8333333 0.6428571 0.7777778 0.7142857 0.7777778 0.7142857 0.3333333 0.6428571 0.3888889 0.6428571 0.3333333 0.7142857 0.7777778 0.6428571 0.7222222 0.7142857 0.7222222 0.7142857 0.2777778 0.6428571 0.3333333 0.6428571 0.2777778 0.7142857 0.7222222 0.6428571 0.6666666 0.7142857 0.6666666 0.7142857 0.2222222 0.6428571 0.2777778 0.6428571 0.2222222 0.7142857 0.6111112 0.6428571 0.6666666 0.6428571 0.6111112 0.7142857 0.1666666 0.6428571 0.2222222 0.6428571 0.1666666 0.7142856 0.5555556 0.6428571 0.6111112 0.6428571 0.5555556 0.7142857 0.9444445 0.6785715 1 0.6428571 0.9444445 0.7142857 0.1111111 0.6428571 0.1666666 0.6428571 0.1111111 0.7142857 0.5 0.6428571 0.5555556 0.6428571 0.5 0.7142857 0.9444445 0.6428571 0.8888889 0.7142857 0.888889 0.7142857 0.05555564 0.6428571 0.1111111 0.6428571 0.05555564 0.7142857 0.4444445 0.6428571 0.5 0.6428571 0.4444445 0.7142857 0.888889 0.6428571 0.8333333 0.7142857 0.8333333 0.6785714 0 0.7142857 0.05555564 0.6428571 0.05555564 0.6428571 0.1666666 0.5714285 0.2222222 0.5714285 0.1666666 0.6428571 0.5555556 0.5714285 0.6111112 0.5714285 0.5555556 0.6428571 0.9444445 0.6071428 1 0.5714285 0.9444445 0.6428571 0.1111111 0.5714285 0.1666666 0.5714285 0.1111111 0.6428571 0.5 0.5714285 0.5555556 0.5714286 0.5 0.6428571 0.9444445 0.5714285 0.8888889 0.6428571 0.8888889 0.6428571 0.05555564 0.5714285 0.1111111 0.5714285 0.05555564 0.6428571 0.4444445 0.5714286 0.5 0.5714285 0.4444445 0.6428571 0.8888889 0.5714285 0.8333333 0.6428571 0.8333333 0.6071428 0 0.6428571 0.05555564 0.5714285 0.05555564 0.6428571 0.3888889 0.5714285 0.4444445 0.5714285 0.3888889 0.6428571 0.8333333 0.5714285 0.7777778 0.6428571 0.7777778 0.6428571 0.3333333 0.5714285 0.3888889 0.5714285 0.3333333 0.6428571 0.7777778 0.5714285 0.7222222 0.6428571 0.7222222 0.6428571 0.2777778 0.5714285 0.3333333 0.5714285 0.2777778 0.6428571 0.7222222 0.5714286 0.6666666 0.6428571 0.6666666 0.6428571 0.2222222 0.5714285 0.2777778 0.5714285 0.2222222 0.6428571 0.6111112 0.5714286 0.6666666 0.5714285 0.6111112 0.5714285 0.1666666 0.5 0.2222223 0.5 0.1666666 0.5714285 0.5555556 0.5 0.6111112 0.5 0.5555556 0.5714285 0.9444445 0.5357142 1 0.4999999 0.9444445 0.5714285 0.1111111 0.5 0.1666666 0.5 0.1111111 0.5714286 0.5 0.5 0.5555556 0.5 0.5 0.5714285 0.9444445 0.5 0.8888889 0.5714285 0.8888889 0.5714285 0.05555564 0.5 0.1111111 0.5 0.05555564 0.5714285 0.4444445 0.5 0.5 0.5 0.4444445 0.5714285 0.8888889 0.5 0.8333333 0.5714285 0.8333333 0.5357142 0 0.5714285 0.05555564 0.5 0.05555564 0.5714285 0.3888889 0.5 0.4444445 0.5 0.3888889 0.5714285 0.8333333 0.5 0.7777778 0.5714285 0.7777778 0.5714285 0.3333333 0.5 0.3888889 0.5 0.3333333 0.5714285 0.7777778 0.5 0.7222222 0.5714285 0.7222222 0.5714285 0.2777778 0.5 0.3333333 0.5 0.2777778 0.5714285 0.7222222 0.5 0.6666666 0.5714286 0.6666666 0.5714285 0.2222222 0.5 0.2777778 0.5 0.2222223 0.5714285 0.6111112 0.5 0.6666666 0.5 0.6111112 0.5 0.2222223 0.4285714 0.1666666 0.5 0.1666666 0.5 0.5555556 0.4285714 0.6111111 0.4285714 0.5555556 0.4999999 0.9444445 0.4642856 1 0.4285714 0.9444444 0.5 0.1666666 0.4285714 0.1111111 0.5 0.1111111 0.5 0.5 0.4285714 0.5555556 0.4285714 0.5 0.4999999 0.9444445 0.4285714 0.8888889 0.5 0.8888889 0.5 0.1111111 0.4285714 0.05555564 0.5 0.05555564 0.5 0.4444445 0.4285714 0.5 0.4285714 0.4444445 0.5 0.8333333 0.4285714 0.8888889 0.4285714 0.8333333 0.4642856 0 0.5 0.05555564 0.4285714 0.05555564 0.5 0.3888889 0.4285714 0.4444445 0.4285714 0.388889 0.5 0.8333333 0.4285714 0.7777777 0.5 0.7777778 0.5 0.3888889 0.4285714 0.3333333 0.5 0.3333333 0.5 0.7777778 0.4285714 0.7222222 0.5 0.7222222 0.5 0.3333333 0.4285714 0.2777778 0.5 0.2777778 0.5 0.7222222 0.4285714 0.6666666 0.5 0.6666666 0.5 0.2777778 0.4285714 0.2222223 0.5 0.2222223 0.5 0.6111112 0.4285714 0.6666666 0.4285714 0.6111111 0.4285714 0.2222223 0.3571428 0.1666666 0.4285714 0.1666666 0.4285714 0.6111111 0.3571428 0.5555556 0.4285714 0.5555556 0.4285714 0.9444444 0.392857 1 0.3571428 0.9444444 0.4285714 0.1666666 0.3571428 0.1111111 0.4285714 0.1111111 0.4285714 0.5555556 0.3571428 0.5 0.4285714 0.5 0.4285714 0.9444444 0.3571428 0.8888889 0.4285714 0.8888889 0.4285714 0.1111111 0.3571428 0.05555564 0.4285714 0.05555564 0.4285714 0.5 0.3571428 0.4444445 0.4285714 0.4444445 0.4285714 0.8333333 0.3571428 0.8888889 0.3571428 0.8333333 0.392857 0 0.4285714 0.05555564 0.3571428 0.05555564 0.4285714 0.4444445 0.3571429 0.388889 0.4285714 0.388889 0.4285714 0.7777777 0.3571428 0.8333333 0.3571429 0.7777777 0.4285714 0.388889 0.3571429 0.3333333 0.4285714 0.3333333 0.4285714 0.7222222 0.3571429 0.7777777 0.3571428 0.7222222 0.4285714 0.3333333 0.3571428 0.2777779 0.4285714 0.2777778 0.4285714 0.6666666 0.3571428 0.7222222 0.3571429 0.6666666 0.4285714 0.2777778 0.3571429 0.2222223 0.4285714 0.2222223 0.4285714 0.6666666 0.3571429 0.6111111 0.4285714 0.6111111 0.3571429 0.2222223 0.2857143 0.1666668 0.3571428 0.1666666 0.3571429 0.6111111 0.2857143 0.5555556 0.3571428 0.5555556 0.3571428 0.9444444 0.3214284 1 0.2857143 0.9444444 0.3571428 0.1666666 0.2857142 0.1111111 0.3571428 0.1111111 0.3571428 0.5555556 0.2857143 0.5 0.3571428 0.5 0.3571428 0.8888889 0.2857143 0.9444444 0.2857143 0.8888889 0.3571428 0.1111111 0.2857143 0.05555564 0.3571428 0.05555564 0.3571428 0.5 0.2857143 0.4444445 0.3571428 0.4444445 0.3571428 0.8333333 0.2857143 0.8888889 0.2857143 0.8333333 0.3214285 0 0.3571428 0.05555564 0.2857143 0.05555564 0.3571428 0.4444445 0.2857143 0.388889 0.3571429 0.388889 0.3571429 0.7777777 0.2857143 0.8333333 0.2857143 0.7777777 0.3571429 0.388889 0.2857143 0.3333333 0.3571429 0.3333333 0.3571428 0.7222222 0.2857143 0.7777777 0.2857143 0.7222222 0.3571429 0.3333333 0.2857143 0.2777779 0.3571428 0.2777779 0.3571429 0.6666666 0.2857143 0.7222222 0.2857143 0.6666666 0.3571428 0.2777779 0.2857143 0.2222223 0.3571429 0.2222223 0.3571429 0.6666666 0.2857143 0.6111111 0.3571429 0.6111111 0.2857143 0.2222223 0.2142857 0.1666668 0.2857143 0.1666668 0.2857143 0.6111111 0.2142857 0.5555556 0.2857143 0.5555556 0.2857143 0.9444444 0.2499999 1 0.2142857 0.9444444 0.2857143 0.1666668 0.2142857 0.1111111 0.2857142 0.1111111 0.2857143 0.5555556 0.2142857 0.5 0.2857143 0.5 0.2857143 0.8888889 0.2142857 0.9444444 0.2142857 0.8888889 0.2857142 0.1111111 0.2142857 0.05555564 0.2857143 0.05555564 0.2857143 0.5 0.2142857 0.4444445 0.2857143 0.4444445 0.2857143 0.8333333 0.2142857 0.8888889 0.2142857 0.8333333 0.25 0 0.2857143 0.05555564 0.2142857 0.05555564 0.2857143 0.4444445 0.2142857 0.388889 0.2857143 0.388889 0.2857143 0.7777777 0.2142857 0.8333333 0.2142857 0.7777777 0.2857143 0.388889 0.2142857 0.3333333 0.2857143 0.3333333 0.2857143 0.7222222 0.2142857 0.7777777 0.2142857 0.7222222 0.2857143 0.3333333 0.2142857 0.2777779 0.2857143 0.2777779 0.2857143 0.6666666 0.2142857 0.7222222 0.2142857 0.6666666 0.2857143 0.2777779 0.2142857 0.2222223 0.2857143 0.2222223 0.2857143 0.6666666 0.2142857 0.6111111 0.2857143 0.6111111 0.2142857 0.2222223 0.1428571 0.1666666 0.2142857 0.1666668 0.2142857 0.5555556 0.1428571 0.6111111 0.1428571 0.5555556 0.2142857 0.9444444 0.1785714 1 0.1428571 0.9444444 0.2142857 0.1666668 0.1428571 0.1111111 0.2142857 0.1111111 0.2142857 0.5 0.1428571 0.5555556 0.1428571 0.5 0.2142857 0.9444444 0.1428571 0.8888889 0.2142857 0.8888889 0.2142857 0.1111111 0.1428571 0.05555564 0.2142857 0.05555564 0.2142857 0.4444445 0.1428571 0.5 0.1428571 0.4444445 0.2142857 0.8888889 0.1428571 0.8333333 0.2142857 0.8333333 0.1785714 0 0.2142857 0.05555564 0.1428571 0.05555564 0.2142857 0.388889 0.1428571 0.4444445 0.1428571 0.388889 0.2142857 0.8333333 0.1428571 0.7777777 0.2142857 0.7777777 0.2142857 0.3333333 0.1428571 0.388889 0.1428571 0.3333333 0.2142857 0.7777777 0.1428571 0.7222222 0.2142857 0.7222222 0.2142857 0.2777779 0.1428571 0.3333333 0.1428571 0.2777779 0.2142857 0.7222222 0.1428571 0.6666666 0.2142857 0.6666666 0.2142857 0.2222223 0.1428571 0.2777779 0.1428571 0.2222223 0.2142857 0.6666666 0.1428571 0.6111111 0.2142857 0.6111111 0.1428571 0.1666666 0.07142859 0.2222223 0.07142859 0.1666666 0.1428571 0.5555556 0.07142859 0.6111112 0.07142853 0.5555556 0.1428571 0.9444444 0.1071429 1 0.07142859 0.9444444 0.1428571 0.1111111 0.07142859 0.1666666 0.07142859 0.1111111 0.1428571 0.5 0.07142853 0.5555556 0.07142859 0.5 0.1428571 0.9444444 0.07142859 0.8888889 0.1428571 0.8888889 0.1428571 0.1111111 0.07142859 0.05555564 0.1428571 0.05555564 0.1428571 0.4444445 0.07142859 0.5 0.07142853 0.4444445 0.1428571 0.8888889 0.07142859 0.8333333 0.1428571 0.8333333 0.1071429 0 0.1428571 0.05555564 0.07142859 0.05555564 0.1428571 0.388889 0.07142853 0.4444445 0.07142859 0.3888889 0.1428571 0.8333333 0.07142859 0.7777777 0.1428571 0.7777777 0.1428571 0.3333333 0.07142859 0.3888889 0.07142859 0.3333333 0.1428571 0.7777777 0.07142859 0.7222222 0.1428571 0.7222222 0.1428571 0.2777779 0.07142859 0.3333333 0.07142859 0.2777778 0.1428571 0.7222222 0.07142859 0.6666666 0.1428571 0.6666666 0.1428571 0.2222223 0.07142859 0.2777778 0.07142859 0.2222223 0.1428571 0.6666666 0.07142859 0.6111112 0.1428571 0.6111111 0.07142859 0.1666666 0 0.2222222 0 0.1666666 0.07142853 0.5555556 0 0.6111112 0 0.5555556 0.07142859 0.9444444 0.03571438 1 0 0.9444444 0.07142859 0.1111111 0 0.1666666 0 0.1111111 0.07142859 0.5 0 0.5555556 0 0.5 0.07142859 0.9444444 0 0.888889 0.07142859 0.8888889 0.07142859 0.05555564 0 0.1111111 0 0.05555564 0.07142853 0.4444445 0 0.5 0 0.4444445 0.07142859 0.8888889 0 0.8333333 0.07142859 0.8333333 0.03571438 0 0.07142859 0.05555564 0 0.05555564 0.07142859 0.3888889 0 0.4444445 0 0.3888889 0.07142859 0.8333333 0 0.7777777 0.07142859 0.7777777 0.07142859 0.3333333 0 0.3888889 0 0.3333333 0.07142859 0.7777777 0 0.7222222 0.07142859 0.7222222 0.07142859 0.2777778 0 0.3333333 0 0.2777778 0.07142859 0.7222222 0 0.6666666 0.07142859 0.6666666 0.07142859 0.2222223 0 0.2777778 0 0.2222222 0.07142859 0.6666666 0 0.6111112 0.07142859 0.6111112 1 0.1666666 0.9285715 0.2222222 0.9285715 0.1666666 1 0.5555556 0.9285714 0.6111112 0.9285714 0.5555556 1 0.9444444 0.9642859 1 0.9285715 0.9444444 1 0.1111111 0.9285715 0.1666666 0.9285714 0.1111111 1 0.5555556 0.9285714 0.5 1 0.5 1 0.888889 0.9285715 0.9444444 0.9285715 0.888889 1 0.05555564 0.9285714 0.1111111 0.9285715 0.05555564 1 0.5 0.9285714 0.4444445 1 0.4444445 1 0.8333333 0.9285715 0.888889 0.9285714 0.8333334 0.9642859 0 1 0.05555564 0.9285715 0.05555564 1 0.4444445 0.9285714 0.3888889 1 0.3888889 1 0.7777777 0.9285714 0.8333334 0.9285715 0.7777778 1 0.3333333 0.9285714 0.3888889 0.9285715 0.3333333 1 0.7222222 0.9285715 0.7777778 0.9285714 0.7222222 1 0.2777778 0.9285715 0.3333333 0.9285714 0.2777778 1 0.6666666 0.9285714 0.7222222 0.9285715 0.6666666 1 0.2222222 0.9285714 0.2777778 0.9285715 0.2222222 1 0.6111112 0.9285715 0.6666666 0.9285714 0.6111112 0.9285715 0.1666666 0.8571429 0.2222222 0.8571428 0.1666666 0.9285714 0.6111112 0.8571428 0.5555556 0.9285714 0.5555556 0.9285715 0.9444444 0.8928573 1 0.8571429 0.9444445 0.9285714 0.1111111 0.8571428 0.1666666 0.8571428 0.1111111 0.9285714 0.5555556 0.8571428 0.5 0.9285714 0.5 0.9285715 0.888889 0.8571429 0.9444445 0.8571429 0.888889 0.9285714 0.1111111 0.8571429 0.05555564 0.9285715 0.05555564 0.9285714 0.5 0.8571428 0.4444444 0.9285714 0.4444445 0.9285714 0.8333334 0.8571429 0.888889 0.8571428 0.8333334 0.8928572 0 0.9285715 0.05555564 0.8571429 0.05555564 0.9285714 0.4444445 0.8571428 0.3888889 0.9285714 0.3888889 0.9285715 0.7777778 0.8571428 0.8333334 0.8571429 0.7777778 0.9285714 0.3888889 0.8571428 0.3333333 0.9285715 0.3333333 0.9285714 0.7222222 0.8571429 0.7777778 0.8571428 0.7222222 0.9285715 0.3333333 0.8571428 0.2777778 0.9285714 0.2777778 0.9285715 0.6666666 0.8571428 0.7222222 0.8571428 0.6666666 0.9285715 0.2222222 0.8571428 0.2777778 0.8571429 0.2222222 0.9285714 0.6111112 0.8571428 0.6666666 0.8571428 0.6111112 0.8571428 0.1666666 0.7857143 0.2222222 0.7857143 0.1666666 0.8571428 0.6111112 0.7857142 0.5555556 0.8571428 0.5555556 0.8571429 0.9444445 0.8214287 1 0.7857143 0.9444445 0.8571428 0.1111111 0.7857143 0.1666666 0.7857143 0.1111111 0.8571428 0.5555556 0.7857143 0.5 0.8571428 0.5 0.8571429 0.888889 0.7857143 0.9444445 0.7857143 0.888889 0.8571429 0.05555564 0.7857143 0.1111111 0.7857143 0.05555564 0.8571428 0.5 0.7857142 0.4444444 0.8571428 0.4444444 0.8571428 0.8333334 0.7857143 0.888889 0.7857143 0.8333334 0.8214286 0 0.8571429 0.05555564 0.7857143 0.05555564 0.8571428 0.4444444 0.7857143 0.3888889 0.8571428 0.3888889 0.8571429 0.7777778 0.7857143 0.8333334 0.7857143 0.7777778 0.8571428 0.3888889 0.7857143 0.3333333 0.8571428 0.3333333 0.8571428 0.7222222 0.7857143 0.7777778 0.7857143 0.7222222 0.8571428 0.3333333 0.7857143 0.2777778 0.8571428 0.2777778 0.8571428 0.6666666 0.7857143 0.7222222 0.7857143 0.6666666 0.8571428 0.2777778 0.7857143 0.2222222 0.8571429 0.2222222 0.8571428 0.6111112 0.7857143 0.6666666 0.7857143 0.6111112 0.7857143 0.1666666 0.7142857 0.2222222 0.7142857 0.1666666 0.7857143 0.6111112 0.7142856 0.5555556 0.7857142 0.5555556 0.7857143 0.9444445 0.7500001 1 0.7142857 0.9444445 0.7857143 0.1111111 0.7142857 0.1666666 0.7142857 0.1111111 0.7857142 0.5555556 0.7142857 0.5 0.7857143 0.5 0.7857143 0.888889 0.7142857 0.9444445 0.7142857 0.888889 0.7857143 0.05555564 0.7142857 0.1111111 0.7142857 0.05555564 0.7857143 0.5 0.7142857 0.4444445 0.7857142 0.4444444 0.7857143 0.8333334 0.7142857 0.888889 0.7142857 0.8333333 0.75 0 0.7857143 0.05555564 0.7142857 0.05555564 0.7857142 0.4444444 0.7142857 0.3888889 0.7857143 0.3888889 0.7857143 0.7777778 0.7142857 0.8333333 0.7142857 0.7777778 0.7857143 0.3888889 0.7142857 0.3333333 0.7857143 0.3333333 0.7857143 0.7222222 0.7142857 0.7777778 0.7142857 0.7222222 0.7857143 0.3333333 0.7142857 0.2777778 0.7857143 0.2777778 0.7857143 0.6666666 0.7142857 0.7222222 0.7142857 0.6666666 0.7857143 0.2777778 0.7142857 0.2222222 0.7857143 0.2222222 0.7857143 0.6111112 0.7142857 0.6666666 0.7142857 0.6111112 0.7142857 0.3888889 0.6428571 0.4444445 0.6428571 0.3888889 0.7142857 0.7777778 0.6428571 0.8333333 0.6428571 0.7777778 0.7142857 0.3888889 0.6428571 0.3333333 0.7142857 0.3333333 0.7142857 0.7222222 0.6428571 0.7777778 0.6428571 0.7222222 0.7142857 0.3333333 0.6428571 0.2777778 0.7142857 0.2777778 0.7142857 0.7222222 0.6428571 0.6666666 0.7142857 0.6666666 0.7142857 0.2222222 0.6428571 0.2777778 0.6428571 0.2222222 0.7142857 0.6666666 0.6428571 0.6111112 0.7142857 0.6111112 0.7142857 0.1666666 0.6428571 0.2222222 0.6428571 0.1666666 0.7142857 0.6111112 0.6428571 0.5555556 0.7142856 0.5555556 0.7142857 0.9444445 0.6785715 1 0.6428571 0.9444445 0.7142857 0.1111111 0.6428571 0.1666666 0.6428571 0.1111111 0.7142856 0.5555556 0.6428571 0.5 0.7142857 0.5 0.7142857 0.9444445 0.6428571 0.8888889 0.7142857 0.888889 0.7142857 0.05555564 0.6428571 0.1111111 0.6428571 0.05555564 0.7142857 0.4444445 0.6428571 0.5 0.6428571 0.4444445 0.7142857 0.8333333 0.6428571 0.8888889 0.6428571 0.8333333 0.6785714 0 0.7142857 0.05555564 0.6428571 0.05555564 0.6428571 0.1666666 0.5714285 0.2222222 0.5714285 0.1666666 0.6428571 0.6111112 0.5714285 0.5555556 0.6428571 0.5555556 0.6428571 0.9444445 0.6071428 1 0.5714285 0.9444445 0.6428571 0.1111111 0.5714285 0.1666666 0.5714285 0.1111111 0.6428571 0.5555556 0.5714286 0.5 0.6428571 0.5 0.6428571 0.9444445 0.5714285 0.8888889 0.6428571 0.8888889 0.6428571 0.05555564 0.5714285 0.1111111 0.5714285 0.05555564 0.6428571 0.4444445 0.5714286 0.5 0.5714285 0.4444445 0.6428571 0.8333333 0.5714285 0.8888889 0.5714285 0.8333333 0.6071428 0 0.6428571 0.05555564 0.5714285 0.05555564 0.6428571 0.3888889 0.5714285 0.4444445 0.5714285 0.3888889 0.6428571 0.7777778 0.5714285 0.8333333 0.5714285 0.7777778 0.6428571 0.3888889 0.5714285 0.3333333 0.6428571 0.3333333 0.6428571 0.7222222 0.5714285 0.7777778 0.5714285 0.7222222 0.6428571 0.3333333 0.5714285 0.2777778 0.6428571 0.2777778 0.6428571 0.6666666 0.5714285 0.7222222 0.5714286 0.6666666 0.6428571 0.2777778 0.5714285 0.2222222 0.6428571 0.2222222 0.6428571 0.6666666 0.5714285 0.6111112 0.6428571 0.6111112 0.5714285 0.1666666 0.5 0.2222223 0.5 0.1666666 0.5714285 0.6111112 0.5 0.5555556 0.5714285 0.5555556 0.5714285 0.9444445 0.5357142 1 0.4999999 0.9444445 0.5714285 0.1111111 0.5 0.1666666 0.5 0.1111111 0.5714285 0.5555556 0.5 0.5 0.5714286 0.5 0.5714285 0.9444445 0.5 0.8888889 0.5714285 0.8888889 0.5714285 0.05555564 0.5 0.1111111 0.5 0.05555564 0.5714285 0.4444445 0.5 0.5 0.5 0.4444445 0.5714285 0.8333333 0.5 0.8888889 0.5 0.8333333 0.5357142 0 0.5714285 0.05555564 0.5 0.05555564 0.5714285 0.3888889 0.5 0.4444445 0.5 0.3888889 0.5714285 0.7777778 0.5 0.8333333 0.5 0.7777778 0.5714285 0.3888889 0.5 0.3333333 0.5714285 0.3333333 0.5714285 0.7222222 0.5 0.7777778 0.5 0.7222222 0.5714285 0.3333333 0.5 0.2777778 0.5714285 0.2777778 0.5714286 0.6666666 0.5 0.7222222 0.5 0.6666666 0.5714285 0.2777778 0.5 0.2222223 0.5714285 0.2222222 0.5714286 0.6666666 0.5 0.6111112 0.5714285 0.6111112 0.5 0.2222223 0.4285714 0.1666666 0.5 0.1666666 0.5 0.6111112 0.4285714 0.5555556 0.5 0.5555556 0.4999999 0.9444445 0.4642856 1 0.4285714 0.9444444 0.5 0.1666666 0.4285714 0.1111111 0.5 0.1111111 0.5 0.5555556 0.4285714 0.5 0.5 0.5 0.4999999 0.9444445 0.4285714 0.8888889 0.5 0.8888889 0.5 0.1111111 0.4285714 0.05555564 0.5 0.05555564 0.5 0.5 0.4285714 0.4444445 0.5 0.4444445 0.5 0.8333333 0.4285714 0.8888889 0.4285714 0.8333333 0.4642856 0 0.5 0.05555564 0.4285714 0.05555564 0.5 0.3888889 0.4285714 0.4444445 0.4285714 0.388889 0.5 0.7777778 0.4285714 0.8333333 0.4285714 0.7777777 0.5 0.3333333 0.4285714 0.388889 0.4285714 0.3333333 0.5 0.7222222 0.4285714 0.7777777 0.4285714 0.7222222 0.5 0.2777778 0.4285714 0.3333333 0.4285714 0.2777778 0.5 0.7222222 0.4285714 0.6666666 0.5 0.6666666 0.5 0.2222223 0.4285714 0.2777778 0.4285714 0.2222223 0.5 0.6666666 0.4285714 0.6111111 0.5 0.6111112 0.4285714 0.2222223 0.3571428 0.1666666 0.4285714 0.1666666 0.4285714 0.5555556 0.3571429 0.6111111 0.3571428 0.5555556 0.4285714 0.9444444 0.392857 1 0.3571428 0.9444444 0.4285714 0.1666666 0.3571428 0.1111111 0.4285714 0.1111111 0.4285714 0.5 0.3571428 0.5555556 0.3571428 0.5 0.4285714 0.9444444 0.3571428 0.8888889 0.4285714 0.8888889 0.4285714 0.1111111 0.3571428 0.05555564 0.4285714 0.05555564 0.4285714 0.4444445 0.3571428 0.5 0.3571428 0.4444445 0.4285714 0.8888889 0.3571428 0.8333333 0.4285714 0.8333333 0.392857 0 0.4285714 0.05555564 0.3571428 0.05555564 0.4285714 0.388889 0.3571428 0.4444445 0.3571429 0.388889 0.4285714 0.8333333 0.3571429 0.7777777 0.4285714 0.7777777 0.4285714 0.3333333 0.3571429 0.388889 0.3571429 0.3333333 0.4285714 0.7222222 0.3571429 0.7777777 0.3571428 0.7222222 0.4285714 0.2777778 0.3571429 0.3333333 0.3571428 0.2777779 0.4285714 0.6666666 0.3571428 0.7222222 0.3571429 0.6666666 0.4285714 0.2222223 0.3571428 0.2777779 0.3571429 0.2222223 0.4285714 0.6666666 0.3571429 0.6111111 0.4285714 0.6111111 0.3571429 0.2222223 0.2857143 0.1666668 0.3571428 0.1666666 0.3571428 0.5555556 0.2857143 0.6111111 0.2857143 0.5555556 0.3571428 0.9444444 0.3214284 1 0.2857143 0.9444444 0.3571428 0.1666666 0.2857142 0.1111111 0.3571428 0.1111111 0.3571428 0.5 0.2857143 0.5555556 0.2857143 0.5 0.3571428 0.8888889 0.2857143 0.9444444 0.2857143 0.8888889 0.3571428 0.1111111 0.2857143 0.05555564 0.3571428 0.05555564 0.3571428 0.4444445 0.2857143 0.5 0.2857143 0.4444445 0.3571428 0.8888889 0.2857143 0.8333333 0.3571428 0.8333333 0.3214285 0 0.3571428 0.05555564 0.2857143 0.05555564 0.3571429 0.388889 0.2857143 0.4444445 0.2857143 0.388889 0.3571428 0.8333333 0.2857143 0.7777777 0.3571429 0.7777777 0.3571429 0.3333333 0.2857143 0.388889 0.2857143 0.3333333 0.3571429 0.7777777 0.2857143 0.7222222 0.3571428 0.7222222 0.3571428 0.2777779 0.2857143 0.3333333 0.2857143 0.2777779 0.3571429 0.6666666 0.2857143 0.7222222 0.2857143 0.6666666 0.3571428 0.2777779 0.2857143 0.2222223 0.3571429 0.2222223 0.3571429 0.6111111 0.2857143 0.6666666 0.2857143 0.6111111 0.2857143 0.2222223 0.2142857 0.1666668 0.2857143 0.1666668 0.2857143 0.5555556 0.2142857 0.6111111 0.2142857 0.5555556 0.2857143 0.9444444 0.2499999 1 0.2142857 0.9444444 0.2857143 0.1666668 0.2142857 0.1111111 0.2857142 0.1111111 0.2857143 0.5 0.2142857 0.5555556 0.2142857 0.5 0.2857143 0.9444444 0.2142857 0.8888889 0.2857143 0.8888889 0.2857142 0.1111111 0.2142857 0.05555564 0.2857143 0.05555564 0.2857143 0.5 0.2142857 0.4444445 0.2857143 0.4444445 0.2857143 0.8888889 0.2142857 0.8333333 0.2857143 0.8333333 0.25 0 0.2857143 0.05555564 0.2142857 0.05555564 0.2857143 0.4444445 0.2142857 0.388889 0.2857143 0.388889 0.2857143 0.8333333 0.2142857 0.7777777 0.2857143 0.7777777 0.2857143 0.3333333 0.2142857 0.388889 0.2142857 0.3333333 0.2857143 0.7777777 0.2142857 0.7222222 0.2857143 0.7222222 0.2857143 0.2777779 0.2142857 0.3333333 0.2142857 0.2777779 0.2857143 0.6666666 0.2142857 0.7222222 0.2142857 0.6666666 0.2857143 0.2777779 0.2142857 0.2222223 0.2857143 0.2222223 0.2857143 0.6111111 0.2142857 0.6666666 0.2142857 0.6111111 0.2142857 0.2222223 0.1428571 0.1666666 0.2142857 0.1666668 0.2142857 0.6111111 0.1428571 0.5555556 0.2142857 0.5555556 0.2142857 0.9444444 0.1785714 1 0.1428571 0.9444444 0.2142857 0.1666668 0.1428571 0.1111111 0.2142857 0.1111111 0.2142857 0.5555556 0.1428571 0.5 0.2142857 0.5 0.2142857 0.9444444 0.1428571 0.8888889 0.2142857 0.8888889 0.2142857 0.1111111 0.1428571 0.05555564 0.2142857 0.05555564 0.2142857 0.4444445 0.1428571 0.5 0.1428571 0.4444445 0.2142857 0.8888889 0.1428571 0.8333333 0.2142857 0.8333333 0.1785714 0 0.2142857 0.05555564 0.1428571 0.05555564 0.2142857 0.388889 0.1428571 0.4444445 0.1428571 0.388889 0.2142857 0.7777777 0.1428571 0.8333333 0.1428571 0.7777777 0.2142857 0.388889 0.1428571 0.3333333 0.2142857 0.3333333 0.2142857 0.7222222 0.1428571 0.7777777 0.1428571 0.7222222 0.2142857 0.3333333 0.1428571 0.2777779 0.2142857 0.2777779 0.2142857 0.6666666 0.1428571 0.7222222 0.1428571 0.6666666 0.2142857 0.2222223 0.1428571 0.2777779 0.1428571 0.2222223 0.2142857 0.6666666 0.1428571 0.6111111 0.2142857 0.6111111 0.1428571 0.1666666 0.07142859 0.2222223 0.07142859 0.1666666 0.1428571 0.6111111 0.07142853 0.5555556 0.1428571 0.5555556 0.1428571 0.9444444 0.1071429 1 0.07142859 0.9444444 0.1428571 0.1666666 0.07142859 0.1111111 0.1428571 0.1111111 0.1428571 0.5555556 0.07142859 0.5 0.1428571 0.5 0.1428571 0.9444444 0.07142859 0.8888889 0.1428571 0.8888889 0.1428571 0.1111111 0.07142859 0.05555564 0.1428571 0.05555564 0.1428571 0.4444445 0.07142859 0.5 0.07142853 0.4444445 0.1428571 0.8888889 0.07142859 0.8333333 0.1428571 0.8333333 0.1071429 0 0.1428571 0.05555564 0.07142859 0.05555564 0.1428571 0.388889 0.07142853 0.4444445 0.07142859 0.3888889 0.1428571 0.7777777 0.07142859 0.8333333 0.07142859 0.7777777 0.1428571 0.388889 0.07142859 0.3333333 0.1428571 0.3333333 0.1428571 0.7222222 0.07142859 0.7777777 0.07142859 0.7222222 0.1428571 0.3333333 0.07142859 0.2777778 0.1428571 0.2777779 0.1428571 0.6666666 0.07142859 0.7222222 0.07142859 0.6666666 0.1428571 0.2222223 0.07142859 0.2777778 0.07142859 0.2222223 0.1428571 0.6666666 0.07142859 0.6111112 0.1428571 0.6111111 0.07142859 0.1666666 0 0.2222222 0 0.1666666 0.07142853 0.5555556 0 0.6111112 0 0.5555556 0.07142859 0.9444444 0.03571438 1 0 0.9444444 0.07142859 0.1111111 0 0.1666666 0 0.1111111 0.07142853 0.5555556 0 0.5 0.07142859 0.5 0.07142859 0.9444444 0 0.888889 0.07142859 0.8888889 0.07142859 0.05555564 0 0.1111111 0 0.05555564 0.07142853 0.4444445 0 0.5 0 0.4444445 0.07142859 0.8333333 0 0.888889 0 0.8333333 0.03571438 0 0.07142859 0.05555564 0 0.05555564 0.07142859 0.3888889 0 0.4444445 0 0.3888889 0.07142859 0.7777777 0 0.8333333 0 0.7777777 0.07142859 0.3888889 0 0.3333333 0.07142859 0.3333333 0.07142859 0.7222222 0 0.7777777 0 0.7222222 0.07142859 0.3333333 0 0.2777778 0.07142859 0.2777778 0.07142859 0.6666666 0 0.7222222 0 0.6666666 0.07142859 0.2777778 0 0.2222222 0.07142859 0.2222223 0.07142859 0.6666666 0 0.6111112 0.07142859 0.6111112 1 0.1666666 0.9285715 0.2222222 0.9285715 0.1666666 1 0.5555556 0.9285714 0.6111112 0.9285714 0.5555556 1 0.9444444 0.9642859 1 0.9285715 0.9444444 1 0.1111111 0.9285715 0.1666666 0.9285714 0.1111111 1 0.5 0.9285714 0.5555556 0.9285714 0.5 1 0.888889 0.9285715 0.9444444 0.9285715 0.888889 1 0.05555564 0.9285714 0.1111111 0.9285715 0.05555564 1 0.5 0.9285714 0.4444445 1 0.4444445 1 0.8333333 0.9285715 0.888889 0.9285714 0.8333334 0.9642859 0 1 0.05555564 0.9285715 0.05555564 1 0.4444445 0.9285714 0.3888889 1 0.3888889 1 0.8333333 0.9285715 0.7777778 1 0.7777777 1 0.3888889 0.9285715 0.3333333 1 0.3333333 1 0.7777777 0.9285714 0.7222222 1 0.7222222 1 0.3333333 0.9285714 0.2777778 1 0.2777778 1 0.7222222 0.9285715 0.6666666 1 0.6666666 1 0.2222222 0.9285714 0.2777778 0.9285715 0.2222222 1 0.6111112 0.9285715 0.6666666 0.9285714 0.6111112 0.9285715 0.1666666 0.8571429 0.2222222 0.8571428 0.1666666 0.9285714 0.5555556 0.8571428 0.6111112 0.8571428 0.5555556 0.9285715 0.9444444 0.8928573 1 0.8571429 0.9444445 0.9285714 0.1111111 0.8571428 0.1666666 0.8571428 0.1111111 0.9285714 0.5 0.8571428 0.5555556 0.8571428 0.5 0.9285715 0.888889 0.8571429 0.9444445 0.8571429 0.888889 0.9285715 0.05555564 0.8571428 0.1111111 0.8571429 0.05555564 0.9285714 0.5 0.8571428 0.4444444 0.9285714 0.4444445 0.9285714 0.8333334 0.8571429 0.888889 0.8571428 0.8333334 0.8928572 0 0.9285715 0.05555564 0.8571429 0.05555564 0.9285714 0.4444445 0.8571428 0.3888889 0.9285714 0.3888889 0.9285714 0.8333334 0.8571429 0.7777778 0.9285715 0.7777778 0.9285715 0.3333333 0.8571428 0.3888889 0.8571428 0.3333333 0.9285715 0.7777778 0.8571428 0.7222222 0.9285714 0.7222222 0.9285714 0.2777778 0.8571428 0.3333333 0.8571428 0.2777778 0.9285714 0.7222222 0.8571428 0.6666666 0.9285715 0.6666666 0.9285715 0.2222222 0.8571428 0.2777778 0.8571429 0.2222222 0.9285714 0.6111112 0.8571428 0.6666666 0.8571428 0.6111112 0.8571428 0.1666666 0.7857143 0.2222222 0.7857143 0.1666666 0.8571428 0.5555556 0.7857143 0.6111112 0.7857142 0.5555556 0.8571429 0.9444445 0.8214287 1 0.7857143 0.9444445 0.8571428 0.1111111 0.7857143 0.1666666 0.7857143 0.1111111 0.8571428 0.5 0.7857142 0.5555556 0.7857143 0.5 0.8571429 0.888889 0.7857143 0.9444445 0.7857143 0.888889 0.8571429 0.05555564 0.7857143 0.1111111 0.7857143 0.05555564 0.8571428 0.5 0.7857142 0.4444444 0.8571428 0.4444444 0.8571428 0.8333334 0.7857143 0.888889 0.7857143 0.8333334 0.8214286 0 0.8571429 0.05555564 0.7857143 0.05555564 0.8571428 0.4444444 0.7857143 0.3888889 0.8571428 0.3888889 0.8571428 0.8333334 0.7857143 0.7777778 0.8571429 0.7777778 0.8571428 0.3888889 0.7857143 0.3333333 0.8571428 0.3333333 0.8571429 0.7777778 0.7857143 0.7222222 0.8571428 0.7222222 0.8571428 0.3333333 0.7857143 0.2777778 0.8571428 0.2777778 0.8571428 0.7222222 0.7857143 0.6666666 0.8571428 0.6666666 0.8571428 0.2777778 0.7857143 0.2222222 0.8571429 0.2222222 0.8571428 0.6111112 0.7857143 0.6666666 0.7857143 0.6111112 0.7857143 0.1666666 0.7142857 0.2222222 0.7142857 0.1666666 0.7857142 0.5555556 0.7142857 0.6111112 0.7142856 0.5555556 0.7857143 0.9444445 0.7500001 1 0.7142857 0.9444445 0.7857143 0.1111111 0.7142857 0.1666666 0.7142857 0.1111111 0.7857143 0.5 0.7142856 0.5555556 0.7142857 0.5 0.7857143 0.888889 0.7142857 0.9444445 0.7142857 0.888889 0.7857143 0.05555564 0.7142857 0.1111111 0.7142857 0.05555564 0.7857143 0.5 0.7142857 0.4444445 0.7857142 0.4444444 0.7857143 0.8333334 0.7142857 0.888889 0.7142857 0.8333333 0.75 0 0.7857143 0.05555564 0.7142857 0.05555564 0.7857142 0.4444444 0.7142857 0.3888889 0.7857143 0.3888889 0.7857143 0.8333334 0.7142857 0.7777778 0.7857143 0.7777778 0.7857143 0.3333333 0.7142857 0.3888889 0.7142857 0.3333333 0.7857143 0.7777778 0.7142857 0.7222222 0.7857143 0.7222222 0.7857143 0.2777778 0.7142857 0.3333333 0.7142857 0.2777778 0.7857143 0.7222222 0.7142857 0.6666666 0.7857143 0.6666666 0.7857143 0.2222222 0.7142857 0.2777778 0.7142857 0.2222222 0.7857143 0.6111112 0.7142857 0.6666666 0.7142857 0.6111112 0.7142857 0.3888889 0.6428571 0.4444445 0.6428571 0.3888889 0.7142857 0.8333333 0.6428571 0.7777778 0.7142857 0.7777778 0.7142857 0.3888889 0.6428571 0.3333333 0.7142857 0.3333333 0.7142857 0.7777778 0.6428571 0.7222222 0.7142857 0.7222222 0.7142857 0.2777778 0.6428571 0.3333333 0.6428571 0.2777778 0.7142857 0.7222222 0.6428571 0.6666666 0.7142857 0.6666666 0.7142857 0.2222222 0.6428571 0.2777778 0.6428571 0.2222222 0.7142857 0.6666666 0.6428571 0.6111112 0.7142857 0.6111112 0.7142857 0.1666666 0.6428571 0.2222222 0.6428571 0.1666666 0.7142857 0.6111112 0.6428571 0.5555556 0.7142856 0.5555556 0.7142857 0.9444445 0.6785715 1 0.6428571 0.9444445 0.7142857 0.1111111 0.6428571 0.1666666 0.6428571 0.1111111 0.7142856 0.5555556 0.6428571 0.5 0.7142857 0.5 0.7142857 0.888889 0.6428571 0.9444445 0.6428571 0.8888889 0.7142857 0.05555564 0.6428571 0.1111111 0.6428571 0.05555564 0.7142857 0.4444445 0.6428571 0.5 0.6428571 0.4444445 0.7142857 0.8333333 0.6428571 0.8888889 0.6428571 0.8333333 0.6785714 0 0.7142857 0.05555564 0.6428571 0.05555564 0.6428571 0.1666666 0.5714285 0.2222222 0.5714285 0.1666666 0.6428571 0.6111112 0.5714285 0.5555556 0.6428571 0.5555556 0.6428571 0.9444445 0.6071428 1 0.5714285 0.9444445 0.6428571 0.1111111 0.5714285 0.1666666 0.5714285 0.1111111 0.6428571 0.5555556 0.5714286 0.5 0.6428571 0.5 0.6428571 0.9444445 0.5714285 0.8888889 0.6428571 0.8888889 0.6428571 0.05555564 0.5714285 0.1111111 0.5714285 0.05555564 0.6428571 0.4444445 0.5714286 0.5 0.5714285 0.4444445 0.6428571 0.8333333 0.5714285 0.8888889 0.5714285 0.8333333 0.6071428 0 0.6428571 0.05555564 0.5714285 0.05555564 0.6428571 0.3888889 0.5714285 0.4444445 0.5714285 0.3888889 0.6428571 0.7777778 0.5714285 0.8333333 0.5714285 0.7777778 0.6428571 0.3888889 0.5714285 0.3333333 0.6428571 0.3333333 0.6428571 0.7222222 0.5714285 0.7777778 0.5714285 0.7222222 0.6428571 0.3333333 0.5714285 0.2777778 0.6428571 0.2777778 0.6428571 0.7222222 0.5714286 0.6666666 0.6428571 0.6666666 0.6428571 0.2777778 0.5714285 0.2222222 0.6428571 0.2222222 0.6428571 0.6666666 0.5714285 0.6111112 0.6428571 0.6111112 0.5714285 0.1666666 0.5 0.2222223 0.5 0.1666666 0.5714285 0.6111112 0.5 0.5555556 0.5714285 0.5555556 0.5714285 0.9444445 0.5357142 1 0.4999999 0.9444445 0.5714285 0.1111111 0.5 0.1666666 0.5 0.1111111 0.5714285 0.5555556 0.5 0.5 0.5714286 0.5 0.5714285 0.9444445 0.5 0.8888889 0.5714285 0.8888889 0.5714285 0.05555564 0.5 0.1111111 0.5 0.05555564 0.5714285 0.4444445 0.5 0.5 0.5 0.4444445 0.5714285 0.8333333 0.5 0.8888889 0.5 0.8333333 0.5357142 0 0.5714285 0.05555564 0.5 0.05555564 0.5714285 0.3888889 0.5 0.4444445 0.5 0.3888889 0.5714285 0.7777778 0.5 0.8333333 0.5 0.7777778 0.5714285 0.3888889 0.5 0.3333333 0.5714285 0.3333333 0.5714285 0.7222222 0.5 0.7777778 0.5 0.7222222 0.5714285 0.3333333 0.5 0.2777778 0.5714285 0.2777778 0.5714286 0.6666666 0.5 0.7222222 0.5 0.6666666 0.5714285 0.2777778 0.5 0.2222223 0.5714285 0.2222222 0.5714286 0.6666666 0.5 0.6111112 0.5714285 0.6111112 0.5 0.2222223 0.4285714 0.1666666 0.5 0.1666666 0.5 0.6111112 0.4285714 0.5555556 0.5 0.5555556 0.4999999 0.9444445 0.4642856 1 0.4285714 0.9444444 0.5 0.1666666 0.4285714 0.1111111 0.5 0.1111111 0.5 0.5555556 0.4285714 0.5 0.5 0.5 0.4999999 0.9444445 0.4285714 0.8888889 0.5 0.8888889 0.5 0.1111111 0.4285714 0.05555564 0.5 0.05555564 0.5 0.4444445 0.4285714 0.5 0.4285714 0.4444445 0.5 0.8333333 0.4285714 0.8888889 0.4285714 0.8333333 0.4642856 0 0.5 0.05555564 0.4285714 0.05555564 0.5 0.3888889 0.4285714 0.4444445 0.4285714 0.388889 0.5 0.7777778 0.4285714 0.8333333 0.4285714 0.7777777 0.5 0.3333333 0.4285714 0.388889 0.4285714 0.3333333 0.5 0.7222222 0.4285714 0.7777777 0.4285714 0.7222222 0.5 0.2777778 0.4285714 0.3333333 0.4285714 0.2777778 0.5 0.7222222 0.4285714 0.6666666 0.5 0.6666666 0.5 0.2222223 0.4285714 0.2777778 0.4285714 0.2222223 0.5 0.6111112 0.4285714 0.6666666 0.4285714 0.6111111 0.4285714 0.2222223 0.3571428 0.1666666 0.4285714 0.1666666 0.4285714 0.5555556 0.3571429 0.6111111 0.3571428 0.5555556 0.4285714 0.9444444 0.392857 1 0.3571428 0.9444444 0.4285714 0.1666666 0.3571428 0.1111111 0.4285714 0.1111111 0.4285714 0.5 0.3571428 0.5555556 0.3571428 0.5 0.4285714 0.9444444 0.3571428 0.8888889 0.4285714 0.8888889 0.4285714 0.1111111 0.3571428 0.05555564 0.4285714 0.05555564 0.4285714 0.4444445 0.3571428 0.5 0.3571428 0.4444445 0.4285714 0.8888889 0.3571428 0.8333333 0.4285714 0.8333333 0.392857 0 0.4285714 0.05555564 0.3571428 0.05555564 0.4285714 0.388889 0.3571428 0.4444445 0.3571429 0.388889 0.4285714 0.8333333 0.3571429 0.7777777 0.4285714 0.7777777 0.4285714 0.3333333 0.3571429 0.388889 0.3571429 0.3333333 0.4285714 0.7222222 0.3571429 0.7777777 0.3571428 0.7222222 0.4285714 0.2777778 0.3571429 0.3333333 0.3571428 0.2777779 0.4285714 0.6666666 0.3571428 0.7222222 0.3571429 0.6666666 0.4285714 0.2777778 0.3571429 0.2222223 0.4285714 0.2222223 0.4285714 0.6666666 0.3571429 0.6111111 0.4285714 0.6111111 0.3571429 0.2222223 0.2857143 0.1666668 0.3571428 0.1666666 0.3571428 0.5555556 0.2857143 0.6111111 0.2857143 0.5555556 0.3571428 0.9444444 0.3214284 1 0.2857143 0.9444444 0.3571428 0.1666666 0.2857142 0.1111111 0.3571428 0.1111111 0.3571428 0.5 0.2857143 0.5555556 0.2857143 0.5 0.3571428 0.9444444 0.2857143 0.8888889 0.3571428 0.8888889 0.3571428 0.1111111 0.2857143 0.05555564 0.3571428 0.05555564 0.3571428 0.5 0.2857143 0.4444445 0.3571428 0.4444445 0.3571428 0.8888889 0.2857143 0.8333333 0.3571428 0.8333333 0.3214285 0 0.3571428 0.05555564 0.2857143 0.05555564 0.3571428 0.4444445 0.2857143 0.388889 0.3571429 0.388889 0.3571428 0.8333333 0.2857143 0.7777777 0.3571429 0.7777777 0.3571429 0.3333333 0.2857143 0.388889 0.2857143 0.3333333 0.3571429 0.7777777 0.2857143 0.7222222 0.3571428 0.7222222 0.3571428 0.2777779 0.2857143 0.3333333 0.2857143 0.2777779 0.3571429 0.6666666 0.2857143 0.7222222 0.2857143 0.6666666 0.3571428 0.2777779 0.2857143 0.2222223 0.3571429 0.2222223 0.3571429 0.6666666 0.2857143 0.6111111 0.3571429 0.6111111 0.2857143 0.2222223 0.2142857 0.1666668 0.2857143 0.1666668 0.2857143 0.5555556 0.2142857 0.6111111 0.2142857 0.5555556 0.2857143 0.9444444 0.2499999 1 0.2142857 0.9444444 0.2857143 0.1666668 0.2142857 0.1111111 0.2857142 0.1111111 0.2857143 0.5 0.2142857 0.5555556 0.2142857 0.5 0.2857143 0.9444444 0.2142857 0.8888889 0.2857143 0.8888889 0.2857142 0.1111111 0.2142857 0.05555564 0.2857143 0.05555564 0.2857143 0.5 0.2142857 0.4444445 0.2857143 0.4444445 0.2857143 0.8888889 0.2142857 0.8333333 0.2857143 0.8333333 0.25 0 0.2857143 0.05555564 0.2142857 0.05555564 0.2857143 0.4444445 0.2142857 0.388889 0.2857143 0.388889 0.2857143 0.8333333 0.2142857 0.7777777 0.2857143 0.7777777 0.2857143 0.3333333 0.2142857 0.388889 0.2142857 0.3333333 0.2857143 0.7222222 0.2142857 0.7777777 0.2142857 0.7222222 0.2857143 0.2777779 0.2142857 0.3333333 0.2142857 0.2777779 0.2857143 0.6666666 0.2142857 0.7222222 0.2142857 0.6666666 0.2857143 0.2777779 0.2142857 0.2222223 0.2857143 0.2222223 0.2857143 0.6111111 0.2142857 0.6666666 0.2142857 0.6111111 0.2142857 0.2222223 0.1428571 0.1666666 0.2142857 0.1666668 0.2142857 0.5555556 0.1428571 0.6111111 0.1428571 0.5555556 0.2142857 0.9444444 0.1785714 1 0.1428571 0.9444444 0.2142857 0.1666668 0.1428571 0.1111111 0.2142857 0.1111111 0.2142857 0.5555556 0.1428571 0.5 0.2142857 0.5 0.2142857 0.9444444 0.1428571 0.8888889 0.2142857 0.8888889 0.2142857 0.1111111 0.1428571 0.05555564 0.2142857 0.05555564 0.2142857 0.4444445 0.1428571 0.5 0.1428571 0.4444445 0.2142857 0.8888889 0.1428571 0.8333333 0.2142857 0.8333333 0.1785714 0 0.2142857 0.05555564 0.1428571 0.05555564 0.2142857 0.388889 0.1428571 0.4444445 0.1428571 0.388889 0.2142857 0.7777777 0.1428571 0.8333333 0.1428571 0.7777777 0.2142857 0.388889 0.1428571 0.3333333 0.2142857 0.3333333 0.2142857 0.7222222 0.1428571 0.7777777 0.1428571 0.7222222 0.2142857 0.3333333 0.1428571 0.2777779 0.2142857 0.2777779 0.2142857 0.6666666 0.1428571 0.7222222 0.1428571 0.6666666 0.2142857 0.2222223 0.1428571 0.2777779 0.1428571 0.2222223 0.2142857 0.6666666 0.1428571 0.6111111 0.2142857 0.6111111 0.1428571 0.2222223 0.07142859 0.1666666 0.1428571 0.1666666 0.1428571 0.5555556 0.07142859 0.6111112 0.07142853 0.5555556 0.1428571 0.9444444 0.1071429 1 0.07142859 0.9444444 0.1428571 0.1666666 0.07142859 0.1111111 0.1428571 0.1111111 0.1428571 0.5 0.07142853 0.5555556 0.07142859 0.5 0.1428571 0.9444444 0.07142859 0.8888889 0.1428571 0.8888889 0.1428571 0.1111111 0.07142859 0.05555564 0.1428571 0.05555564 0.1428571 0.4444445 0.07142859 0.5 0.07142853 0.4444445 0.1428571 0.8888889 0.07142859 0.8333333 0.1428571 0.8333333 0.1071429 0 0.1428571 0.05555564 0.07142859 0.05555564 0.1428571 0.388889 0.07142853 0.4444445 0.07142859 0.3888889 0.1428571 0.7777777 0.07142859 0.8333333 0.07142859 0.7777777 0.1428571 0.3333333 0.07142859 0.3888889 0.07142859 0.3333333 0.1428571 0.7222222 0.07142859 0.7777777 0.07142859 0.7222222 0.1428571 0.2777779 0.07142859 0.3333333 0.07142859 0.2777778 0.1428571 0.6666666 0.07142859 0.7222222 0.07142859 0.6666666 0.1428571 0.2222223 0.07142859 0.2777778 0.07142859 0.2222223 0.1428571 0.6666666 0.07142859 0.6111112 0.1428571 0.6111111 0.07142859 0.1666666 0 0.2222222 0 0.1666666 0.07142853 0.5555556 0 0.6111112 0 0.5555556 0.07142859 0.9444444 0.03571438 1 0 0.9444444 0.07142859 0.1111111 0 0.1666666 0 0.1111111 0.07142859 0.5 0 0.5555556 0 0.5 0.07142859 0.8888889 0 0.9444444 0 0.888889 0.07142859 0.1111111 0 0.05555564 0.07142859 0.05555564 0.07142853 0.4444445 0 0.5 0 0.4444445 0.07142859 0.8888889 0 0.8333333 0.07142859 0.8333333 0.03571438 0 0.07142859 0.05555564 0 0.05555564 0.07142859 0.3888889 0 0.4444445 0 0.3888889 0.07142859 0.7777777 0 0.8333333 0 0.7777777 0.07142859 0.3888889 0 0.3333333 0.07142859 0.3333333 0.07142859 0.7777777 0 0.7222222 0.07142859 0.7222222 0.07142859 0.3333333 0 0.2777778 0.07142859 0.2777778 0.07142859 0.7222222 0 0.6666666 0.07142859 0.6666666 0.07142859 0.2222223 0 0.2777778 0 0.2222222 0.07142859 0.6666666 0 0.6111112 0.07142859 0.6111112 1 0.1666666 0.9285715 0.2222222 0.9285715 0.1666666 1 0.5555556 0.9285714 0.6111112 0.9285714 0.5555556 1 0.9444444 0.9642859 1 0.9285715 0.9444444 1 0.1111111 0.9285715 0.1666666 0.9285714 0.1111111 1 0.5 0.9285714 0.5555556 0.9285714 0.5 1 0.888889 0.9285715 0.9444444 0.9285715 0.888889 1 0.05555564 0.9285714 0.1111111 0.9285715 0.05555564 1 0.5 0.9285714 0.4444445 1 0.4444445 1 0.8333333 0.9285715 0.888889 0.9285714 0.8333334 0.9642859 0 1 0.05555564 0.9285715 0.05555564 1 0.4444445 0.9285714 0.3888889 1 0.3888889 1 0.8333333 0.9285715 0.7777778 1 0.7777777 1 0.3888889 0.9285715 0.3333333 1 0.3333333 1 0.7777777 0.9285714 0.7222222 1 0.7222222 1 0.3333333 0.9285714 0.2777778 1 0.2777778 1 0.7222222 0.9285715 0.6666666 1 0.6666666 1 0.2222222 0.9285714 0.2777778 0.9285715 0.2222222 1 0.6111112 0.9285715 0.6666666 0.9285714 0.6111112 0.9285715 0.1666666 0.8571429 0.2222222 0.8571428 0.1666666 0.9285714 0.6111112 0.8571428 0.5555556 0.9285714 0.5555556 0.9285715 0.9444444 0.8928573 1 0.8571429 0.9444445 0.9285714 0.1111111 0.8571428 0.1666666 0.8571428 0.1111111 0.9285714 0.5555556 0.8571428 0.5 0.9285714 0.5 0.9285715 0.888889 0.8571429 0.9444445 0.8571429 0.888889 0.9285715 0.05555564 0.8571428 0.1111111 0.8571429 0.05555564 0.9285714 0.5 0.8571428 0.4444444 0.9285714 0.4444445 0.9285714 0.8333334 0.8571429 0.888889 0.8571428 0.8333334 0.8928572 0 0.9285715 0.05555564 0.8571429 0.05555564 0.9285714 0.4444445 0.8571428 0.3888889 0.9285714 0.3888889 0.9285714 0.8333334 0.8571429 0.7777778 0.9285715 0.7777778 0.9285715 0.3333333 0.8571428 0.3888889 0.8571428 0.3333333 0.9285714 0.7222222 0.8571429 0.7777778 0.8571428 0.7222222 0.9285714 0.2777778 0.8571428 0.3333333 0.8571428 0.2777778 0.9285714 0.7222222 0.8571428 0.6666666 0.9285715 0.6666666 0.9285715 0.2222222 0.8571428 0.2777778 0.8571429 0.2222222 0.9285714 0.6111112 0.8571428 0.6666666 0.8571428 0.6111112 0.8571428 0.1666666 0.7857143 0.2222222 0.7857143 0.1666666 0.8571428 0.6111112 0.7857142 0.5555556 0.8571428 0.5555556 0.8571429 0.9444445 0.8214287 1 0.7857143 0.9444445 0.8571428 0.1111111 0.7857143 0.1666666 0.7857143 0.1111111 0.8571428 0.5555556 0.7857143 0.5 0.8571428 0.5 0.8571429 0.888889 0.7857143 0.9444445 0.7857143 0.888889 0.8571429 0.05555564 0.7857143 0.1111111 0.7857143 0.05555564 0.8571428 0.5 0.7857142 0.4444444 0.8571428 0.4444444 0.8571428 0.8333334 0.7857143 0.888889 0.7857143 0.8333334 0.8214286 0 0.8571429 0.05555564 0.7857143 0.05555564 0.8571428 0.4444444 0.7857143 0.3888889 0.8571428 0.3888889 0.8571428 0.8333334 0.7857143 0.7777778 0.8571429 0.7777778 0.8571428 0.3888889 0.7857143 0.3333333 0.8571428 0.3333333 0.8571429 0.7777778 0.7857143 0.7222222 0.8571428 0.7222222 0.8571428 0.3333333 0.7857143 0.2777778 0.8571428 0.2777778 0.8571428 0.7222222 0.7857143 0.6666666 0.8571428 0.6666666 0.8571429 0.2222222 0.7857143 0.2777778 0.7857143 0.2222222 0.8571428 0.6111112 0.7857143 0.6666666 0.7857143 0.6111112 0.7857143 0.1666666 0.7142857 0.2222222 0.7142857 0.1666666 0.7857143 0.6111112 0.7142856 0.5555556 0.7857142 0.5555556 0.7857143 0.9444445 0.7500001 1 0.7142857 0.9444445 0.7857143 0.1111111 0.7142857 0.1666666 0.7142857 0.1111111 0.7857143 0.5 0.7142856 0.5555556 0.7142857 0.5 0.7857143 0.888889 0.7142857 0.9444445 0.7142857 0.888889 0.7857143 0.05555564 0.7142857 0.1111111 0.7142857 0.05555564 0.7857143 0.5 0.7142857 0.4444445 0.7857142 0.4444444 0.7857143 0.8333334 0.7142857 0.888889 0.7142857 0.8333333 0.75 0 0.7857143 0.05555564 0.7142857 0.05555564 0.7857142 0.4444444 0.7142857 0.3888889 0.7857143 0.3888889 0.7857143 0.8333334 0.7142857 0.7777778 0.7857143 0.7777778 0.7857143 0.3333333 0.7142857 0.3888889 0.7142857 0.3333333 0.7857143 0.7777778 0.7142857 0.7222222 0.7857143 0.7222222 0.7857143 0.2777778 0.7142857 0.3333333 0.7142857 0.2777778 0.7857143 0.7222222 0.7142857 0.6666666 0.7857143 0.6666666 0.7857143 0.2222222 0.7142857 0.2777778 0.7142857 0.2222222 0.7857143 0.6111112 0.7142857 0.6666666 0.7142857 0.6111112 0.7142857 0.4444445 0.6428571 0.3888889 0.7142857 0.3888889 0.7142857 0.8333333 0.6428571 0.7777778 0.7142857 0.7777778 0.7142857 0.3888889 0.6428571 0.3333333 0.7142857 0.3333333 0.7142857 0.7222222 0.6428571 0.7777778 0.6428571 0.7222222 0.7142857 0.2777778 0.6428571 0.3333333 0.6428571 0.2777778 0.7142857 0.7222222 0.6428571 0.6666666 0.7142857 0.6666666 0.7142857 0.2222222 0.6428571 0.2777778 0.6428571 0.2222222 0.7142857 0.6111112 0.6428571 0.6666666 0.6428571 0.6111112 0.7142857 0.1666666 0.6428571 0.2222222 0.6428571 0.1666666 0.7142857 0.6111112 0.6428571 0.5555556 0.7142856 0.5555556 0.7142857 0.9444445 0.6785715 1 0.6428571 0.9444445 0.7142857 0.1111111 0.6428571 0.1666666 0.6428571 0.1111111 0.7142857 0.5 0.6428571 0.5555556 0.6428571 0.5 0.7142857 0.888889 0.6428571 0.9444445 0.6428571 0.8888889 0.7142857 0.05555564 0.6428571 0.1111111 0.6428571 0.05555564 0.7142857 0.5 0.6428571 0.4444445 0.7142857 0.4444445 0.7142857 0.8333333 0.6428571 0.8888889 0.6428571 0.8333333 0.6785714 0 0.7142857 0.05555564 0.6428571 0.05555564 0.6428571 0.2222222 0.5714285 0.1666666 0.6428571 0.1666666 0.6428571 0.5555556 0.5714285 0.6111112 0.5714285 0.5555556 0.6428571 0.9444445 0.6071428 1 0.5714285 0.9444445 0.6428571 0.1111111 0.5714285 0.1666666 0.5714285 0.1111111 0.6428571 0.5 0.5714285 0.5555556 0.5714286 0.5 0.6428571 0.8888889 0.5714285 0.9444445 0.5714285 0.8888889 0.6428571 0.05555564 0.5714285 0.1111111 0.5714285 0.05555564 0.6428571 0.5 0.5714285 0.4444445 0.6428571 0.4444445 0.6428571 0.8333333 0.5714285 0.8888889 0.5714285 0.8333333 0.6071428 0 0.6428571 0.05555564 0.5714285 0.05555564 0.6428571 0.4444445 0.5714285 0.3888889 0.6428571 0.3888889 0.6428571 0.8333333 0.5714285 0.7777778 0.6428571 0.7777778 0.6428571 0.3333333 0.5714285 0.3888889 0.5714285 0.3333333 0.6428571 0.7777778 0.5714285 0.7222222 0.6428571 0.7222222 0.6428571 0.2777778 0.5714285 0.3333333 0.5714285 0.2777778 0.6428571 0.7222222 0.5714286 0.6666666 0.6428571 0.6666666 0.6428571 0.2777778 0.5714285 0.2222222 0.6428571 0.2222222 0.6428571 0.6111112 0.5714286 0.6666666 0.5714285 0.6111112 0.5714285 0.2222222 0.5 0.1666666 0.5714285 0.1666666 0.5714285 0.6111112 0.5 0.5555556 0.5714285 0.5555556 0.5714285 0.9444445 0.5357142 1 0.4999999 0.9444445 0.5714285 0.1111111 0.5 0.1666666 0.5 0.1111111 0.5714285 0.5555556 0.5 0.5 0.5714286 0.5 0.5714285 0.9444445 0.5 0.8888889 0.5714285 0.8888889 0.5714285 0.05555564 0.5 0.1111111 0.5 0.05555564 0.5714285 0.4444445 0.5 0.5 0.5 0.4444445 0.5714285 0.8333333 0.5 0.8888889 0.5 0.8333333 0.5357142 0 0.5714285 0.05555564 0.5 0.05555564 0.5714285 0.4444445 0.5 0.3888889 0.5714285 0.3888889 0.5714285 0.7777778 0.5 0.8333333 0.5 0.7777778 0.5714285 0.3333333 0.5 0.3888889 0.5 0.3333333 0.5714285 0.7777778 0.5 0.7222222 0.5714285 0.7222222 0.5714285 0.2777778 0.5 0.3333333 0.5 0.2777778 0.5714285 0.7222222 0.5 0.6666666 0.5714286 0.6666666 0.5714285 0.2777778 0.5 0.2222223 0.5714285 0.2222222 0.5714286 0.6666666 0.5 0.6111112 0.5714285 0.6111112 0.5 0.2222223 0.4285714 0.1666666 0.5 0.1666666 0.5 0.6111112 0.4285714 0.5555556 0.5 0.5555556 0.4999999 0.9444445 0.4642856 1 0.4285714 0.9444444 0.5 0.1666666 0.4285714 0.1111111 0.5 0.1111111 0.5 0.5555556 0.4285714 0.5 0.5 0.5 0.4999999 0.9444445 0.4285714 0.8888889 0.5 0.8888889 0.5 0.1111111 0.4285714 0.05555564 0.5 0.05555564 0.5 0.5 0.4285714 0.4444445 0.5 0.4444445 0.5 0.8333333 0.4285714 0.8888889 0.4285714 0.8333333 0.4642856 0 0.5 0.05555564 0.4285714 0.05555564 0.5 0.3888889 0.4285714 0.4444445 0.4285714 0.388889 0.5 0.7777778 0.4285714 0.8333333 0.4285714 0.7777777 0.5 0.3333333 0.4285714 0.388889 0.4285714 0.3333333 0.5 0.7222222 0.4285714 0.7777777 0.4285714 0.7222222 0.5 0.2777778 0.4285714 0.3333333 0.4285714 0.2777778 0.5 0.7222222 0.4285714 0.6666666 0.5 0.6666666 0.5 0.2222223 0.4285714 0.2777778 0.4285714 0.2222223 0.5 0.6666666 0.4285714 0.6111111 0.5 0.6111112 0.4285714 0.2222223 0.3571428 0.1666666 0.4285714 0.1666666 0.4285714 0.5555556 0.3571429 0.6111111 0.3571428 0.5555556 0.4285714 0.9444444 0.392857 1 0.3571428 0.9444444 0.4285714 0.1666666 0.3571428 0.1111111 0.4285714 0.1111111 0.4285714 0.5555556 0.3571428 0.5 0.4285714 0.5 0.4285714 0.9444444 0.3571428 0.8888889 0.4285714 0.8888889 0.4285714 0.05555564 0.3571428 0.1111111 0.3571428 0.05555564 0.4285714 0.5 0.3571428 0.4444445 0.4285714 0.4444445 0.4285714 0.8888889 0.3571428 0.8333333 0.4285714 0.8333333 0.392857 0 0.4285714 0.05555564 0.3571428 0.05555564 0.4285714 0.4444445 0.3571429 0.388889 0.4285714 0.388889 0.4285714 0.8333333 0.3571429 0.7777777 0.4285714 0.7777777 0.4285714 0.3333333 0.3571429 0.388889 0.3571429 0.3333333 0.4285714 0.7777777 0.3571428 0.7222222 0.4285714 0.7222222 0.4285714 0.2777778 0.3571429 0.3333333 0.3571428 0.2777779 0.4285714 0.7222222 0.3571429 0.6666666 0.4285714 0.6666666 0.4285714 0.2222223 0.3571428 0.2777779 0.3571429 0.2222223 0.4285714 0.6666666 0.3571429 0.6111111 0.4285714 0.6111111 0.3571429 0.2222223 0.2857143 0.1666668 0.3571428 0.1666666 0.3571428 0.5555556 0.2857143 0.6111111 0.2857143 0.5555556 0.3571428 0.9444444 0.3214284 1 0.2857143 0.9444444 0.3571428 0.1666666 0.2857142 0.1111111 0.3571428 0.1111111 0.3571428 0.5 0.2857143 0.5555556 0.2857143 0.5 0.3571428 0.9444444 0.2857143 0.8888889 0.3571428 0.8888889 0.3571428 0.05555564 0.2857142 0.1111111 0.2857143 0.05555564 0.3571428 0.5 0.2857143 0.4444445 0.3571428 0.4444445 0.3571428 0.8888889 0.2857143 0.8333333 0.3571428 0.8333333 0.3214285 0 0.3571428 0.05555564 0.2857143 0.05555564 0.3571428 0.4444445 0.2857143 0.388889 0.3571429 0.388889 0.3571428 0.8333333 0.2857143 0.7777777 0.3571429 0.7777777 0.3571429 0.388889 0.2857143 0.3333333 0.3571429 0.3333333 0.3571429 0.7777777 0.2857143 0.7222222 0.3571428 0.7222222 0.3571429 0.3333333 0.2857143 0.2777779 0.3571428 0.2777779 0.3571429 0.6666666 0.2857143 0.7222222 0.2857143 0.6666666 0.3571428 0.2777779 0.2857143 0.2222223 0.3571429 0.2222223 0.3571429 0.6666666 0.2857143 0.6111111 0.3571429 0.6111111 0.2857143 0.2222223 0.2142857 0.1666668 0.2857143 0.1666668 0.2857143 0.6111111 0.2142857 0.5555556 0.2857143 0.5555556 0.2857143 0.9444444 0.2499999 1 0.2142857 0.9444444 0.2857143 0.1666668 0.2142857 0.1111111 0.2857142 0.1111111 0.2857143 0.5555556 0.2142857 0.5 0.2857143 0.5 0.2857143 0.9444444 0.2142857 0.8888889 0.2857143 0.8888889 0.2857142 0.1111111 0.2142857 0.05555564 0.2857143 0.05555564 0.2857143 0.5 0.2142857 0.4444445 0.2857143 0.4444445 0.2857143 0.8888889 0.2142857 0.8333333 0.2857143 0.8333333 0.25 0 0.2857143 0.05555564 0.2142857 0.05555564 0.2857143 0.4444445 0.2142857 0.388889 0.2857143 0.388889 0.2857143 0.7777777 0.2142857 0.8333333 0.2142857 0.7777777 0.2857143 0.3333333 0.2142857 0.388889 0.2142857 0.3333333 0.2857143 0.7222222 0.2142857 0.7777777 0.2142857 0.7222222 0.2857143 0.2777779 0.2142857 0.3333333 0.2142857 0.2777779 0.2857143 0.6666666 0.2142857 0.7222222 0.2142857 0.6666666 0.2857143 0.2777779 0.2142857 0.2222223 0.2857143 0.2222223 0.2857143 0.6666666 0.2142857 0.6111111 0.2857143 0.6111111 0.2142857 0.2222223 0.1428571 0.1666666 0.2142857 0.1666668 0.2142857 0.6111111 0.1428571 0.5555556 0.2142857 0.5555556 0.2142857 0.9444444 0.1785714 1 0.1428571 0.9444444 0.2142857 0.1666668 0.1428571 0.1111111 0.2142857 0.1111111 0.2142857 0.5555556 0.1428571 0.5 0.2142857 0.5 0.2142857 0.9444444 0.1428571 0.8888889 0.2142857 0.8888889 0.2142857 0.1111111 0.1428571 0.05555564 0.2142857 0.05555564 0.2142857 0.4444445 0.1428571 0.5 0.1428571 0.4444445 0.2142857 0.8888889 0.1428571 0.8333333 0.2142857 0.8333333 0.1785714 0 0.2142857 0.05555564 0.1428571 0.05555564 0.2142857 0.388889 0.1428571 0.4444445 0.1428571 0.388889 0.2142857 0.7777777 0.1428571 0.8333333 0.1428571 0.7777777 0.2142857 0.388889 0.1428571 0.3333333 0.2142857 0.3333333 0.2142857 0.7222222 0.1428571 0.7777777 0.1428571 0.7222222 0.2142857 0.3333333 0.1428571 0.2777779 0.2142857 0.2777779 0.2142857 0.6666666 0.1428571 0.7222222 0.1428571 0.6666666 0.2142857 0.2777779 0.1428571 0.2222223 0.2142857 0.2222223 0.2142857 0.6666666 0.1428571 0.6111111 0.2142857 0.6111111 0.1428571 0.2222223 0.07142859 0.1666666 0.1428571 0.1666666 0.1428571 0.6111111 0.07142853 0.5555556 0.1428571 0.5555556 0.1428571 0.9444444 0.1071429 1 0.07142859 0.9444444 0.1428571 0.1666666 0.07142859 0.1111111 0.1428571 0.1111111 0.1428571 0.5555556 0.07142859 0.5 0.1428571 0.5 0.1428571 0.8888889 0.07142859 0.9444444 0.07142859 0.8888889 0.1428571 0.1111111 0.07142859 0.05555564 0.1428571 0.05555564 0.1428571 0.5 0.07142853 0.4444445 0.1428571 0.4444445 0.1428571 0.8333333 0.07142859 0.8888889 0.07142859 0.8333333 0.1071429 0 0.1428571 0.05555564 0.07142859 0.05555564 0.1428571 0.4444445 0.07142859 0.3888889 0.1428571 0.388889 0.1428571 0.7777777 0.07142859 0.8333333 0.07142859 0.7777777 0.1428571 0.3333333 0.07142859 0.3888889 0.07142859 0.3333333 0.1428571 0.7222222 0.07142859 0.7777777 0.07142859 0.7222222 0.1428571 0.2777779 0.07142859 0.3333333 0.07142859 0.2777778 0.1428571 0.6666666 0.07142859 0.7222222 0.07142859 0.6666666 0.1428571 0.2777779 0.07142859 0.2222223 0.1428571 0.2222223 0.1428571 0.6666666 0.07142859 0.6111112 0.1428571 0.6111111 0.07142859 0.2222223 0 0.1666666 0.07142859 0.1666666 0.07142859 0.6111112 0 0.5555556 0.07142853 0.5555556 0.07142859 0.9444444 0.03571438 1 0 0.9444444 0.07142859 0.1666666 0 0.1111111 0.07142859 0.1111111 0.07142853 0.5555556 0 0.5 0.07142859 0.5 0.07142859 0.8888889 0 0.9444444 0 0.888889 0.07142859 0.1111111 0 0.05555564 0.07142859 0.05555564 0.07142859 0.5 0 0.4444445 0.07142853 0.4444445 0.07142859 0.8333333 0 0.888889 0 0.8333333 0.03571438 0 0.07142859 0.05555564 0 0.05555564 0.07142853 0.4444445 0 0.3888889 0.07142859 0.3888889 0.07142859 0.7777777 0 0.8333333 0 0.7777777 0.07142859 0.3888889 0 0.3333333 0.07142859 0.3333333 0.07142859 0.7222222 0 0.7777777 0 0.7222222 0.07142859 0.3333333 0 0.2777778 0.07142859 0.2777778 0.07142859 0.6666666 0 0.7222222 0 0.6666666 0.07142859 0.2777778 0 0.2222222 0.07142859 0.2222223 0.07142859 0.6666666 0 0.6111112 0.07142859 0.6111112 1 0.1666666 0.9285715 0.2222222 0.9285715 0.1666666 1 0.5555556 0.9285714 0.6111112 0.9285714 0.5555556 1 0.9444444 0.9642859 1 0.9285715 0.9444444 1 0.1111111 0.9285715 0.1666666 0.9285714 0.1111111 1 0.5 0.9285714 0.5555556 0.9285714 0.5 1 0.888889 0.9285715 0.9444444 0.9285715 0.888889 1 0.05555564 0.9285714 0.1111111 0.9285715 0.05555564 1 0.5 0.9285714 0.4444445 1 0.4444445 1 0.8333333 0.9285715 0.888889 0.9285714 0.8333334 0.9642859 0 1 0.05555564 0.9285715 0.05555564 1 0.4444445 0.9285714 0.3888889 1 0.3888889 1 0.8333333 0.9285715 0.7777778 1 0.7777777 1 0.3333333 0.9285714 0.3888889 0.9285715 0.3333333 1 0.7777777 0.9285714 0.7222222 1 0.7222222 1 0.2777778 0.9285715 0.3333333 0.9285714 0.2777778 1 0.7222222 0.9285715 0.6666666 1 0.6666666 1 0.2222222 0.9285714 0.2777778 0.9285715 0.2222222 1 0.6111112 0.9285715 0.6666666 0.9285714 0.6111112 0.9285715 0.1666666 0.8571429 0.2222222 0.8571428 0.1666666 0.9285714 0.5555556 0.8571428 0.6111112 0.8571428 0.5555556 0.9285715 0.9444444 0.8928573 1 0.8571429 0.9444445 0.9285714 0.1111111 0.8571428 0.1666666 0.8571428 0.1111111 0.9285714 0.5 0.8571428 0.5555556 0.8571428 0.5 0.9285715 0.888889 0.8571429 0.9444445 0.8571429 0.888889 0.9285715 0.05555564 0.8571428 0.1111111 0.8571429 0.05555564 0.9285714 0.4444445 0.8571428 0.5 0.8571428 0.4444444 0.9285714 0.8333334 0.8571429 0.888889 0.8571428 0.8333334 0.8928572 0 0.9285715 0.05555564 0.8571429 0.05555564 0.9285714 0.3888889 0.8571428 0.4444444 0.8571428 0.3888889 0.9285714 0.8333334 0.8571429 0.7777778 0.9285715 0.7777778 0.9285715 0.3333333 0.8571428 0.3888889 0.8571428 0.3333333 0.9285715 0.7777778 0.8571428 0.7222222 0.9285714 0.7222222 0.9285714 0.2777778 0.8571428 0.3333333 0.8571428 0.2777778 0.9285714 0.7222222 0.8571428 0.6666666 0.9285715 0.6666666 0.9285715 0.2222222 0.8571428 0.2777778 0.8571429 0.2222222 0.9285714 0.6111112 0.8571428 0.6666666 0.8571428 0.6111112 0.8571428 0.1666666 0.7857143 0.2222222 0.7857143 0.1666666 0.8571428 0.5555556 0.7857143 0.6111112 0.7857142 0.5555556 0.8571429 0.9444445 0.8214287 1 0.7857143 0.9444445 0.8571428 0.1111111 0.7857143 0.1666666 0.7857143 0.1111111 0.8571428 0.5 0.7857142 0.5555556 0.7857143 0.5 0.8571429 0.888889 0.7857143 0.9444445 0.7857143 0.888889 0.8571429 0.05555564 0.7857143 0.1111111 0.7857143 0.05555564 0.8571428 0.4444444 0.7857143 0.5 0.7857142 0.4444444 0.8571428 0.8333334 0.7857143 0.888889 0.7857143 0.8333334 0.8214286 0 0.8571429 0.05555564 0.7857143 0.05555564 0.8571428 0.3888889 0.7857142 0.4444444 0.7857143 0.3888889 0.8571428 0.8333334 0.7857143 0.7777778 0.8571429 0.7777778 0.8571428 0.3333333 0.7857143 0.3888889 0.7857143 0.3333333 0.8571429 0.7777778 0.7857143 0.7222222 0.8571428 0.7222222 0.8571428 0.3333333 0.7857143 0.2777778 0.8571428 0.2777778 0.8571428 0.7222222 0.7857143 0.6666666 0.8571428 0.6666666 0.8571429 0.2222222 0.7857143 0.2777778 0.7857143 0.2222222 0.8571428 0.6111112 0.7857143 0.6666666 0.7857143 0.6111112 0.7857143 0.1666666 0.7142857 0.2222222 0.7142857 0.1666666 0.7857142 0.5555556 0.7142857 0.6111112 0.7142856 0.5555556 0.7857143 0.9444445 0.7500001 1 0.7142857 0.9444445 0.7857143 0.1111111 0.7142857 0.1666666 0.7142857 0.1111111 0.7857143 0.5 0.7142856 0.5555556 0.7142857 0.5 0.7857143 0.888889 0.7142857 0.9444445 0.7142857 0.888889 0.7857143 0.05555564 0.7142857 0.1111111 0.7142857 0.05555564 0.7857142 0.4444444 0.7142857 0.5 0.7142857 0.4444445 0.7857143 0.8333334 0.7142857 0.888889 0.7142857 0.8333333 0.75 0 0.7857143 0.05555564 0.7142857 0.05555564 0.7857143 0.3888889 0.7142857 0.4444445 0.7142857 0.3888889 0.7857143 0.8333334 0.7142857 0.7777778 0.7857143 0.7777778 0.7857143 0.3333333 0.7142857 0.3888889 0.7142857 0.3333333 0.7857143 0.7777778 0.7142857 0.7222222 0.7857143 0.7222222 0.7857143 0.2777778 0.7142857 0.3333333 0.7142857 0.2777778 0.7857143 0.7222222 0.7142857 0.6666666 0.7857143 0.6666666 0.7857143 0.2222222 0.7142857 0.2777778 0.7142857 0.2222222 0.7857143 0.6111112 0.7142857 0.6666666 0.7142857 0.6111112 0.7142857 0.3888889 0.6428571 0.4444445 0.6428571 0.3888889 0.7142857 0.8333333 0.6428571 0.7777778 0.7142857 0.7777778 0.7142857 0.3333333 0.6428571 0.3888889 0.6428571 0.3333333 0.7142857 0.7777778 0.6428571 0.7222222 0.7142857 0.7222222 0.7142857 0.2777778 0.6428571 0.3333333 0.6428571 0.2777778 0.7142857 0.7222222 0.6428571 0.6666666 0.7142857 0.6666666 0.7142857 0.2222222 0.6428571 0.2777778 0.6428571 0.2222222 0.7142857 0.6111112 0.6428571 0.6666666 0.6428571 0.6111112 0.7142857 0.1666666 0.6428571 0.2222222 0.6428571 0.1666666 0.7142856 0.5555556 0.6428571 0.6111112 0.6428571 0.5555556 0.7142857 0.9444445 0.6785715 1 0.6428571 0.9444445 0.7142857 0.1111111 0.6428571 0.1666666 0.6428571 0.1111111 0.7142857 0.5 0.6428571 0.5555556 0.6428571 0.5 0.7142857 0.888889 0.6428571 0.9444445 0.6428571 0.8888889 0.7142857 0.05555564 0.6428571 0.1111111 0.6428571 0.05555564 0.7142857 0.4444445 0.6428571 0.5 0.6428571 0.4444445 0.7142857 0.888889 0.6428571 0.8333333 0.7142857 0.8333333 0.6785714 0 0.7142857 0.05555564 0.6428571 0.05555564 0.6428571 0.1666666 0.5714285 0.2222222 0.5714285 0.1666666 0.6428571 0.5555556 0.5714285 0.6111112 0.5714285 0.5555556 0.6428571 0.9444445 0.6071428 1 0.5714285 0.9444445 0.6428571 0.1111111 0.5714285 0.1666666 0.5714285 0.1111111 0.6428571 0.5 0.5714285 0.5555556 0.5714286 0.5 0.6428571 0.9444445 0.5714285 0.8888889 0.6428571 0.8888889 0.6428571 0.05555564 0.5714285 0.1111111 0.5714285 0.05555564 0.6428571 0.4444445 0.5714286 0.5 0.5714285 0.4444445 0.6428571 0.8888889 0.5714285 0.8333333 0.6428571 0.8333333 0.6071428 0 0.6428571 0.05555564 0.5714285 0.05555564 0.6428571 0.3888889 0.5714285 0.4444445 0.5714285 0.3888889 0.6428571 0.8333333 0.5714285 0.7777778 0.6428571 0.7777778 0.6428571 0.3333333 0.5714285 0.3888889 0.5714285 0.3333333 0.6428571 0.7777778 0.5714285 0.7222222 0.6428571 0.7222222 0.6428571 0.2777778 0.5714285 0.3333333 0.5714285 0.2777778 0.6428571 0.7222222 0.5714286 0.6666666 0.6428571 0.6666666 0.6428571 0.2222222 0.5714285 0.2777778 0.5714285 0.2222222 0.6428571 0.6111112 0.5714286 0.6666666 0.5714285 0.6111112 0.5714285 0.1666666 0.5 0.2222223 0.5 0.1666666 0.5714285 0.5555556 0.5 0.6111112 0.5 0.5555556 0.5714285 0.9444445 0.5357142 1 0.4999999 0.9444445 0.5714285 0.1111111 0.5 0.1666666 0.5 0.1111111 0.5714286 0.5 0.5 0.5555556 0.5 0.5 0.5714285 0.9444445 0.5 0.8888889 0.5714285 0.8888889 0.5714285 0.05555564 0.5 0.1111111 0.5 0.05555564 0.5714285 0.4444445 0.5 0.5 0.5 0.4444445 0.5714285 0.8888889 0.5 0.8333333 0.5714285 0.8333333 0.5357142 0 0.5714285 0.05555564 0.5 0.05555564 0.5714285 0.3888889 0.5 0.4444445 0.5 0.3888889 0.5714285 0.8333333 0.5 0.7777778 0.5714285 0.7777778 0.5714285 0.3333333 0.5 0.3888889 0.5 0.3333333 0.5714285 0.7777778 0.5 0.7222222 0.5714285 0.7222222 0.5714285 0.2777778 0.5 0.3333333 0.5 0.2777778 0.5714285 0.7222222 0.5 0.6666666 0.5714286 0.6666666 0.5714285 0.2222222 0.5 0.2777778 0.5 0.2222223 0.5714285 0.6111112 0.5 0.6666666 0.5 0.6111112 0.5 0.2222223 0.4285714 0.1666666 0.5 0.1666666 0.5 0.5555556 0.4285714 0.6111111 0.4285714 0.5555556 0.4999999 0.9444445 0.4642856 1 0.4285714 0.9444444 0.5 0.1666666 0.4285714 0.1111111 0.5 0.1111111 0.5 0.5 0.4285714 0.5555556 0.4285714 0.5 0.4999999 0.9444445 0.4285714 0.8888889 0.5 0.8888889 0.5 0.1111111 0.4285714 0.05555564 0.5 0.05555564 0.5 0.4444445 0.4285714 0.5 0.4285714 0.4444445 0.5 0.8333333 0.4285714 0.8888889 0.4285714 0.8333333 0.4642856 0 0.5 0.05555564 0.4285714 0.05555564 0.5 0.3888889 0.4285714 0.4444445 0.4285714 0.388889 0.5 0.8333333 0.4285714 0.7777777 0.5 0.7777778 0.5 0.3888889 0.4285714 0.3333333 0.5 0.3333333 0.5 0.7777778 0.4285714 0.7222222 0.5 0.7222222 0.5 0.3333333 0.4285714 0.2777778 0.5 0.2777778 0.5 0.7222222 0.4285714 0.6666666 0.5 0.6666666 0.5 0.2777778 0.4285714 0.2222223 0.5 0.2222223 0.5 0.6111112 0.4285714 0.6666666 0.4285714 0.6111111 0.4285714 0.2222223 0.3571428 0.1666666 0.4285714 0.1666666 0.4285714 0.6111111 0.3571428 0.5555556 0.4285714 0.5555556 0.4285714 0.9444444 0.392857 1 0.3571428 0.9444444 0.4285714 0.1666666 0.3571428 0.1111111 0.4285714 0.1111111 0.4285714 0.5555556 0.3571428 0.5 0.4285714 0.5 0.4285714 0.9444444 0.3571428 0.8888889 0.4285714 0.8888889 0.4285714 0.1111111 0.3571428 0.05555564 0.4285714 0.05555564 0.4285714 0.5 0.3571428 0.4444445 0.4285714 0.4444445 0.4285714 0.8333333 0.3571428 0.8888889 0.3571428 0.8333333 0.392857 0 0.4285714 0.05555564 0.3571428 0.05555564 0.4285714 0.4444445 0.3571429 0.388889 0.4285714 0.388889 0.4285714 0.7777777 0.3571428 0.8333333 0.3571429 0.7777777 0.4285714 0.388889 0.3571429 0.3333333 0.4285714 0.3333333 0.4285714 0.7222222 0.3571429 0.7777777 0.3571428 0.7222222 0.4285714 0.3333333 0.3571428 0.2777779 0.4285714 0.2777778 0.4285714 0.6666666 0.3571428 0.7222222 0.3571429 0.6666666 0.4285714 0.2777778 0.3571429 0.2222223 0.4285714 0.2222223 0.4285714 0.6666666 0.3571429 0.6111111 0.4285714 0.6111111 0.3571429 0.2222223 0.2857143 0.1666668 0.3571428 0.1666666 0.3571429 0.6111111 0.2857143 0.5555556 0.3571428 0.5555556 0.3571428 0.9444444 0.3214284 1 0.2857143 0.9444444 0.3571428 0.1666666 0.2857142 0.1111111 0.3571428 0.1111111 0.3571428 0.5555556 0.2857143 0.5 0.3571428 0.5 0.3571428 0.9444444 0.2857143 0.8888889 0.3571428 0.8888889 0.3571428 0.1111111 0.2857143 0.05555564 0.3571428 0.05555564 0.3571428 0.5 0.2857143 0.4444445 0.3571428 0.4444445 0.3571428 0.8333333 0.2857143 0.8888889 0.2857143 0.8333333 0.3214285 0 0.3571428 0.05555564 0.2857143 0.05555564 0.3571428 0.4444445 0.2857143 0.388889 0.3571429 0.388889 0.3571429 0.7777777 0.2857143 0.8333333 0.2857143 0.7777777 0.3571429 0.388889 0.2857143 0.3333333 0.3571429 0.3333333 0.3571428 0.7222222 0.2857143 0.7777777 0.2857143 0.7222222 0.3571429 0.3333333 0.2857143 0.2777779 0.3571428 0.2777779 0.3571429 0.6666666 0.2857143 0.7222222 0.2857143 0.6666666 0.3571428 0.2777779 0.2857143 0.2222223 0.3571429 0.2222223 0.3571429 0.6666666 0.2857143 0.6111111 0.3571429 0.6111111 0.2857143 0.2222223 0.2142857 0.1666668 0.2857143 0.1666668 0.2857143 0.6111111 0.2142857 0.5555556 0.2857143 0.5555556 0.2857143 0.9444444 0.2499999 1 0.2142857 0.9444444 0.2857143 0.1666668 0.2142857 0.1111111 0.2857142 0.1111111 0.2857143 0.5555556 0.2142857 0.5 0.2857143 0.5 0.2857143 0.9444444 0.2142857 0.8888889 0.2857143 0.8888889 0.2857142 0.1111111 0.2142857 0.05555564 0.2857143 0.05555564 0.2857143 0.5 0.2142857 0.4444445 0.2857143 0.4444445 0.2857143 0.8333333 0.2142857 0.8888889 0.2142857 0.8333333 0.25 0 0.2857143 0.05555564 0.2142857 0.05555564 0.2857143 0.4444445 0.2142857 0.388889 0.2857143 0.388889 0.2857143 0.7777777 0.2142857 0.8333333 0.2142857 0.7777777 0.2857143 0.388889 0.2142857 0.3333333 0.2857143 0.3333333 0.2857143 0.7222222 0.2142857 0.7777777 0.2142857 0.7222222 0.2857143 0.3333333 0.2142857 0.2777779 0.2857143 0.2777779 0.2857143 0.7222222 0.2142857 0.6666666 0.2857143 0.6666666 0.2857143 0.2777779 0.2142857 0.2222223 0.2857143 0.2222223 0.2857143 0.6666666 0.2142857 0.6111111 0.2857143 0.6111111 0.2142857 0.2222223 0.1428571 0.1666666 0.2142857 0.1666668 0.2142857 0.5555556 0.1428571 0.6111111 0.1428571 0.5555556 0.2142857 0.9444444 0.1785714 1 0.1428571 0.9444444 0.2142857 0.1666668 0.1428571 0.1111111 0.2142857 0.1111111 0.2142857 0.5 0.1428571 0.5555556 0.1428571 0.5 0.2142857 0.9444444 0.1428571 0.8888889 0.2142857 0.8888889 0.2142857 0.1111111 0.1428571 0.05555564 0.2142857 0.05555564 0.2142857 0.4444445 0.1428571 0.5 0.1428571 0.4444445 0.2142857 0.8888889 0.1428571 0.8333333 0.2142857 0.8333333 0.1785714 0 0.2142857 0.05555564 0.1428571 0.05555564 0.2142857 0.388889 0.1428571 0.4444445 0.1428571 0.388889 0.2142857 0.8333333 0.1428571 0.7777777 0.2142857 0.7777777 0.2142857 0.3333333 0.1428571 0.388889 0.1428571 0.3333333 0.2142857 0.7777777 0.1428571 0.7222222 0.2142857 0.7222222 0.2142857 0.2777779 0.1428571 0.3333333 0.1428571 0.2777779 0.2142857 0.7222222 0.1428571 0.6666666 0.2142857 0.6666666 0.2142857 0.2222223 0.1428571 0.2777779 0.1428571 0.2222223 0.2142857 0.6666666 0.1428571 0.6111111 0.2142857 0.6111111 0.1428571 0.1666666 0.07142859 0.2222223 0.07142859 0.1666666 0.1428571 0.5555556 0.07142859 0.6111112 0.07142853 0.5555556 0.1428571 0.9444444 0.1071429 1 0.07142859 0.9444444 0.1428571 0.1666666 0.07142859 0.1111111 0.1428571 0.1111111 0.1428571 0.5 0.07142853 0.5555556 0.07142859 0.5 0.1428571 0.9444444 0.07142859 0.8888889 0.1428571 0.8888889 0.1428571 0.1111111 0.07142859 0.05555564 0.1428571 0.05555564 0.1428571 0.4444445 0.07142859 0.5 0.07142853 0.4444445 0.1428571 0.8888889 0.07142859 0.8333333 0.1428571 0.8333333 0.1071429 0 0.1428571 0.05555564 0.07142859 0.05555564 0.1428571 0.388889 0.07142853 0.4444445 0.07142859 0.3888889 0.1428571 0.8333333 0.07142859 0.7777777 0.1428571 0.7777777 0.1428571 0.3333333 0.07142859 0.3888889 0.07142859 0.3333333 0.1428571 0.7777777 0.07142859 0.7222222 0.1428571 0.7222222 0.1428571 0.2777779 0.07142859 0.3333333 0.07142859 0.2777778 0.1428571 0.7222222 0.07142859 0.6666666 0.1428571 0.6666666 0.1428571 0.2222223 0.07142859 0.2777778 0.07142859 0.2222223 0.1428571 0.6666666 0.07142859 0.6111112 0.1428571 0.6111111 0.07142859 0.1666666 0 0.2222222 0 0.1666666 0.07142853 0.5555556 0 0.6111112 0 0.5555556 0.07142859 0.9444444 0.03571438 1 0 0.9444444 0.07142859 0.1111111 0 0.1666666 0 0.1111111 0.07142859 0.5 0 0.5555556 0 0.5 0.07142859 0.8888889 0 0.9444444 0 0.888889 0.07142859 0.05555564 0 0.1111111 0 0.05555564 0.07142853 0.4444445 0 0.5 0 0.4444445 0.07142859 0.8888889 0 0.8333333 0.07142859 0.8333333 0.03571438 0 0.07142859 0.05555564 0 0.05555564 0.07142859 0.3888889 0 0.4444445 0 0.3888889 0.07142859 0.8333333 0 0.7777777 0.07142859 0.7777777 0.07142859 0.3333333 0 0.3888889 0 0.3333333 0.07142859 0.7777777 0 0.7222222 0.07142859 0.7222222 0.07142859 0.2777778 0 0.3333333 0 0.2777778 0.07142859 0.7222222 0 0.6666666 0.07142859 0.6666666 0.07142859 0.2222223 0 0.2777778 0 0.2222222 0.07142859 0.6666666 0 0.6111112 0.07142859 0.6111112 1 0.1666666 0.9285715 0.2222222 0.9285715 0.1666666 1 0.5555556 0.9285714 0.6111112 0.9285714 0.5555556 1 0.9444444 0.9642859 1 0.9285715 0.9444444 1 0.1111111 0.9285715 0.1666666 0.9285714 0.1111111 1 0.5555556 0.9285714 0.5 1 0.5 1 0.888889 0.9285715 0.9444444 0.9285715 0.888889 1 0.05555564 0.9285714 0.1111111 0.9285715 0.05555564 1 0.5 0.9285714 0.4444445 1 0.4444445 1 0.8333333 0.9285715 0.888889 0.9285714 0.8333334 0.9642859 0 1 0.05555564 0.9285715 0.05555564 1 0.4444445 0.9285714 0.3888889 1 0.3888889 1 0.7777777 0.9285714 0.8333334 0.9285715 0.7777778 1 0.3333333 0.9285714 0.3888889 0.9285715 0.3333333 1 0.7222222 0.9285715 0.7777778 0.9285714 0.7222222 1 0.2777778 0.9285715 0.3333333 0.9285714 0.2777778 1 0.6666666 0.9285714 0.7222222 0.9285715 0.6666666 1 0.2222222 0.9285714 0.2777778 0.9285715 0.2222222 1 0.6111112 0.9285715 0.6666666 0.9285714 0.6111112 0.9285715 0.1666666 0.8571429 0.2222222 0.8571428 0.1666666 0.9285714 0.6111112 0.8571428 0.5555556 0.9285714 0.5555556 0.9285715 0.9444444 0.8928573 1 0.8571429 0.9444445 0.9285714 0.1111111 0.8571428 0.1666666 0.8571428 0.1111111 0.9285714 0.5555556 0.8571428 0.5 0.9285714 0.5 0.9285715 0.888889 0.8571429 0.9444445 0.8571429 0.888889 0.9285715 0.05555564 0.8571428 0.1111111 0.8571429 0.05555564 0.9285714 0.5 0.8571428 0.4444444 0.9285714 0.4444445 0.9285714 0.8333334 0.8571429 0.888889 0.8571428 0.8333334 0.8928572 0 0.9285715 0.05555564 0.8571429 0.05555564 0.9285714 0.4444445 0.8571428 0.3888889 0.9285714 0.3888889 0.9285715 0.7777778 0.8571428 0.8333334 0.8571429 0.7777778 0.9285714 0.3888889 0.8571428 0.3333333 0.9285715 0.3333333 0.9285714 0.7222222 0.8571429 0.7777778 0.8571428 0.7222222 0.9285714 0.2777778 0.8571428 0.3333333 0.8571428 0.2777778 0.9285715 0.6666666 0.8571428 0.7222222 0.8571428 0.6666666 0.9285715 0.2222222 0.8571428 0.2777778 0.8571429 0.2222222 0.9285714 0.6111112 0.8571428 0.6666666 0.8571428 0.6111112 0.8571428 0.1666666 0.7857143 0.2222222 0.7857143 0.1666666 0.8571428 0.6111112 0.7857142 0.5555556 0.8571428 0.5555556 0.8571429 0.9444445 0.8214287 1 0.7857143 0.9444445 0.8571428 0.1111111 0.7857143 0.1666666 0.7857143 0.1111111 0.8571428 0.5555556 0.7857143 0.5 0.8571428 0.5 0.8571429 0.888889 0.7857143 0.9444445 0.7857143 0.888889 0.8571429 0.05555564 0.7857143 0.1111111 0.7857143 0.05555564 0.8571428 0.5 0.7857142 0.4444444 0.8571428 0.4444444 0.8571428 0.8333334 0.7857143 0.888889 0.7857143 0.8333334 0.8214286 0 0.8571429 0.05555564 0.7857143 0.05555564 0.8571428 0.4444444 0.7857143 0.3888889 0.8571428 0.3888889 0.8571429 0.7777778 0.7857143 0.8333334 0.7857143 0.7777778 0.8571428 0.3888889 0.7857143 0.3333333 0.8571428 0.3333333 0.8571428 0.7222222 0.7857143 0.7777778 0.7857143 0.7222222 0.8571428 0.2777778 0.7857143 0.3333333 0.7857143 0.2777778 0.8571428 0.6666666 0.7857143 0.7222222 0.7857143 0.6666666 0.8571429 0.2222222 0.7857143 0.2777778 0.7857143 0.2222222 0.8571428 0.6111112 0.7857143 0.6666666 0.7857143 0.6111112 0.7857143 0.1666666 0.7142857 0.2222222 0.7142857 0.1666666 0.7857143 0.6111112 0.7142856 0.5555556 0.7857142 0.5555556 0.7857143 0.9444445 0.7500001 1 0.7142857 0.9444445 0.7857143 0.1111111 0.7142857 0.1666666 0.7142857 0.1111111 0.7857142 0.5555556 0.7142857 0.5 0.7857143 0.5 0.7857143 0.888889 0.7142857 0.9444445 0.7142857 0.888889 0.7857143 0.05555564 0.7142857 0.1111111 0.7142857 0.05555564 0.7857143 0.5 0.7142857 0.4444445 0.7857142 0.4444444 0.7857143 0.8333334 0.7142857 0.888889 0.7142857 0.8333333 0.75 0 0.7857143 0.05555564 0.7142857 0.05555564 0.7857142 0.4444444 0.7142857 0.3888889 0.7857143 0.3888889 0.7857143 0.7777778 0.7142857 0.8333333 0.7142857 0.7777778 0.7857143 0.3333333 0.7142857 0.3888889 0.7142857 0.3333333 0.7857143 0.7222222 0.7142857 0.7777778 0.7142857 0.7222222 0.7857143 0.2777778 0.7142857 0.3333333 0.7142857 0.2777778 0.7857143 0.6666666 0.7142857 0.7222222 0.7142857 0.6666666 0.7857143 0.2222222 0.7142857 0.2777778 0.7142857 0.2222222 0.7857143 0.6111112 0.7142857 0.6666666 0.7142857 0.6111112 0.7142857 0.3888889 0.6428571 0.4444445 0.6428571 0.3888889 0.7142857 0.8333333 0.6428571 0.7777778 0.7142857 0.7777778 0.7142857 0.3333333 0.6428571 0.3888889 0.6428571 0.3333333 0.7142857 0.7777778 0.6428571 0.7222222 0.7142857 0.7222222 0.7142857 0.2777778 0.6428571 0.3333333 0.6428571 0.2777778 0.7142857 0.7222222 0.6428571 0.6666666 0.7142857 0.6666666 0.7142857 0.2222222 0.6428571 0.2777778 0.6428571 0.2222222 0.7142857 0.6111112 0.6428571 0.6666666 0.6428571 0.6111112 0.7142857 0.1666666 0.6428571 0.2222222 0.6428571 0.1666666 0.7142856 0.5555556 0.6428571 0.6111112 0.6428571 0.5555556 0.7142857 0.9444445 0.6785715 1 0.6428571 0.9444445 0.7142857 0.1111111 0.6428571 0.1666666 0.6428571 0.1111111 0.7142857 0.5 0.6428571 0.5555556 0.6428571 0.5 0.7142857 0.9444445 0.6428571 0.8888889 0.7142857 0.888889 0.7142857 0.05555564 0.6428571 0.1111111 0.6428571 0.05555564 0.7142857 0.4444445 0.6428571 0.5 0.6428571 0.4444445 0.7142857 0.888889 0.6428571 0.8333333 0.7142857 0.8333333 0.6785714 0 0.7142857 0.05555564 0.6428571 0.05555564 0.6428571 0.1666666 0.5714285 0.2222222 0.5714285 0.1666666 0.6428571 0.5555556 0.5714285 0.6111112 0.5714285 0.5555556 0.6428571 0.9444445 0.6071428 1 0.5714285 0.9444445 0.6428571 0.1111111 0.5714285 0.1666666 0.5714285 0.1111111 0.6428571 0.5 0.5714285 0.5555556 0.5714286 0.5 0.6428571 0.9444445 0.5714285 0.8888889 0.6428571 0.8888889 0.6428571 0.05555564 0.5714285 0.1111111 0.5714285 0.05555564 0.6428571 0.4444445 0.5714286 0.5 0.5714285 0.4444445 0.6428571 0.8888889 0.5714285 0.8333333 0.6428571 0.8333333 0.6071428 0 0.6428571 0.05555564 0.5714285 0.05555564 0.6428571 0.3888889 0.5714285 0.4444445 0.5714285 0.3888889 0.6428571 0.8333333 0.5714285 0.7777778 0.6428571 0.7777778 0.6428571 0.3333333 0.5714285 0.3888889 0.5714285 0.3333333 0.6428571 0.7777778 0.5714285 0.7222222 0.6428571 0.7222222 0.6428571 0.2777778 0.5714285 0.3333333 0.5714285 0.2777778 0.6428571 0.7222222 0.5714286 0.6666666 0.6428571 0.6666666 0.6428571 0.2222222 0.5714285 0.2777778 0.5714285 0.2222222 0.6428571 0.6111112 0.5714286 0.6666666 0.5714285 0.6111112 0.5714285 0.1666666 0.5 0.2222223 0.5 0.1666666 0.5714285 0.5555556 0.5 0.6111112 0.5 0.5555556 0.5714285 0.9444445 0.5357142 1 0.4999999 0.9444445 0.5714285 0.1111111 0.5 0.1666666 0.5 0.1111111 0.5714286 0.5 0.5 0.5555556 0.5 0.5 0.5714285 0.9444445 0.5 0.8888889 0.5714285 0.8888889 0.5714285 0.05555564 0.5 0.1111111 0.5 0.05555564 0.5714285 0.4444445 0.5 0.5 0.5 0.4444445 0.5714285 0.8888889 0.5 0.8333333 0.5714285 0.8333333 0.5357142 0 0.5714285 0.05555564 0.5 0.05555564 0.5714285 0.3888889 0.5 0.4444445 0.5 0.3888889 0.5714285 0.8333333 0.5 0.7777778 0.5714285 0.7777778 0.5714285 0.3333333 0.5 0.3888889 0.5 0.3333333 0.5714285 0.7777778 0.5 0.7222222 0.5714285 0.7222222 0.5714285 0.2777778 0.5 0.3333333 0.5 0.2777778 0.5714285 0.7222222 0.5 0.6666666 0.5714286 0.6666666 0.5714285 0.2222222 0.5 0.2777778 0.5 0.2222223 0.5714285 0.6111112 0.5 0.6666666 0.5 0.6111112 0.5 0.2222223 0.4285714 0.1666666 0.5 0.1666666 0.5 0.5555556 0.4285714 0.6111111 0.4285714 0.5555556 0.4999999 0.9444445 0.4642856 1 0.4285714 0.9444444 0.5 0.1666666 0.4285714 0.1111111 0.5 0.1111111 0.5 0.5 0.4285714 0.5555556 0.4285714 0.5 0.4999999 0.9444445 0.4285714 0.8888889 0.5 0.8888889 0.5 0.1111111 0.4285714 0.05555564 0.5 0.05555564 0.5 0.4444445 0.4285714 0.5 0.4285714 0.4444445 0.5 0.8888889 0.4285714 0.8333333 0.5 0.8333333 0.4642856 0 0.5 0.05555564 0.4285714 0.05555564 0.5 0.3888889 0.4285714 0.4444445 0.4285714 0.388889 0.5 0.8333333 0.4285714 0.7777777 0.5 0.7777778 0.5 0.3888889 0.4285714 0.3333333 0.5 0.3333333 0.5 0.7777778 0.4285714 0.7222222 0.5 0.7222222 0.5 0.3333333 0.4285714 0.2777778 0.5 0.2777778 0.5 0.6666666 0.4285714 0.7222222 0.4285714 0.6666666 0.5 0.2777778 0.4285714 0.2222223 0.5 0.2222223 0.5 0.6111112 0.4285714 0.6666666 0.4285714 0.6111111 0.4285714 0.2222223 0.3571428 0.1666666 0.4285714 0.1666666 0.4285714 0.6111111 0.3571428 0.5555556 0.4285714 0.5555556 0.4285714 0.9444444 0.392857 1 0.3571428 0.9444444 0.4285714 0.1666666 0.3571428 0.1111111 0.4285714 0.1111111 0.4285714 0.5555556 0.3571428 0.5 0.4285714 0.5 0.4285714 0.9444444 0.3571428 0.8888889 0.4285714 0.8888889 0.4285714 0.1111111 0.3571428 0.05555564 0.4285714 0.05555564 0.4285714 0.5 0.3571428 0.4444445 0.4285714 0.4444445 0.4285714 0.8333333 0.3571428 0.8888889 0.3571428 0.8333333 0.392857 0 0.4285714 0.05555564 0.3571428 0.05555564 0.4285714 0.4444445 0.3571429 0.388889 0.4285714 0.388889 0.4285714 0.7777777 0.3571428 0.8333333 0.3571429 0.7777777 0.4285714 0.388889 0.3571429 0.3333333 0.4285714 0.3333333 0.4285714 0.7222222 0.3571429 0.7777777 0.3571428 0.7222222 0.4285714 0.3333333 0.3571428 0.2777779 0.4285714 0.2777778 0.4285714 0.6666666 0.3571428 0.7222222 0.3571429 0.6666666 0.4285714 0.2777778 0.3571429 0.2222223 0.4285714 0.2222223 0.4285714 0.6666666 0.3571429 0.6111111 0.4285714 0.6111111 0.3571429 0.2222223 0.2857143 0.1666668 0.3571428 0.1666666 0.3571429 0.6111111 0.2857143 0.5555556 0.3571428 0.5555556 0.3571428 0.9444444 0.3214284 1 0.2857143 0.9444444 0.3571428 0.1666666 0.2857142 0.1111111 0.3571428 0.1111111 0.3571428 0.5555556 0.2857143 0.5 0.3571428 0.5 0.3571428 0.8888889 0.2857143 0.9444444 0.2857143 0.8888889 0.3571428 0.1111111 0.2857143 0.05555564 0.3571428 0.05555564 0.3571428 0.5 0.2857143 0.4444445 0.3571428 0.4444445 0.3571428 0.8333333 0.2857143 0.8888889 0.2857143 0.8333333 0.3214285 0 0.3571428 0.05555564 0.2857143 0.05555564 0.3571428 0.4444445 0.2857143 0.388889 0.3571429 0.388889 0.3571429 0.7777777 0.2857143 0.8333333 0.2857143 0.7777777 0.3571429 0.388889 0.2857143 0.3333333 0.3571429 0.3333333 0.3571428 0.7222222 0.2857143 0.7777777 0.2857143 0.7222222 0.3571429 0.3333333 0.2857143 0.2777779 0.3571428 0.2777779 0.3571429 0.6666666 0.2857143 0.7222222 0.2857143 0.6666666 0.3571428 0.2777779 0.2857143 0.2222223 0.3571429 0.2222223 0.3571429 0.6666666 0.2857143 0.6111111 0.3571429 0.6111111 0.2857143 0.2222223 0.2142857 0.1666668 0.2857143 0.1666668 0.2857143 0.6111111 0.2142857 0.5555556 0.2857143 0.5555556 0.2857143 0.9444444 0.2499999 1 0.2142857 0.9444444 0.2857143 0.1666668 0.2142857 0.1111111 0.2857142 0.1111111 0.2857143 0.5555556 0.2142857 0.5 0.2857143 0.5 0.2857143 0.9444444 0.2142857 0.8888889 0.2857143 0.8888889 0.2857142 0.1111111 0.2142857 0.05555564 0.2857143 0.05555564 0.2857143 0.5 0.2142857 0.4444445 0.2857143 0.4444445 0.2857143 0.8333333 0.2142857 0.8888889 0.2142857 0.8333333 0.25 0 0.2857143 0.05555564 0.2142857 0.05555564 0.2857143 0.4444445 0.2142857 0.388889 0.2857143 0.388889 0.2857143 0.7777777 0.2142857 0.8333333 0.2142857 0.7777777 0.2857143 0.388889 0.2142857 0.3333333 0.2857143 0.3333333 0.2857143 0.7222222 0.2142857 0.7777777 0.2142857 0.7222222 0.2857143 0.3333333 0.2142857 0.2777779 0.2857143 0.2777779 0.2857143 0.7222222 0.2142857 0.6666666 0.2857143 0.6666666 0.2857143 0.2777779 0.2142857 0.2222223 0.2857143 0.2222223 0.2857143 0.6666666 0.2142857 0.6111111 0.2857143 0.6111111 0.2142857 0.2222223 0.1428571 0.1666666 0.2142857 0.1666668 0.2142857 0.5555556 0.1428571 0.6111111 0.1428571 0.5555556 0.2142857 0.9444444 0.1785714 1 0.1428571 0.9444444 0.2142857 0.1666668 0.1428571 0.1111111 0.2142857 0.1111111 0.2142857 0.5 0.1428571 0.5555556 0.1428571 0.5 0.2142857 0.9444444 0.1428571 0.8888889 0.2142857 0.8888889 0.2142857 0.1111111 0.1428571 0.05555564 0.2142857 0.05555564 0.2142857 0.4444445 0.1428571 0.5 0.1428571 0.4444445 0.2142857 0.8888889 0.1428571 0.8333333 0.2142857 0.8333333 0.1785714 0 0.2142857 0.05555564 0.1428571 0.05555564 0.2142857 0.388889 0.1428571 0.4444445 0.1428571 0.388889 0.2142857 0.8333333 0.1428571 0.7777777 0.2142857 0.7777777 0.2142857 0.3333333 0.1428571 0.388889 0.1428571 0.3333333 0.2142857 0.7777777 0.1428571 0.7222222 0.2142857 0.7222222 0.2142857 0.2777779 0.1428571 0.3333333 0.1428571 0.2777779 0.2142857 0.7222222 0.1428571 0.6666666 0.2142857 0.6666666 0.2142857 0.2222223 0.1428571 0.2777779 0.1428571 0.2222223 0.2142857 0.6666666 0.1428571 0.6111111 0.2142857 0.6111111 0.1428571 0.1666666 0.07142859 0.2222223 0.07142859 0.1666666 0.1428571 0.5555556 0.07142859 0.6111112 0.07142853 0.5555556 0.1428571 0.9444444 0.1071429 1 0.07142859 0.9444444 0.1428571 0.1111111 0.07142859 0.1666666 0.07142859 0.1111111 0.1428571 0.5 0.07142853 0.5555556 0.07142859 0.5 0.1428571 0.9444444 0.07142859 0.8888889 0.1428571 0.8888889 0.1428571 0.1111111 0.07142859 0.05555564 0.1428571 0.05555564 0.1428571 0.4444445 0.07142859 0.5 0.07142853 0.4444445 0.1428571 0.8888889 0.07142859 0.8333333 0.1428571 0.8333333 0.1071429 0 0.1428571 0.05555564 0.07142859 0.05555564 0.1428571 0.388889 0.07142853 0.4444445 0.07142859 0.3888889 0.1428571 0.8333333 0.07142859 0.7777777 0.1428571 0.7777777 0.1428571 0.3333333 0.07142859 0.3888889 0.07142859 0.3333333 0.1428571 0.7777777 0.07142859 0.7222222 0.1428571 0.7222222 0.1428571 0.2777779 0.07142859 0.3333333 0.07142859 0.2777778 0.1428571 0.7222222 0.07142859 0.6666666 0.1428571 0.6666666 0.1428571 0.2222223 0.07142859 0.2777778 0.07142859 0.2222223 0.1428571 0.6666666 0.07142859 0.6111112 0.1428571 0.6111111 0.07142859 0.1666666 0 0.2222222 0 0.1666666 0.07142853 0.5555556 0 0.6111112 0 0.5555556 0.07142859 0.9444444 0.03571438 1 0 0.9444444 0.07142859 0.1111111 0 0.1666666 0 0.1111111 0.07142859 0.5 0 0.5555556 0 0.5 0.07142859 0.9444444 0 0.888889 0.07142859 0.8888889 0.07142859 0.05555564 0 0.1111111 0 0.05555564 0.07142853 0.4444445 0 0.5 0 0.4444445 0.07142859 0.8888889 0 0.8333333 0.07142859 0.8333333 0.03571438 0 0.07142859 0.05555564 0 0.05555564 0.07142859 0.3888889 0 0.4444445 0 0.3888889 0.07142859 0.8333333 0 0.7777777 0.07142859 0.7777777 0.07142859 0.3333333 0 0.3888889 0 0.3333333 0.07142859 0.7777777 0 0.7222222 0.07142859 0.7222222 0.07142859 0.2777778 0 0.3333333 0 0.2777778 0.07142859 0.7222222 0 0.6666666 0.07142859 0.6666666 0.07142859 0.2222223 0 0.2777778 0 0.2222222 0.07142859 0.6666666 0 0.6111112 0.07142859 0.6111112 1 0.1666666 0.9285715 0.2222222 0.9285715 0.1666666 1 0.5555556 0.9285714 0.6111112 0.9285714 0.5555556 1 0.9444444 0.9642859 1 0.9285715 0.9444444 1 0.1111111 0.9285715 0.1666666 0.9285714 0.1111111 1 0.5555556 0.9285714 0.5 1 0.5 1 0.888889 0.9285715 0.9444444 0.9285715 0.888889 1 0.05555564 0.9285714 0.1111111 0.9285715 0.05555564 1 0.5 0.9285714 0.4444445 1 0.4444445 1 0.8333333 0.9285715 0.888889 0.9285714 0.8333334 0.9642859 0 1 0.05555564 0.9285715 0.05555564 1 0.4444445 0.9285714 0.3888889 1 0.3888889 1 0.7777777 0.9285714 0.8333334 0.9285715 0.7777778 1 0.3333333 0.9285714 0.3888889 0.9285715 0.3333333 1 0.7222222 0.9285715 0.7777778 0.9285714 0.7222222 1 0.2777778 0.9285715 0.3333333 0.9285714 0.2777778 1 0.6666666 0.9285714 0.7222222 0.9285715 0.6666666 1 0.2222222 0.9285714 0.2777778 0.9285715 0.2222222 1 0.6111112 0.9285715 0.6666666 0.9285714 0.6111112 0.9285715 0.1666666 0.8571429 0.2222222 0.8571428 0.1666666 0.9285714 0.6111112 0.8571428 0.5555556 0.9285714 0.5555556 0.9285715 0.9444444 0.8928573 1 0.8571429 0.9444445 0.9285714 0.1111111 0.8571428 0.1666666 0.8571428 0.1111111 0.9285714 0.5555556 0.8571428 0.5 0.9285714 0.5 0.9285715 0.888889 0.8571429 0.9444445 0.8571429 0.888889 0.9285714 0.1111111 0.8571429 0.05555564 0.9285715 0.05555564 0.9285714 0.5 0.8571428 0.4444444 0.9285714 0.4444445 0.9285714 0.8333334 0.8571429 0.888889 0.8571428 0.8333334 0.8928572 0 0.9285715 0.05555564 0.8571429 0.05555564 0.9285714 0.4444445 0.8571428 0.3888889 0.9285714 0.3888889 0.9285715 0.7777778 0.8571428 0.8333334 0.8571429 0.7777778 0.9285714 0.3888889 0.8571428 0.3333333 0.9285715 0.3333333 0.9285714 0.7222222 0.8571429 0.7777778 0.8571428 0.7222222 0.9285715 0.3333333 0.8571428 0.2777778 0.9285714 0.2777778 0.9285715 0.6666666 0.8571428 0.7222222 0.8571428 0.6666666 0.9285715 0.2222222 0.8571428 0.2777778 0.8571429 0.2222222 0.9285714 0.6111112 0.8571428 0.6666666 0.8571428 0.6111112 0.8571428 0.1666666 0.7857143 0.2222222 0.7857143 0.1666666 0.8571428 0.6111112 0.7857142 0.5555556 0.8571428 0.5555556 0.8571429 0.9444445 0.8214287 1 0.7857143 0.9444445 0.8571428 0.1111111 0.7857143 0.1666666 0.7857143 0.1111111 0.8571428 0.5555556 0.7857143 0.5 0.8571428 0.5 0.8571429 0.888889 0.7857143 0.9444445 0.7857143 0.888889 0.8571429 0.05555564 0.7857143 0.1111111 0.7857143 0.05555564 0.8571428 0.5 0.7857142 0.4444444 0.8571428 0.4444444 0.8571428 0.8333334 0.7857143 0.888889 0.7857143 0.8333334 0.8214286 0 0.8571429 0.05555564 0.7857143 0.05555564 0.8571428 0.4444444 0.7857143 0.3888889 0.8571428 0.3888889 0.8571429 0.7777778 0.7857143 0.8333334 0.7857143 0.7777778 0.8571428 0.3888889 0.7857143 0.3333333 0.8571428 0.3333333 0.8571428 0.7222222 0.7857143 0.7777778 0.7857143 0.7222222 0.8571428 0.3333333 0.7857143 0.2777778 0.8571428 0.2777778 0.8571428 0.6666666 0.7857143 0.7222222 0.7857143 0.6666666 0.8571429 0.2222222 0.7857143 0.2777778 0.7857143 0.2222222 0.8571428 0.6111112 0.7857143 0.6666666 0.7857143 0.6111112 0.7857143 0.1666666 0.7142857 0.2222222 0.7142857 0.1666666 0.7857143 0.6111112 0.7142856 0.5555556 0.7857142 0.5555556 0.7857143 0.9444445 0.7500001 1 0.7142857 0.9444445 0.7857143 0.1111111 0.7142857 0.1666666 0.7142857 0.1111111 0.7857142 0.5555556 0.7142857 0.5 0.7857143 0.5 0.7857143 0.888889 0.7142857 0.9444445 0.7142857 0.888889 0.7857143 0.05555564 0.7142857 0.1111111 0.7142857 0.05555564 0.7857143 0.5 0.7142857 0.4444445 0.7857142 0.4444444 0.7857143 0.8333334 0.7142857 0.888889 0.7142857 0.8333333 0.75 0 0.7857143 0.05555564 0.7142857 0.05555564 0.7857142 0.4444444 0.7142857 0.3888889 0.7857143 0.3888889 0.7857143 0.7777778 0.7142857 0.8333333 0.7142857 0.7777778 0.7857143 0.3888889 0.7142857 0.3333333 0.7857143 0.3333333 0.7857143 0.7222222 0.7142857 0.7777778 0.7142857 0.7222222 0.7857143 0.3333333 0.7142857 0.2777778 0.7857143 0.2777778 0.7857143 0.6666666 0.7142857 0.7222222 0.7142857 0.6666666 0.7857143 0.2777778 0.7142857 0.2222222 0.7857143 0.2222222 0.7857143 0.6111112 0.7142857 0.6666666 0.7142857 0.6111112 0.7142857 0.3888889 0.6428571 0.4444445 0.6428571 0.3888889 0.7142857 0.8333333 0.6428571 0.7777778 0.7142857 0.7777778 0.7142857 0.3333333 0.6428571 0.3888889 0.6428571 0.3333333 0.7142857 0.7777778 0.6428571 0.7222222 0.7142857 0.7222222 0.7142857 0.2777778 0.6428571 0.3333333 0.6428571 0.2777778 0.7142857 0.7222222 0.6428571 0.6666666 0.7142857 0.6666666 0.7142857 0.2222222 0.6428571 0.2777778 0.6428571 0.2222222 0.7142857 0.6111112 0.6428571 0.6666666 0.6428571 0.6111112 0.7142857 0.1666666 0.6428571 0.2222222 0.6428571 0.1666666 0.7142856 0.5555556 0.6428571 0.6111112 0.6428571 0.5555556 0.7142857 0.9444445 0.6785715 1 0.6428571 0.9444445 0.7142857 0.1111111 0.6428571 0.1666666 0.6428571 0.1111111 0.7142857 0.5 0.6428571 0.5555556 0.6428571 0.5 0.7142857 0.888889 0.6428571 0.9444445 0.6428571 0.8888889 0.7142857 0.05555564 0.6428571 0.1111111 0.6428571 0.05555564 0.7142857 0.4444445 0.6428571 0.5 0.6428571 0.4444445 0.7142857 0.888889 0.6428571 0.8333333 0.7142857 0.8333333 0.6785714 0 0.7142857 0.05555564 0.6428571 0.05555564 0.6428571 0.1666666 0.5714285 0.2222222 0.5714285 0.1666666 0.6428571 0.5555556 0.5714285 0.6111112 0.5714285 0.5555556 0.6428571 0.9444445 0.6071428 1 0.5714285 0.9444445 0.6428571 0.1111111 0.5714285 0.1666666 0.5714285 0.1111111 0.6428571 0.5 0.5714285 0.5555556 0.5714286 0.5 0.6428571 0.9444445 0.5714285 0.8888889 0.6428571 0.8888889 0.6428571 0.05555564 0.5714285 0.1111111 0.5714285 0.05555564 0.6428571 0.4444445 0.5714286 0.5 0.5714285 0.4444445 0.6428571 0.8888889 0.5714285 0.8333333 0.6428571 0.8333333 0.6071428 0 0.6428571 0.05555564 0.5714285 0.05555564 0.6428571 0.3888889 0.5714285 0.4444445 0.5714285 0.3888889 0.6428571 0.8333333 0.5714285 0.7777778 0.6428571 0.7777778 0.6428571 0.3333333 0.5714285 0.3888889 0.5714285 0.3333333 0.6428571 0.7777778 0.5714285 0.7222222 0.6428571 0.7222222 0.6428571 0.2777778 0.5714285 0.3333333 0.5714285 0.2777778 0.6428571 0.7222222 0.5714286 0.6666666 0.6428571 0.6666666 0.6428571 0.2222222 0.5714285 0.2777778 0.5714285 0.2222222 0.6428571 0.6111112 0.5714286 0.6666666 0.5714285 0.6111112 0.5714285 0.1666666 0.5 0.2222223 0.5 0.1666666 0.5714285 0.5555556 0.5 0.6111112 0.5 0.5555556 0.5714285 0.9444445 0.5357142 1 0.4999999 0.9444445 0.5714285 0.1111111 0.5 0.1666666 0.5 0.1111111 0.5714286 0.5 0.5 0.5555556 0.5 0.5 0.5714285 0.9444445 0.5 0.8888889 0.5714285 0.8888889 0.5714285 0.05555564 0.5 0.1111111 0.5 0.05555564 0.5714285 0.4444445 0.5 0.5 0.5 0.4444445 0.5714285 0.8888889 0.5 0.8333333 0.5714285 0.8333333 0.5357142 0 0.5714285 0.05555564 0.5 0.05555564 0.5714285 0.3888889 0.5 0.4444445 0.5 0.3888889 0.5714285 0.8333333 0.5 0.7777778 0.5714285 0.7777778 0.5714285 0.3333333 0.5 0.3888889 0.5 0.3333333 0.5714285 0.7777778 0.5 0.7222222 0.5714285 0.7222222 0.5714285 0.2777778 0.5 0.3333333 0.5 0.2777778 0.5714285 0.7222222 0.5 0.6666666 0.5714286 0.6666666 0.5714285 0.2222222 0.5 0.2777778 0.5 0.2222223 0.5714285 0.6111112 0.5 0.6666666 0.5 0.6111112 0.5 0.2222223 0.4285714 0.1666666 0.5 0.1666666 0.5 0.5555556 0.4285714 0.6111111 0.4285714 0.5555556 0.4999999 0.9444445 0.4642856 1 0.4285714 0.9444444 0.5 0.1666666 0.4285714 0.1111111 0.5 0.1111111 0.5 0.5 0.4285714 0.5555556 0.4285714 0.5 0.4999999 0.9444445 0.4285714 0.8888889 0.5 0.8888889 0.5 0.1111111 0.4285714 0.05555564 0.5 0.05555564 0.5 0.4444445 0.4285714 0.5 0.4285714 0.4444445 0.5 0.8888889 0.4285714 0.8333333 0.5 0.8333333 0.4642856 0 0.5 0.05555564 0.4285714 0.05555564 0.5 0.3888889 0.4285714 0.4444445 0.4285714 0.388889 0.5 0.8333333 0.4285714 0.7777777 0.5 0.7777778 0.5 0.3888889 0.4285714 0.3333333 0.5 0.3333333 0.5 0.7777778 0.4285714 0.7222222 0.5 0.7222222 0.5 0.3333333 0.4285714 0.2777778 0.5 0.2777778 0.5 0.6666666 0.4285714 0.7222222 0.4285714 0.6666666 0.5 0.2777778 0.4285714 0.2222223 0.5 0.2222223 0.5 0.6111112 0.4285714 0.6666666 0.4285714 0.6111111 0.4285714 0.2222223 0.3571428 0.1666666 0.4285714 0.1666666 0.4285714 0.6111111 0.3571428 0.5555556 0.4285714 0.5555556 0.4285714 0.9444444 0.392857 1 0.3571428 0.9444444 0.4285714 0.1666666 0.3571428 0.1111111 0.4285714 0.1111111 0.4285714 0.5555556 0.3571428 0.5 0.4285714 0.5 0.4285714 0.9444444 0.3571428 0.8888889 0.4285714 0.8888889 0.4285714 0.1111111 0.3571428 0.05555564 0.4285714 0.05555564 0.4285714 0.5 0.3571428 0.4444445 0.4285714 0.4444445 0.4285714 0.8333333 0.3571428 0.8888889 0.3571428 0.8333333 0.392857 0 0.4285714 0.05555564 0.3571428 0.05555564 0.4285714 0.4444445 0.3571429 0.388889 0.4285714 0.388889 0.4285714 0.7777777 0.3571428 0.8333333 0.3571429 0.7777777 0.4285714 0.388889 0.3571429 0.3333333 0.4285714 0.3333333 0.4285714 0.7222222 0.3571429 0.7777777 0.3571428 0.7222222 0.4285714 0.3333333 0.3571428 0.2777779 0.4285714 0.2777778 0.4285714 0.6666666 0.3571428 0.7222222 0.3571429 0.6666666 0.4285714 0.2777778 0.3571429 0.2222223 0.4285714 0.2222223 0.4285714 0.6666666 0.3571429 0.6111111 0.4285714 0.6111111 0.3571429 0.2222223 0.2857143 0.1666668 0.3571428 0.1666666 0.3571429 0.6111111 0.2857143 0.5555556 0.3571428 0.5555556 0.3571428 0.9444444 0.3214284 1 0.2857143 0.9444444 0.3571428 0.1666666 0.2857142 0.1111111 0.3571428 0.1111111 0.3571428 0.5555556 0.2857143 0.5 0.3571428 0.5 0.3571428 0.9444444 0.2857143 0.8888889 0.3571428 0.8888889 0.3571428 0.1111111 0.2857143 0.05555564 0.3571428 0.05555564 0.3571428 0.5 0.2857143 0.4444445 0.3571428 0.4444445 0.3571428 0.8333333 0.2857143 0.8888889 0.2857143 0.8333333 0.3214285 0 0.3571428 0.05555564 0.2857143 0.05555564 0.3571428 0.4444445 0.2857143 0.388889 0.3571429 0.388889 0.3571429 0.7777777 0.2857143 0.8333333 0.2857143 0.7777777 0.3571429 0.388889 0.2857143 0.3333333 0.3571429 0.3333333 0.3571428 0.7222222 0.2857143 0.7777777 0.2857143 0.7222222 0.3571429 0.3333333 0.2857143 0.2777779 0.3571428 0.2777779 0.3571428 0.7222222 0.2857143 0.6666666 0.3571429 0.6666666 0.3571428 0.2777779 0.2857143 0.2222223 0.3571429 0.2222223 0.3571429 0.6666666 0.2857143 0.6111111 0.3571429 0.6111111 0.2857143 0.2222223 0.2142857 0.1666668 0.2857143 0.1666668 0.2857143 0.6111111 0.2142857 0.5555556 0.2857143 0.5555556 0.2857143 0.9444444 0.2499999 1 0.2142857 0.9444444 0.2857143 0.1666668 0.2142857 0.1111111 0.2857142 0.1111111 0.2857143 0.5555556 0.2142857 0.5 0.2857143 0.5 0.2857143 0.9444444 0.2142857 0.8888889 0.2857143 0.8888889 0.2857142 0.1111111 0.2142857 0.05555564 0.2857143 0.05555564 0.2857143 0.5 0.2142857 0.4444445 0.2857143 0.4444445 0.2857143 0.8333333 0.2142857 0.8888889 0.2142857 0.8333333 0.25 0 0.2857143 0.05555564 0.2142857 0.05555564 0.2857143 0.4444445 0.2142857 0.388889 0.2857143 0.388889 0.2857143 0.7777777 0.2142857 0.8333333 0.2142857 0.7777777 0.2857143 0.388889 0.2142857 0.3333333 0.2857143 0.3333333 0.2857143 0.7222222 0.2142857 0.7777777 0.2142857 0.7222222 0.2857143 0.3333333 0.2142857 0.2777779 0.2857143 0.2777779 0.2857143 0.7222222 0.2142857 0.6666666 0.2857143 0.6666666 0.2857143 0.2777779 0.2142857 0.2222223 0.2857143 0.2222223 0.2857143 0.6666666 0.2142857 0.6111111 0.2857143 0.6111111 0.2142857 0.2222223 0.1428571 0.1666666 0.2142857 0.1666668 0.2142857 0.5555556 0.1428571 0.6111111 0.1428571 0.5555556 0.2142857 0.9444444 0.1785714 1 0.1428571 0.9444444 0.2142857 0.1666668 0.1428571 0.1111111 0.2142857 0.1111111 0.2142857 0.5 0.1428571 0.5555556 0.1428571 0.5 0.2142857 0.9444444 0.1428571 0.8888889 0.2142857 0.8888889 0.2142857 0.1111111 0.1428571 0.05555564 0.2142857 0.05555564 0.2142857 0.4444445 0.1428571 0.5 0.1428571 0.4444445 0.2142857 0.8888889 0.1428571 0.8333333 0.2142857 0.8333333 0.1785714 0 0.2142857 0.05555564 0.1428571 0.05555564 0.2142857 0.388889 0.1428571 0.4444445 0.1428571 0.388889 0.2142857 0.8333333 0.1428571 0.7777777 0.2142857 0.7777777 0.2142857 0.3333333 0.1428571 0.388889 0.1428571 0.3333333 0.2142857 0.7777777 0.1428571 0.7222222 0.2142857 0.7222222 0.2142857 0.2777779 0.1428571 0.3333333 0.1428571 0.2777779 0.2142857 0.7222222 0.1428571 0.6666666 0.2142857 0.6666666 0.2142857 0.2222223 0.1428571 0.2777779 0.1428571 0.2222223 0.2142857 0.6666666 0.1428571 0.6111111 0.2142857 0.6111111 0.1428571 0.1666666 0.07142859 0.2222223 0.07142859 0.1666666 0.1428571 0.5555556 0.07142859 0.6111112 0.07142853 0.5555556 0.1428571 0.9444444 0.1071429 1 0.07142859 0.9444444 0.1428571 0.1666666 0.07142859 0.1111111 0.1428571 0.1111111 0.1428571 0.5 0.07142853 0.5555556 0.07142859 0.5 0.1428571 0.9444444 0.07142859 0.8888889 0.1428571 0.8888889 0.1428571 0.1111111 0.07142859 0.05555564 0.1428571 0.05555564 0.1428571 0.4444445 0.07142859 0.5 0.07142853 0.4444445 0.1428571 0.8888889 0.07142859 0.8333333 0.1428571 0.8333333 0.1071429 0 0.1428571 0.05555564 0.07142859 0.05555564 0.1428571 0.388889 0.07142853 0.4444445 0.07142859 0.3888889 0.1428571 0.8333333 0.07142859 0.7777777 0.1428571 0.7777777 0.1428571 0.3333333 0.07142859 0.3888889 0.07142859 0.3333333 0.1428571 0.7777777 0.07142859 0.7222222 0.1428571 0.7222222 0.1428571 0.2777779 0.07142859 0.3333333 0.07142859 0.2777778 0.1428571 0.7222222 0.07142859 0.6666666 0.1428571 0.6666666 0.1428571 0.2222223 0.07142859 0.2777778 0.07142859 0.2222223 0.1428571 0.6666666 0.07142859 0.6111112 0.1428571 0.6111111 0.07142859 0.1666666 0 0.2222222 0 0.1666666 0.07142853 0.5555556 0 0.6111112 0 0.5555556 0.07142859 0.9444444 0.03571438 1 0 0.9444444 0.07142859 0.1111111 0 0.1666666 0 0.1111111 0.07142859 0.5 0 0.5555556 0 0.5 0.07142859 0.8888889 0 0.9444444 0 0.888889 0.07142859 0.05555564 0 0.1111111 0 0.05555564 0.07142853 0.4444445 0 0.5 0 0.4444445 0.07142859 0.8888889 0 0.8333333 0.07142859 0.8333333 0.03571438 0 0.07142859 0.05555564 0 0.05555564 0.07142859 0.3888889 0 0.4444445 0 0.3888889 0.07142859 0.8333333 0 0.7777777 0.07142859 0.7777777 0.07142859 0.3333333 0 0.3888889 0 0.3333333 0.07142859 0.7777777 0 0.7222222 0.07142859 0.7222222 0.07142859 0.2777778 0 0.3333333 0 0.2777778 0.07142859 0.7222222 0 0.6666666 0.07142859 0.6666666 0.07142859 0.2222223 0 0.2777778 0 0.2222222 0.07142859 0.6666666 0 0.6111112 0.07142859 0.6111112 1 0.1666666 0.9285715 0.2222222 0.9285715 0.1666666 1 0.5555556 0.9285714 0.6111112 0.9285714 0.5555556 1 0.9444444 0.9642859 1 0.9285715 0.9444444 1 0.1111111 0.9285715 0.1666666 0.9285714 0.1111111 1 0.5555556 0.9285714 0.5 1 0.5 1 0.888889 0.9285715 0.9444444 0.9285715 0.888889 1 0.05555564 0.9285714 0.1111111 0.9285715 0.05555564 1 0.5 0.9285714 0.4444445 1 0.4444445 1 0.888889 0.9285714 0.8333334 1 0.8333333 0.9642859 0 1 0.05555564 0.9285715 0.05555564 1 0.4444445 0.9285714 0.3888889 1 0.3888889 1 0.7777777 0.9285714 0.8333334 0.9285715 0.7777778 1 0.3333333 0.9285714 0.3888889 0.9285715 0.3333333 1 0.7222222 0.9285715 0.7777778 0.9285714 0.7222222 1 0.2777778 0.9285715 0.3333333 0.9285714 0.2777778 1 0.6666666 0.9285714 0.7222222 0.9285715 0.6666666 1 0.2222222 0.9285714 0.2777778 0.9285715 0.2222222 1 0.6111112 0.9285715 0.6666666 0.9285714 0.6111112 0.9285715 0.1666666 0.8571429 0.2222222 0.8571428 0.1666666 0.9285714 0.6111112 0.8571428 0.5555556 0.9285714 0.5555556 0.9285715 0.9444444 0.8928573 1 0.8571429 0.9444445 0.9285714 0.1111111 0.8571428 0.1666666 0.8571428 0.1111111 0.9285714 0.5555556 0.8571428 0.5 0.9285714 0.5 0.9285715 0.888889 0.8571429 0.9444445 0.8571429 0.888889 0.9285715 0.05555564 0.8571428 0.1111111 0.8571429 0.05555564 0.9285714 0.5 0.8571428 0.4444444 0.9285714 0.4444445 0.9285714 0.8333334 0.8571429 0.888889 0.8571428 0.8333334 0.8928572 0 0.9285715 0.05555564 0.8571429 0.05555564 0.9285714 0.4444445 0.8571428 0.3888889 0.9285714 0.3888889 0.9285715 0.7777778 0.8571428 0.8333334 0.8571429 0.7777778 0.9285714 0.3888889 0.8571428 0.3333333 0.9285715 0.3333333 0.9285714 0.7222222 0.8571429 0.7777778 0.8571428 0.7222222 0.9285714 0.2777778 0.8571428 0.3333333 0.8571428 0.2777778 0.9285715 0.6666666 0.8571428 0.7222222 0.8571428 0.6666666 0.9285715 0.2222222 0.8571428 0.2777778 0.8571429 0.2222222 0.9285714 0.6111112 0.8571428 0.6666666 0.8571428 0.6111112 0.8571428 0.1666666 0.7857143 0.2222222 0.7857143 0.1666666 0.8571428 0.6111112 0.7857142 0.5555556 0.8571428 0.5555556 0.8571429 0.9444445 0.8214287 1 0.7857143 0.9444445 0.8571428 0.1111111 0.7857143 0.1666666 0.7857143 0.1111111 0.8571428 0.5555556 0.7857143 0.5 0.8571428 0.5 0.8571429 0.888889 0.7857143 0.9444445 0.7857143 0.888889 0.8571429 0.05555564 0.7857143 0.1111111 0.7857143 0.05555564 0.8571428 0.5 0.7857142 0.4444444 0.8571428 0.4444444 0.8571428 0.8333334 0.7857143 0.888889 0.7857143 0.8333334 0.8214286 0 0.8571429 0.05555564 0.7857143 0.05555564 0.8571428 0.4444444 0.7857143 0.3888889 0.8571428 0.3888889 0.8571429 0.7777778 0.7857143 0.8333334 0.7857143 0.7777778 0.8571428 0.3333333 0.7857143 0.3888889 0.7857143 0.3333333 0.8571428 0.7222222 0.7857143 0.7777778 0.7857143 0.7222222 0.8571428 0.2777778 0.7857143 0.3333333 0.7857143 0.2777778 0.8571428 0.6666666 0.7857143 0.7222222 0.7857143 0.6666666 0.8571429 0.2222222 0.7857143 0.2777778 0.7857143 0.2222222 0.8571428 0.6111112 0.7857143 0.6666666 0.7857143 0.6111112 0.7857143 0.1666666 0.7142857 0.2222222 0.7142857 0.1666666 0.7857143 0.6111112 0.7142856 0.5555556 0.7857142 0.5555556 0.7857143 0.9444445 0.7500001 1 0.7142857 0.9444445 0.7857143 0.1111111 0.7142857 0.1666666 0.7142857 0.1111111 0.7857142 0.5555556 0.7142857 0.5 0.7857143 0.5 0.7857143 0.888889 0.7142857 0.9444445 0.7142857 0.888889 0.7857143 0.05555564 0.7142857 0.1111111 0.7142857 0.05555564 0.7857143 0.5 0.7142857 0.4444445 0.7857142 0.4444444 0.7857143 0.8333334 0.7142857 0.888889 0.7142857 0.8333333 0.75 0 0.7857143 0.05555564 0.7142857 0.05555564 0.7857143 0.3888889 0.7142857 0.4444445 0.7142857 0.3888889 0.7857143 0.7777778 0.7142857 0.8333333 0.7142857 0.7777778 0.7857143 0.3333333 0.7142857 0.3888889 0.7142857 0.3333333 0.7857143 0.7222222 0.7142857 0.7777778 0.7142857 0.7222222 0.7857143 0.2777778 0.7142857 0.3333333 0.7142857 0.2777778 0.7857143 0.6666666 0.7142857 0.7222222 0.7142857 0.6666666 0.7857143 0.2222222 0.7142857 0.2777778 0.7142857 0.2222222 0.7857143 0.6111112 0.7142857 0.6666666 0.7142857 0.6111112 0.7142857 0.4444445 0.6428571 0.3888889 0.7142857 0.3888889 0.7142857 0.7777778 0.6428571 0.8333333 0.6428571 0.7777778 0.7142857 0.3888889 0.6428571 0.3333333 0.7142857 0.3333333 0.7142857 0.7222222 0.6428571 0.7777778 0.6428571 0.7222222 0.7142857 0.3333333 0.6428571 0.2777778 0.7142857 0.2777778 0.7142857 0.6666666 0.6428571 0.7222222 0.6428571 0.6666666 0.7142857 0.2777778 0.6428571 0.2222222 0.7142857 0.2222222 0.7142857 0.6111112 0.6428571 0.6666666 0.6428571 0.6111112 0.7142857 0.2222222 0.6428571 0.1666666 0.7142857 0.1666666 0.7142857 0.6111112 0.6428571 0.5555556 0.7142856 0.5555556 0.7142857 0.9444445 0.6785715 1 0.6428571 0.9444445 0.7142857 0.1111111 0.6428571 0.1666666 0.6428571 0.1111111 0.7142856 0.5555556 0.6428571 0.5 0.7142857 0.5 0.7142857 0.888889 0.6428571 0.9444445 0.6428571 0.8888889 0.7142857 0.05555564 0.6428571 0.1111111 0.6428571 0.05555564 0.7142857 0.5 0.6428571 0.4444445 0.7142857 0.4444445 0.7142857 0.8333333 0.6428571 0.8888889 0.6428571 0.8333333 0.6785714 0 0.7142857 0.05555564 0.6428571 0.05555564 0.6428571 0.2222222 0.5714285 0.1666666 0.6428571 0.1666666 0.6428571 0.6111112 0.5714285 0.5555556 0.6428571 0.5555556 0.6428571 0.9444445 0.6071428 1 0.5714285 0.9444445 0.6428571 0.1666666 0.5714285 0.1111111 0.6428571 0.1111111 0.6428571 0.5555556 0.5714286 0.5 0.6428571 0.5 0.6428571 0.8888889 0.5714285 0.9444445 0.5714285 0.8888889 0.6428571 0.1111111 0.5714285 0.05555564 0.6428571 0.05555564 0.6428571 0.5 0.5714285 0.4444445 0.6428571 0.4444445 0.6428571 0.8333333 0.5714285 0.8888889 0.5714285 0.8333333 0.6071428 0 0.6428571 0.05555564 0.5714285 0.05555564 0.6428571 0.4444445 0.5714285 0.3888889 0.6428571 0.3888889 0.6428571 0.7777778 0.5714285 0.8333333 0.5714285 0.7777778 0.6428571 0.3888889 0.5714285 0.3333333 0.6428571 0.3333333 0.6428571 0.7222222 0.5714285 0.7777778 0.5714285 0.7222222 0.6428571 0.3333333 0.5714285 0.2777778 0.6428571 0.2777778 0.6428571 0.6666666 0.5714285 0.7222222 0.5714286 0.6666666 0.6428571 0.2777778 0.5714285 0.2222222 0.6428571 0.2222222 0.6428571 0.6111112 0.5714286 0.6666666 0.5714285 0.6111112 0.5714285 0.2222222 0.5 0.1666666 0.5714285 0.1666666 0.5714285 0.5555556 0.5 0.6111112 0.5 0.5555556 0.5714285 0.9444445 0.5357142 1 0.4999999 0.9444445 0.5714285 0.1666666 0.5 0.1111111 0.5714285 0.1111111 0.5714286 0.5 0.5 0.5555556 0.5 0.5 0.5714285 0.8888889 0.4999999 0.9444445 0.5 0.8888889 0.5714285 0.1111111 0.5 0.05555564 0.5714285 0.05555564 0.5714285 0.4444445 0.5 0.5 0.5 0.4444445 0.5714285 0.8333333 0.5 0.8888889 0.5 0.8333333 0.5357142 0 0.5714285 0.05555564 0.5 0.05555564 0.5714285 0.4444445 0.5 0.3888889 0.5714285 0.3888889 0.5714285 0.7777778 0.5 0.8333333 0.5 0.7777778 0.5714285 0.3888889 0.5 0.3333333 0.5714285 0.3333333 0.5714285 0.7222222 0.5 0.7777778 0.5 0.7222222 0.5714285 0.3333333 0.5 0.2777778 0.5714285 0.2777778 0.5714286 0.6666666 0.5 0.7222222 0.5 0.6666666 0.5714285 0.2777778 0.5 0.2222223 0.5714285 0.2222222 0.5714285 0.6111112 0.5 0.6666666 0.5 0.6111112 0.5 0.2222223 0.4285714 0.1666666 0.5 0.1666666 0.5 0.5555556 0.4285714 0.6111111 0.4285714 0.5555556 0.4999999 0.9444445 0.4642856 1 0.4285714 0.9444444 0.5 0.1666666 0.4285714 0.1111111 0.5 0.1111111 0.5 0.5 0.4285714 0.5555556 0.4285714 0.5 0.4999999 0.9444445 0.4285714 0.8888889 0.5 0.8888889 0.5 0.1111111 0.4285714 0.05555564 0.5 0.05555564 0.5 0.4444445 0.4285714 0.5 0.4285714 0.4444445 0.5 0.8333333 0.4285714 0.8888889 0.4285714 0.8333333 0.4642856 0 0.5 0.05555564 0.4285714 0.05555564 0.5 0.3888889 0.4285714 0.4444445 0.4285714 0.388889 0.5 0.8333333 0.4285714 0.7777777 0.5 0.7777778 0.5 0.3888889 0.4285714 0.3333333 0.5 0.3333333 0.5 0.7777778 0.4285714 0.7222222 0.5 0.7222222 0.5 0.3333333 0.4285714 0.2777778 0.5 0.2777778 0.5 0.7222222 0.4285714 0.6666666 0.5 0.6666666 0.5 0.2777778 0.4285714 0.2222223 0.5 0.2222223 0.5 0.6111112 0.4285714 0.6666666 0.4285714 0.6111111 0.4285714 0.1666666 0.3571429 0.2222223 0.3571428 0.1666666 0.4285714 0.5555556 0.3571429 0.6111111 0.3571428 0.5555556 0.4285714 0.9444444 0.392857 1 0.3571428 0.9444444 0.4285714 0.1111111 0.3571428 0.1666666 0.3571428 0.1111111 0.4285714 0.5 0.3571428 0.5555556 0.3571428 0.5 0.4285714 0.9444444 0.3571428 0.8888889 0.4285714 0.8888889 0.4285714 0.05555564 0.3571428 0.1111111 0.3571428 0.05555564 0.4285714 0.4444445 0.3571428 0.5 0.3571428 0.4444445 0.4285714 0.8888889 0.3571428 0.8333333 0.4285714 0.8333333 0.392857 0 0.4285714 0.05555564 0.3571428 0.05555564 0.4285714 0.388889 0.3571428 0.4444445 0.3571429 0.388889 0.4285714 0.8333333 0.3571429 0.7777777 0.4285714 0.7777777 0.4285714 0.3333333 0.3571429 0.388889 0.3571429 0.3333333 0.4285714 0.7777777 0.3571428 0.7222222 0.4285714 0.7222222 0.4285714 0.2777778 0.3571429 0.3333333 0.3571428 0.2777779 0.4285714 0.7222222 0.3571429 0.6666666 0.4285714 0.6666666 0.4285714 0.2222223 0.3571428 0.2777779 0.3571429 0.2222223 0.4285714 0.6111111 0.3571429 0.6666666 0.3571429 0.6111111 0.3571428 0.1666666 0.2857143 0.2222223 0.2857143 0.1666668 0.3571429 0.6111111 0.2857143 0.5555556 0.3571428 0.5555556 0.3571428 0.9444444 0.3214284 1 0.2857143 0.9444444 0.3571428 0.1111111 0.2857143 0.1666668 0.2857142 0.1111111 0.3571428 0.5555556 0.2857143 0.5 0.3571428 0.5 0.3571428 0.9444444 0.2857143 0.8888889 0.3571428 0.8888889 0.3571428 0.05555564 0.2857142 0.1111111 0.2857143 0.05555564 0.3571428 0.5 0.2857143 0.4444445 0.3571428 0.4444445 0.3571428 0.8888889 0.2857143 0.8333333 0.3571428 0.8333333 0.3214285 0 0.3571428 0.05555564 0.2857143 0.05555564 0.3571429 0.388889 0.2857143 0.4444445 0.2857143 0.388889 0.3571429 0.7777777 0.2857143 0.8333333 0.2857143 0.7777777 0.3571429 0.3333333 0.2857143 0.388889 0.2857143 0.3333333 0.3571428 0.7222222 0.2857143 0.7777777 0.2857143 0.7222222 0.3571428 0.2777779 0.2857143 0.3333333 0.2857143 0.2777779 0.3571428 0.7222222 0.2857143 0.6666666 0.3571429 0.6666666 0.3571429 0.2222223 0.2857143 0.2777779 0.2857143 0.2222223 0.3571429 0.6666666 0.2857143 0.6111111 0.3571429 0.6111111 0.2857143 0.2222223 0.2142857 0.1666668 0.2857143 0.1666668 0.2857143 0.6111111 0.2142857 0.5555556 0.2857143 0.5555556 0.2857143 0.9444444 0.2499999 1 0.2142857 0.9444444 0.2857143 0.1666668 0.2142857 0.1111111 0.2857142 0.1111111 0.2857143 0.5555556 0.2142857 0.5 0.2857143 0.5 0.2857143 0.9444444 0.2142857 0.8888889 0.2857143 0.8888889 0.2857142 0.1111111 0.2142857 0.05555564 0.2857143 0.05555564 0.2857143 0.5 0.2142857 0.4444445 0.2857143 0.4444445 0.2857143 0.8888889 0.2142857 0.8333333 0.2857143 0.8333333 0.25 0 0.2857143 0.05555564 0.2142857 0.05555564 0.2857143 0.388889 0.2142857 0.4444445 0.2142857 0.388889 0.2857143 0.7777777 0.2142857 0.8333333 0.2142857 0.7777777 0.2857143 0.3333333 0.2142857 0.388889 0.2142857 0.3333333 0.2857143 0.7777777 0.2142857 0.7222222 0.2857143 0.7222222 0.2857143 0.2777779 0.2142857 0.3333333 0.2142857 0.2777779 0.2857143 0.7222222 0.2142857 0.6666666 0.2857143 0.6666666 0.2857143 0.2777779 0.2142857 0.2222223 0.2857143 0.2222223 0.2857143 0.6666666 0.2142857 0.6111111 0.2857143 0.6111111 0.2142857 0.2222223 0.1428571 0.1666666 0.2142857 0.1666668 0.2142857 0.6111111 0.1428571 0.5555556 0.2142857 0.5555556 0.2142857 0.9444444 0.1785714 1 0.1428571 0.9444444 0.2142857 0.1666668 0.1428571 0.1111111 0.2142857 0.1111111 0.2142857 0.5555556 0.1428571 0.5 0.2142857 0.5 0.2142857 0.8888889 0.1428571 0.9444444 0.1428571 0.8888889 0.2142857 0.1111111 0.1428571 0.05555564 0.2142857 0.05555564 0.2142857 0.5 0.1428571 0.4444445 0.2142857 0.4444445 0.2142857 0.8333333 0.1428571 0.8888889 0.1428571 0.8333333 0.1785714 0 0.2142857 0.05555564 0.1428571 0.05555564 0.2142857 0.4444445 0.1428571 0.388889 0.2142857 0.388889 0.2142857 0.7777777 0.1428571 0.8333333 0.1428571 0.7777777 0.2142857 0.388889 0.1428571 0.3333333 0.2142857 0.3333333 0.2142857 0.7222222 0.1428571 0.7777777 0.1428571 0.7222222 0.2142857 0.3333333 0.1428571 0.2777779 0.2142857 0.2777779 0.2142857 0.6666666 0.1428571 0.7222222 0.1428571 0.6666666 0.2142857 0.2777779 0.1428571 0.2222223 0.2142857 0.2222223 0.2142857 0.6666666 0.1428571 0.6111111 0.2142857 0.6111111 0.1428571 0.2222223 0.07142859 0.1666666 0.1428571 0.1666666 0.1428571 0.6111111 0.07142853 0.5555556 0.1428571 0.5555556 0.1428571 0.9444444 0.1071429 1 0.07142859 0.9444444 0.1428571 0.1666666 0.07142859 0.1111111 0.1428571 0.1111111 0.1428571 0.5555556 0.07142859 0.5 0.1428571 0.5 0.1428571 0.8888889 0.07142859 0.9444444 0.07142859 0.8888889 0.1428571 0.1111111 0.07142859 0.05555564 0.1428571 0.05555564 0.1428571 0.5 0.07142853 0.4444445 0.1428571 0.4444445 0.1428571 0.8333333 0.07142859 0.8888889 0.07142859 0.8333333 0.1071429 0 0.1428571 0.05555564 0.07142859 0.05555564 0.1428571 0.4444445 0.07142859 0.3888889 0.1428571 0.388889 0.1428571 0.7777777 0.07142859 0.8333333 0.07142859 0.7777777 0.1428571 0.388889 0.07142859 0.3333333 0.1428571 0.3333333 0.1428571 0.7222222 0.07142859 0.7777777 0.07142859 0.7222222 0.1428571 0.3333333 0.07142859 0.2777778 0.1428571 0.2777779 0.1428571 0.6666666 0.07142859 0.7222222 0.07142859 0.6666666 0.1428571 0.2777779 0.07142859 0.2222223 0.1428571 0.2222223 0.1428571 0.6666666 0.07142859 0.6111112 0.1428571 0.6111111 0.07142859 0.2222223 0 0.1666666 0.07142859 0.1666666 0.07142859 0.6111112 0 0.5555556 0.07142853 0.5555556 0.07142859 0.9444444 0.03571438 1 0 0.9444444 0.07142859 0.1666666 0 0.1111111 0.07142859 0.1111111 0.07142853 0.5555556 0 0.5 0.07142859 0.5 0.07142859 0.8888889 0 0.9444444 0 0.888889 0.07142859 0.1111111 0 0.05555564 0.07142859 0.05555564 0.07142859 0.5 0 0.4444445 0.07142853 0.4444445 0.07142859 0.8333333 0 0.888889 0 0.8333333 0.03571438 0 0.07142859 0.05555564 0 0.05555564 0.07142853 0.4444445 0 0.3888889 0.07142859 0.3888889 0.07142859 0.7777777 0 0.8333333 0 0.7777777 0.07142859 0.3888889 0 0.3333333 0.07142859 0.3333333 0.07142859 0.7222222 0 0.7777777 0 0.7222222 0.07142859 0.3333333 0 0.2777778 0.07142859 0.2777778 0.07142859 0.6666666 0 0.7222222 0 0.6666666 0.07142859 0.2777778 0 0.2222222 0.07142859 0.2222223 0.07142859 0.6666666 0 0.6111112 0.07142859 0.6111112 1 0.1666666 0.9285715 0.2222222 0.9285715 0.1666666 1 0.6111112 0.9285714 0.5555556 1 0.5555556 1 0.9444444 0.9642859 1 0.9285715 0.9444444 1 0.1111111 0.9285715 0.1666666 0.9285714 0.1111111 1 0.5 0.9285714 0.5555556 0.9285714 0.5 1 0.888889 0.9285715 0.9444444 0.9285715 0.888889 1 0.05555564 0.9285714 0.1111111 0.9285715 0.05555564 1 0.5 0.9285714 0.4444445 1 0.4444445 1 0.8333333 0.9285715 0.888889 0.9285714 0.8333334 0.9642859 0 1 0.05555564 0.9285715 0.05555564 1 0.4444445 0.9285714 0.3888889 1 0.3888889 1 0.8333333 0.9285715 0.7777778 1 0.7777777 1 0.3333333 0.9285714 0.3888889 0.9285715 0.3333333 1 0.7777777 0.9285714 0.7222222 1 0.7222222 1 0.2777778 0.9285715 0.3333333 0.9285714 0.2777778 1 0.7222222 0.9285715 0.6666666 1 0.6666666 1 0.2222222 0.9285714 0.2777778 0.9285715 0.2222222 1 0.6666666 0.9285714 0.6111112 1 0.6111112 0.9285715 0.1666666 0.8571429 0.2222222 0.8571428 0.1666666 0.9285714 0.5555556 0.8571428 0.6111112 0.8571428 0.5555556 0.9285715 0.9444444 0.8928573 1 0.8571429 0.9444445 0.9285714 0.1111111 0.8571428 0.1666666 0.8571428 0.1111111 0.9285714 0.5 0.8571428 0.5555556 0.8571428 0.5 0.9285715 0.9444444 0.8571429 0.888889 0.9285715 0.888889 0.9285715 0.05555564 0.8571428 0.1111111 0.8571429 0.05555564 0.9285714 0.4444445 0.8571428 0.5 0.8571428 0.4444444 0.9285715 0.888889 0.8571428 0.8333334 0.9285714 0.8333334 0.8928572 0 0.9285715 0.05555564 0.8571429 0.05555564 0.9285714 0.3888889 0.8571428 0.4444444 0.8571428 0.3888889 0.9285714 0.8333334 0.8571429 0.7777778 0.9285715 0.7777778 0.9285715 0.3333333 0.8571428 0.3888889 0.8571428 0.3333333 0.9285715 0.7777778 0.8571428 0.7222222 0.9285714 0.7222222 0.9285714 0.2777778 0.8571428 0.3333333 0.8571428 0.2777778 0.9285714 0.7222222 0.8571428 0.6666666 0.9285715 0.6666666 0.9285715 0.2222222 0.8571428 0.2777778 0.8571429 0.2222222 0.9285714 0.6111112 0.8571428 0.6666666 0.8571428 0.6111112 0.8571428 0.1666666 0.7857143 0.2222222 0.7857143 0.1666666 0.8571428 0.5555556 0.7857143 0.6111112 0.7857142 0.5555556 0.8571429 0.9444445 0.8214287 1 0.7857143 0.9444445 0.8571428 0.1111111 0.7857143 0.1666666 0.7857143 0.1111111 0.8571428 0.5 0.7857142 0.5555556 0.7857143 0.5 0.8571429 0.9444445 0.7857143 0.888889 0.8571429 0.888889 0.8571429 0.05555564 0.7857143 0.1111111 0.7857143 0.05555564 0.8571428 0.4444444 0.7857143 0.5 0.7857142 0.4444444 0.8571429 0.888889 0.7857143 0.8333334 0.8571428 0.8333334 0.8214286 0 0.8571429 0.05555564 0.7857143 0.05555564 0.8571428 0.3888889 0.7857142 0.4444444 0.7857143 0.3888889 0.8571428 0.8333334 0.7857143 0.7777778 0.8571429 0.7777778 0.8571428 0.3333333 0.7857143 0.3888889 0.7857143 0.3333333 0.8571429 0.7777778 0.7857143 0.7222222 0.8571428 0.7222222 0.8571428 0.2777778 0.7857143 0.3333333 0.7857143 0.2777778 0.8571428 0.7222222 0.7857143 0.6666666 0.8571428 0.6666666 0.8571429 0.2222222 0.7857143 0.2777778 0.7857143 0.2222222 0.8571428 0.6111112 0.7857143 0.6666666 0.7857143 0.6111112 0.7857143 0.1666666 0.7142857 0.2222222 0.7142857 0.1666666 0.7857142 0.5555556 0.7142857 0.6111112 0.7142856 0.5555556 0.7857143 0.9444445 0.7500001 1 0.7142857 0.9444445 0.7857143 0.1111111 0.7142857 0.1666666 0.7142857 0.1111111 0.7857143 0.5 0.7142856 0.5555556 0.7142857 0.5 0.7857143 0.888889 0.7142857 0.9444445 0.7142857 0.888889 0.7857143 0.05555564 0.7142857 0.1111111 0.7142857 0.05555564 0.7857142 0.4444444 0.7142857 0.5 0.7142857 0.4444445 0.7857143 0.888889 0.7142857 0.8333333 0.7857143 0.8333334 0.75 0 0.7857143 0.05555564 0.7142857 0.05555564 0.7857143 0.3888889 0.7142857 0.4444445 0.7142857 0.3888889 0.7857143 0.8333334 0.7142857 0.7777778 0.7857143 0.7777778 0.7857143 0.3333333 0.7142857 0.3888889 0.7142857 0.3333333 0.7857143 0.7777778 0.7142857 0.7222222 0.7857143 0.7222222 0.7857143 0.2777778 0.7142857 0.3333333 0.7142857 0.2777778 0.7857143 0.7222222 0.7142857 0.6666666 0.7857143 0.6666666 0.7857143 0.2222222 0.7142857 0.2777778 0.7142857 0.2222222 0.7857143 0.6111112 0.7142857 0.6666666 0.7142857 0.6111112 0.7142857 0.4444445 0.6428571 0.3888889 0.7142857 0.3888889 0.7142857 0.7777778 0.6428571 0.8333333 0.6428571 0.7777778 0.7142857 0.3333333 0.6428571 0.3888889 0.6428571 0.3333333 0.7142857 0.7222222 0.6428571 0.7777778 0.6428571 0.7222222 0.7142857 0.3333333 0.6428571 0.2777778 0.7142857 0.2777778 0.7142857 0.6666666 0.6428571 0.7222222 0.6428571 0.6666666 0.7142857 0.2777778 0.6428571 0.2222222 0.7142857 0.2222222 0.7142857 0.6111112 0.6428571 0.6666666 0.6428571 0.6111112 0.7142857 0.2222222 0.6428571 0.1666666 0.7142857 0.1666666 0.7142857 0.6111112 0.6428571 0.5555556 0.7142856 0.5555556 0.7142857 0.9444445 0.6785715 1 0.6428571 0.9444445 0.7142857 0.1111111 0.6428571 0.1666666 0.6428571 0.1111111 0.7142856 0.5555556 0.6428571 0.5 0.7142857 0.5 0.7142857 0.888889 0.6428571 0.9444445 0.6428571 0.8888889 0.7142857 0.05555564 0.6428571 0.1111111 0.6428571 0.05555564 0.7142857 0.5 0.6428571 0.4444445 0.7142857 0.4444445 0.7142857 0.8333333 0.6428571 0.8888889 0.6428571 0.8333333 0.6785714 0 0.7142857 0.05555564 0.6428571 0.05555564 0.6428571 0.2222222 0.5714285 0.1666666 0.6428571 0.1666666 0.6428571 0.6111112 0.5714285 0.5555556 0.6428571 0.5555556 0.6428571 0.9444445 0.6071428 1 0.5714285 0.9444445 0.6428571 0.1666666 0.5714285 0.1111111 0.6428571 0.1111111 0.6428571 0.5555556 0.5714286 0.5 0.6428571 0.5 0.6428571 0.8888889 0.5714285 0.9444445 0.5714285 0.8888889 0.6428571 0.05555564 0.5714285 0.1111111 0.5714285 0.05555564 0.6428571 0.5 0.5714285 0.4444445 0.6428571 0.4444445 0.6428571 0.8333333 0.5714285 0.8888889 0.5714285 0.8333333 0.6071428 0 0.6428571 0.05555564 0.5714285 0.05555564 0.6428571 0.4444445 0.5714285 0.3888889 0.6428571 0.3888889 0.6428571 0.7777778 0.5714285 0.8333333 0.5714285 0.7777778 0.6428571 0.3888889 0.5714285 0.3333333 0.6428571 0.3333333 0.6428571 0.7222222 0.5714285 0.7777778 0.5714285 0.7222222 0.6428571 0.3333333 0.5714285 0.2777778 0.6428571 0.2777778 0.6428571 0.6666666 0.5714285 0.7222222 0.5714286 0.6666666 0.6428571 0.2777778 0.5714285 0.2222222 0.6428571 0.2222222 0.6428571 0.6111112 0.5714286 0.6666666 0.5714285 0.6111112 0.5714285 0.2222222 0.5 0.1666666 0.5714285 0.1666666 0.5714285 0.5555556 0.5 0.6111112 0.5 0.5555556 0.5714285 0.9444445 0.5357142 1 0.4999999 0.9444445 0.5714285 0.1666666 0.5 0.1111111 0.5714285 0.1111111 0.5714286 0.5 0.5 0.5555556 0.5 0.5 0.5714285 0.8888889 0.4999999 0.9444445 0.5 0.8888889 0.5714285 0.1111111 0.5 0.05555564 0.5714285 0.05555564 0.5714285 0.4444445 0.5 0.5 0.5 0.4444445 0.5714285 0.8333333 0.5 0.8888889 0.5 0.8333333 0.5357142 0 0.5714285 0.05555564 0.5 0.05555564 0.5714285 0.4444445 0.5 0.3888889 0.5714285 0.3888889 0.5714285 0.7777778 0.5 0.8333333 0.5 0.7777778 0.5714285 0.3888889 0.5 0.3333333 0.5714285 0.3333333 0.5714285 0.7222222 0.5 0.7777778 0.5 0.7222222 0.5714285 0.3333333 0.5 0.2777778 0.5714285 0.2777778 0.5714286 0.6666666 0.5 0.7222222 0.5 0.6666666 0.5714285 0.2777778 0.5 0.2222223 0.5714285 0.2222222 0.5714285 0.6111112 0.5 0.6666666 0.5 0.6111112 0.5 0.2222223 0.4285714 0.1666666 0.5 0.1666666 0.5 0.5555556 0.4285714 0.6111111 0.4285714 0.5555556 0.4999999 0.9444445 0.4642856 1 0.4285714 0.9444444 0.5 0.1666666 0.4285714 0.1111111 0.5 0.1111111 0.5 0.5 0.4285714 0.5555556 0.4285714 0.5 0.4999999 0.9444445 0.4285714 0.8888889 0.5 0.8888889 0.5 0.1111111 0.4285714 0.05555564 0.5 0.05555564 0.5 0.4444445 0.4285714 0.5 0.4285714 0.4444445 0.5 0.8888889 0.4285714 0.8333333 0.5 0.8333333 0.4642856 0 0.5 0.05555564 0.4285714 0.05555564 0.5 0.3888889 0.4285714 0.4444445 0.4285714 0.388889 0.5 0.8333333 0.4285714 0.7777777 0.5 0.7777778 0.5 0.3888889 0.4285714 0.3333333 0.5 0.3333333 0.5 0.7777778 0.4285714 0.7222222 0.5 0.7222222 0.5 0.3333333 0.4285714 0.2777778 0.5 0.2777778 0.5 0.6666666 0.4285714 0.7222222 0.4285714 0.6666666 0.5 0.2777778 0.4285714 0.2222223 0.5 0.2222223 0.5 0.6111112 0.4285714 0.6666666 0.4285714 0.6111111 0.4285714 0.1666666 0.3571429 0.2222223 0.3571428 0.1666666 0.4285714 0.5555556 0.3571429 0.6111111 0.3571428 0.5555556 0.4285714 0.9444444 0.392857 1 0.3571428 0.9444444 0.4285714 0.1111111 0.3571428 0.1666666 0.3571428 0.1111111 0.4285714 0.5 0.3571428 0.5555556 0.3571428 0.5 0.4285714 0.9444444 0.3571428 0.8888889 0.4285714 0.8888889 0.4285714 0.05555564 0.3571428 0.1111111 0.3571428 0.05555564 0.4285714 0.4444445 0.3571428 0.5 0.3571428 0.4444445 0.4285714 0.8888889 0.3571428 0.8333333 0.4285714 0.8333333 0.392857 0 0.4285714 0.05555564 0.3571428 0.05555564 0.4285714 0.388889 0.3571428 0.4444445 0.3571429 0.388889 0.4285714 0.8333333 0.3571429 0.7777777 0.4285714 0.7777777 0.4285714 0.3333333 0.3571429 0.388889 0.3571429 0.3333333 0.4285714 0.7777777 0.3571428 0.7222222 0.4285714 0.7222222 0.4285714 0.2777778 0.3571429 0.3333333 0.3571428 0.2777779 0.4285714 0.7222222 0.3571429 0.6666666 0.4285714 0.6666666 0.4285714 0.2222223 0.3571428 0.2777779 0.3571429 0.2222223 0.4285714 0.6111111 0.3571429 0.6666666 0.3571429 0.6111111 0.3571429 0.2222223 0.2857143 0.1666668 0.3571428 0.1666666 0.3571429 0.6111111 0.2857143 0.5555556 0.3571428 0.5555556 0.3571428 0.9444444 0.3214284 1 0.2857143 0.9444444 0.3571428 0.1111111 0.2857143 0.1666668 0.2857142 0.1111111 0.3571428 0.5555556 0.2857143 0.5 0.3571428 0.5 0.3571428 0.9444444 0.2857143 0.8888889 0.3571428 0.8888889 0.3571428 0.05555564 0.2857142 0.1111111 0.2857143 0.05555564 0.3571428 0.5 0.2857143 0.4444445 0.3571428 0.4444445 0.3571428 0.8888889 0.2857143 0.8333333 0.3571428 0.8333333 0.3214285 0 0.3571428 0.05555564 0.2857143 0.05555564 0.3571428 0.4444445 0.2857143 0.388889 0.3571429 0.388889 0.3571429 0.7777777 0.2857143 0.8333333 0.2857143 0.7777777 0.3571429 0.3333333 0.2857143 0.388889 0.2857143 0.3333333 0.3571428 0.7222222 0.2857143 0.7777777 0.2857143 0.7222222 0.3571428 0.2777779 0.2857143 0.3333333 0.2857143 0.2777779 0.3571428 0.7222222 0.2857143 0.6666666 0.3571429 0.6666666 0.3571428 0.2777779 0.2857143 0.2222223 0.3571429 0.2222223 0.3571429 0.6666666 0.2857143 0.6111111 0.3571429 0.6111111 0.2857143 0.2222223 0.2142857 0.1666668 0.2857143 0.1666668 0.2857143 0.6111111 0.2142857 0.5555556 0.2857143 0.5555556 0.2857143 0.9444444 0.2499999 1 0.2142857 0.9444444 0.2857143 0.1666668 0.2142857 0.1111111 0.2857142 0.1111111 0.2857143 0.5555556 0.2142857 0.5 0.2857143 0.5 0.2857143 0.9444444 0.2142857 0.8888889 0.2857143 0.8888889 0.2857142 0.1111111 0.2142857 0.05555564 0.2857143 0.05555564 0.2857143 0.5 0.2142857 0.4444445 0.2857143 0.4444445 0.2857143 0.8888889 0.2142857 0.8333333 0.2857143 0.8333333 0.25 0 0.2857143 0.05555564 0.2142857 0.05555564 0.2857143 0.4444445 0.2142857 0.388889 0.2857143 0.388889 0.2857143 0.7777777 0.2142857 0.8333333 0.2142857 0.7777777 0.2857143 0.3333333 0.2142857 0.388889 0.2142857 0.3333333 0.2857143 0.7777777 0.2142857 0.7222222 0.2857143 0.7222222 0.2857143 0.2777779 0.2142857 0.3333333 0.2142857 0.2777779 0.2857143 0.7222222 0.2142857 0.6666666 0.2857143 0.6666666 0.2857143 0.2777779 0.2142857 0.2222223 0.2857143 0.2222223 0.2857143 0.6666666 0.2142857 0.6111111 0.2857143 0.6111111 0.2142857 0.2222223 0.1428571 0.1666666 0.2142857 0.1666668 0.2142857 0.6111111 0.1428571 0.5555556 0.2142857 0.5555556 0.2142857 0.9444444 0.1785714 1 0.1428571 0.9444444 0.2142857 0.1666668 0.1428571 0.1111111 0.2142857 0.1111111 0.2142857 0.5555556 0.1428571 0.5 0.2142857 0.5 0.2142857 0.8888889 0.1428571 0.9444444 0.1428571 0.8888889 0.2142857 0.1111111 0.1428571 0.05555564 0.2142857 0.05555564 0.2142857 0.5 0.1428571 0.4444445 0.2142857 0.4444445 0.2142857 0.8333333 0.1428571 0.8888889 0.1428571 0.8333333 0.1785714 0 0.2142857 0.05555564 0.1428571 0.05555564 0.2142857 0.388889 0.1428571 0.4444445 0.1428571 0.388889 0.2142857 0.7777777 0.1428571 0.8333333 0.1428571 0.7777777 0.2142857 0.388889 0.1428571 0.3333333 0.2142857 0.3333333 0.2142857 0.7222222 0.1428571 0.7777777 0.1428571 0.7222222 0.2142857 0.3333333 0.1428571 0.2777779 0.2142857 0.2777779 0.2142857 0.7222222 0.1428571 0.6666666 0.2142857 0.6666666 0.2142857 0.2777779 0.1428571 0.2222223 0.2142857 0.2222223 0.2142857 0.6666666 0.1428571 0.6111111 0.2142857 0.6111111 0.1428571 0.2222223 0.07142859 0.1666666 0.1428571 0.1666666 0.1428571 0.6111111 0.07142853 0.5555556 0.1428571 0.5555556 0.1428571 0.9444444 0.1071429 1 0.07142859 0.9444444 0.1428571 0.1666666 0.07142859 0.1111111 0.1428571 0.1111111 0.1428571 0.5555556 0.07142859 0.5 0.1428571 0.5 0.1428571 0.8888889 0.07142859 0.9444444 0.07142859 0.8888889 0.1428571 0.1111111 0.07142859 0.05555564 0.1428571 0.05555564 0.1428571 0.5 0.07142853 0.4444445 0.1428571 0.4444445 0.1428571 0.8333333 0.07142859 0.8888889 0.07142859 0.8333333 0.1071429 0 0.1428571 0.05555564 0.07142859 0.05555564 0.1428571 0.4444445 0.07142859 0.3888889 0.1428571 0.388889 0.1428571 0.7777777 0.07142859 0.8333333 0.07142859 0.7777777 0.1428571 0.388889 0.07142859 0.3333333 0.1428571 0.3333333 0.1428571 0.7222222 0.07142859 0.7777777 0.07142859 0.7222222 0.1428571 0.3333333 0.07142859 0.2777778 0.1428571 0.2777779 0.1428571 0.6666666 0.07142859 0.7222222 0.07142859 0.6666666 0.1428571 0.2777779 0.07142859 0.2222223 0.1428571 0.2222223 0.1428571 0.6666666 0.07142859 0.6111112 0.1428571 0.6111111 0.07142859 0.2222223 0 0.1666666 0.07142859 0.1666666 0.07142859 0.6111112 0 0.5555556 0.07142853 0.5555556 0.07142859 0.9444444 0.03571438 1 0 0.9444444 0.07142859 0.1666666 0 0.1111111 0.07142859 0.1111111 0.07142853 0.5555556 0 0.5 0.07142859 0.5 0.07142859 0.8888889 0 0.9444444 0 0.888889 0.07142859 0.1111111 0 0.05555564 0.07142859 0.05555564 0.07142859 0.5 0 0.4444445 0.07142853 0.4444445 0.07142859 0.8333333 0 0.888889 0 0.8333333 0.03571438 0 0.07142859 0.05555564 0 0.05555564 0.07142853 0.4444445 0 0.3888889 0.07142859 0.3888889 0.07142859 0.7777777 0 0.8333333 0 0.7777777 0.07142859 0.3888889 0 0.3333333 0.07142859 0.3333333 0.07142859 0.7222222 0 0.7777777 0 0.7222222 0.07142859 0.3333333 0 0.2777778 0.07142859 0.2777778 0.07142859 0.6666666 0 0.7222222 0 0.6666666 0.07142859 0.2777778 0 0.2222222 0.07142859 0.2222223 0.07142859 0.6666666 0 0.6111112 0.07142859 0.6111112 1 0.1666666 0.9285715 0.2222222 0.9285715 0.1666666 1 0.6111112 0.9285714 0.5555556 1 0.5555556 1 0.9444444 0.9642859 1 0.9285715 0.9444444 1 0.1111111 0.9285715 0.1666666 0.9285714 0.1111111 1 0.5555556 0.9285714 0.5 1 0.5 1 0.888889 0.9285715 0.9444444 0.9285715 0.888889 1 0.05555564 0.9285714 0.1111111 0.9285715 0.05555564 1 0.5 0.9285714 0.4444445 1 0.4444445 1 0.888889 0.9285714 0.8333334 1 0.8333333 0.9642859 0 1 0.05555564 0.9285715 0.05555564 1 0.4444445 0.9285714 0.3888889 1 0.3888889 1 0.7777777 0.9285714 0.8333334 0.9285715 0.7777778 1 0.3888889 0.9285715 0.3333333 1 0.3333333 1 0.7222222 0.9285715 0.7777778 0.9285714 0.7222222 1 0.2777778 0.9285715 0.3333333 0.9285714 0.2777778 1 0.6666666 0.9285714 0.7222222 0.9285715 0.6666666 1 0.2222222 0.9285714 0.2777778 0.9285715 0.2222222 1 0.6666666 0.9285714 0.6111112 1 0.6111112 0.9285715 0.1666666 0.8571429 0.2222222 0.8571428 0.1666666 0.9285714 0.5555556 0.8571428 0.6111112 0.8571428 0.5555556 0.9285715 0.9444444 0.8928573 1 0.8571429 0.9444445 0.9285714 0.1111111 0.8571428 0.1666666 0.8571428 0.1111111 0.9285714 0.5 0.8571428 0.5555556 0.8571428 0.5 0.9285715 0.888889 0.8571429 0.9444445 0.8571429 0.888889 0.9285715 0.05555564 0.8571428 0.1111111 0.8571429 0.05555564 0.9285714 0.4444445 0.8571428 0.5 0.8571428 0.4444444 0.9285715 0.888889 0.8571428 0.8333334 0.9285714 0.8333334 0.8928572 0 0.9285715 0.05555564 0.8571429 0.05555564 0.9285714 0.3888889 0.8571428 0.4444444 0.8571428 0.3888889 0.9285714 0.8333334 0.8571429 0.7777778 0.9285715 0.7777778 0.9285715 0.3333333 0.8571428 0.3888889 0.8571428 0.3333333 0.9285715 0.7777778 0.8571428 0.7222222 0.9285714 0.7222222 0.9285714 0.2777778 0.8571428 0.3333333 0.8571428 0.2777778 0.9285714 0.7222222 0.8571428 0.6666666 0.9285715 0.6666666 0.9285715 0.2222222 0.8571428 0.2777778 0.8571429 0.2222222 0.9285714 0.6111112 0.8571428 0.6666666 0.8571428 0.6111112 0.8571428 0.1666666 0.7857143 0.2222222 0.7857143 0.1666666 0.8571428 0.5555556 0.7857143 0.6111112 0.7857142 0.5555556 0.8571429 0.9444445 0.8214287 1 0.7857143 0.9444445 0.8571428 0.1111111 0.7857143 0.1666666 0.7857143 0.1111111 0.8571428 0.5 0.7857142 0.5555556 0.7857143 0.5 0.8571429 0.888889 0.7857143 0.9444445 0.7857143 0.888889 0.8571429 0.05555564 0.7857143 0.1111111 0.7857143 0.05555564 0.8571428 0.4444444 0.7857143 0.5 0.7857142 0.4444444 0.8571429 0.888889 0.7857143 0.8333334 0.8571428 0.8333334 0.8214286 0 0.8571429 0.05555564 0.7857143 0.05555564 0.8571428 0.3888889 0.7857142 0.4444444 0.7857143 0.3888889 0.8571428 0.8333334 0.7857143 0.7777778 0.8571429 0.7777778 0.8571428 0.3333333 0.7857143 0.3888889 0.7857143 0.3333333 0.8571429 0.7777778 0.7857143 0.7222222 0.8571428 0.7222222 0.8571428 0.2777778 0.7857143 0.3333333 0.7857143 0.2777778 0.8571428 0.7222222 0.7857143 0.6666666 0.8571428 0.6666666 0.8571429 0.2222222 0.7857143 0.2777778 0.7857143 0.2222222 0.8571428 0.6111112 0.7857143 0.6666666 0.7857143 0.6111112 0.7857143 0.1666666 0.7142857 0.2222222 0.7142857 0.1666666 0.7857142 0.5555556 0.7142857 0.6111112 0.7142856 0.5555556 0.7857143 0.9444445 0.7500001 1 0.7142857 0.9444445 0.7857143 0.1111111 0.7142857 0.1666666 0.7142857 0.1111111 0.7857143 0.5 0.7142856 0.5555556 0.7142857 0.5 0.7857143 0.888889 0.7142857 0.9444445 0.7142857 0.888889 0.7857143 0.05555564 0.7142857 0.1111111 0.7142857 0.05555564 0.7857142 0.4444444 0.7142857 0.5 0.7142857 0.4444445 0.7857143 0.888889 0.7142857 0.8333333 0.7857143 0.8333334 0.75 0 0.7857143 0.05555564 0.7142857 0.05555564 0.7857143 0.3888889 0.7142857 0.4444445 0.7142857 0.3888889 0.7857143 0.8333334 0.7142857 0.7777778 0.7857143 0.7777778 0.7857143 0.3333333 0.7142857 0.3888889 0.7142857 0.3333333 0.7857143 0.7777778 0.7142857 0.7222222 0.7857143 0.7222222 0.7857143 0.2777778 0.7142857 0.3333333 0.7142857 0.2777778 0.7857143 0.6666666 0.7142857 0.7222222 0.7142857 0.6666666 0.7857143 0.2222222 0.7142857 0.2777778 0.7142857 0.2222222 0.7857143 0.6111112 0.7142857 0.6666666 0.7142857 0.6111112 0.7142857 0.4444445 0.6428571 0.3888889 0.7142857 0.3888889 0.7142857 0.7777778 0.6428571 0.8333333 0.6428571 0.7777778 0.7142857 0.3888889 0.6428571 0.3333333 0.7142857 0.3333333 0.7142857 0.7222222 0.6428571 0.7777778 0.6428571 0.7222222 0.7142857 0.3333333 0.6428571 0.2777778 0.7142857 0.2777778 0.7142857 0.6666666 0.6428571 0.7222222 0.6428571 0.6666666 0.7142857 0.2777778 0.6428571 0.2222222 0.7142857 0.2222222 0.7142857 0.6111112 0.6428571 0.6666666 0.6428571 0.6111112 0.7142857 0.2222222 0.6428571 0.1666666 0.7142857 0.1666666 0.7142857 0.6111112 0.6428571 0.5555556 0.7142856 0.5555556 0.7142857 0.9444445 0.6785715 1 0.6428571 0.9444445 0.7142857 0.1666666 0.6428571 0.1111111 0.7142857 0.1111111 0.7142856 0.5555556 0.6428571 0.5 0.7142857 0.5 0.7142857 0.888889 0.6428571 0.9444445 0.6428571 0.8888889 0.7142857 0.05555564 0.6428571 0.1111111 0.6428571 0.05555564 0.7142857 0.5 0.6428571 0.4444445 0.7142857 0.4444445 0.7142857 0.8333333 0.6428571 0.8888889 0.6428571 0.8333333 0.6785714 0 0.7142857 0.05555564 0.6428571 0.05555564 0.6428571 0.2222222 0.5714285 0.1666666 0.6428571 0.1666666 0.6428571 0.6111112 0.5714285 0.5555556 0.6428571 0.5555556 0.6428571 0.9444445 0.6071428 1 0.5714285 0.9444445 0.6428571 0.1666666 0.5714285 0.1111111 0.6428571 0.1111111 0.6428571 0.5555556 0.5714286 0.5 0.6428571 0.5 0.6428571 0.8888889 0.5714285 0.9444445 0.5714285 0.8888889 0.6428571 0.1111111 0.5714285 0.05555564 0.6428571 0.05555564 0.6428571 0.5 0.5714285 0.4444445 0.6428571 0.4444445 0.6428571 0.8333333 0.5714285 0.8888889 0.5714285 0.8333333 0.6071428 0 0.6428571 0.05555564 0.5714285 0.05555564 0.6428571 0.4444445 0.5714285 0.3888889 0.6428571 0.3888889 0.6428571 0.7777778 0.5714285 0.8333333 0.5714285 0.7777778 0.6428571 0.3888889 0.5714285 0.3333333 0.6428571 0.3333333 0.6428571 0.7222222 0.5714285 0.7777778 0.5714285 0.7222222 0.6428571 0.3333333 0.5714285 0.2777778 0.6428571 0.2777778 0.6428571 0.6666666 0.5714285 0.7222222 0.5714286 0.6666666 0.6428571 0.2777778 0.5714285 0.2222222 0.6428571 0.2222222 0.6428571 0.6111112 0.5714286 0.6666666 0.5714285 0.6111112 0.5714285 0.2222222 0.5 0.1666666 0.5714285 0.1666666 0.5714285 0.5555556 0.5 0.6111112 0.5 0.5555556 0.5714285 0.9444445 0.5357142 1 0.4999999 0.9444445 0.5714285 0.1666666 0.5 0.1111111 0.5714285 0.1111111 0.5714286 0.5 0.5 0.5555556 0.5 0.5 0.5714285 0.8888889 0.4999999 0.9444445 0.5 0.8888889 0.5714285 0.1111111 0.5 0.05555564 0.5714285 0.05555564 0.5714286 0.5 0.5 0.4444445 0.5714285 0.4444445 0.5714285 0.8333333 0.5 0.8888889 0.5 0.8333333 0.5357142 0 0.5714285 0.05555564 0.5 0.05555564 0.5714285 0.4444445 0.5 0.3888889 0.5714285 0.3888889 0.5714285 0.7777778 0.5 0.8333333 0.5 0.7777778 0.5714285 0.3888889 0.5 0.3333333 0.5714285 0.3333333 0.5714285 0.7222222 0.5 0.7777778 0.5 0.7222222 0.5714285 0.3333333 0.5 0.2777778 0.5714285 0.2777778 0.5714286 0.6666666 0.5 0.7222222 0.5 0.6666666 0.5714285 0.2777778 0.5 0.2222223 0.5714285 0.2222222 0.5714285 0.6111112 0.5 0.6666666 0.5 0.6111112 0.5 0.2222223 0.4285714 0.1666666 0.5 0.1666666 0.5 0.5555556 0.4285714 0.6111111 0.4285714 0.5555556 0.4999999 0.9444445 0.4642856 1 0.4285714 0.9444444 0.5 0.1666666 0.4285714 0.1111111 0.5 0.1111111 0.5 0.5 0.4285714 0.5555556 0.4285714 0.5 0.4999999 0.9444445 0.4285714 0.8888889 0.5 0.8888889 0.5 0.1111111 0.4285714 0.05555564 0.5 0.05555564 0.5 0.4444445 0.4285714 0.5 0.4285714 0.4444445 0.5 0.8333333 0.4285714 0.8888889 0.4285714 0.8333333 0.4642856 0 0.5 0.05555564 0.4285714 0.05555564 0.5 0.3888889 0.4285714 0.4444445 0.4285714 0.388889 0.5 0.8333333 0.4285714 0.7777777 0.5 0.7777778 0.5 0.3888889 0.4285714 0.3333333 0.5 0.3333333 0.5 0.7777778 0.4285714 0.7222222 0.5 0.7222222 0.5 0.3333333 0.4285714 0.2777778 0.5 0.2777778 0.5 0.7222222 0.4285714 0.6666666 0.5 0.6666666 0.5 0.2777778 0.4285714 0.2222223 0.5 0.2222223 0.5 0.6111112 0.4285714 0.6666666 0.4285714 0.6111111 0.4285714 0.1666666 0.3571429 0.2222223 0.3571428 0.1666666 0.4285714 0.5555556 0.3571429 0.6111111 0.3571428 0.5555556 0.4285714 0.9444444 0.392857 1 0.3571428 0.9444444 0.4285714 0.1111111 0.3571428 0.1666666 0.3571428 0.1111111 0.4285714 0.5 0.3571428 0.5555556 0.3571428 0.5 0.4285714 0.9444444 0.3571428 0.8888889 0.4285714 0.8888889 0.4285714 0.05555564 0.3571428 0.1111111 0.3571428 0.05555564 0.4285714 0.4444445 0.3571428 0.5 0.3571428 0.4444445 0.4285714 0.8888889 0.3571428 0.8333333 0.4285714 0.8333333 0.392857 0 0.4285714 0.05555564 0.3571428 0.05555564 0.4285714 0.388889 0.3571428 0.4444445 0.3571429 0.388889 0.4285714 0.8333333 0.3571429 0.7777777 0.4285714 0.7777777 0.4285714 0.3333333 0.3571429 0.388889 0.3571429 0.3333333 0.4285714 0.7777777 0.3571428 0.7222222 0.4285714 0.7222222 0.4285714 0.2777778 0.3571429 0.3333333 0.3571428 0.2777779 0.4285714 0.7222222 0.3571429 0.6666666 0.4285714 0.6666666 0.4285714 0.2222223 0.3571428 0.2777779 0.3571429 0.2222223 0.4285714 0.6666666 0.3571429 0.6111111 0.4285714 0.6111111 0.3571428 0.1666666 0.2857143 0.2222223 0.2857143 0.1666668 0.3571429 0.6111111 0.2857143 0.5555556 0.3571428 0.5555556 0.3571428 0.9444444 0.3214284 1 0.2857143 0.9444444 0.3571428 0.1111111 0.2857143 0.1666668 0.2857142 0.1111111 0.3571428 0.5555556 0.2857143 0.5 0.3571428 0.5 0.3571428 0.9444444 0.2857143 0.8888889 0.3571428 0.8888889 0.3571428 0.05555564 0.2857142 0.1111111 0.2857143 0.05555564 0.3571428 0.5 0.2857143 0.4444445 0.3571428 0.4444445 0.3571428 0.8888889 0.2857143 0.8333333 0.3571428 0.8333333 0.3214285 0 0.3571428 0.05555564 0.2857143 0.05555564 0.3571429 0.388889 0.2857143 0.4444445 0.2857143 0.388889 0.3571428 0.8333333 0.2857143 0.7777777 0.3571429 0.7777777 0.3571429 0.3333333 0.2857143 0.388889 0.2857143 0.3333333 0.3571429 0.7777777 0.2857143 0.7222222 0.3571428 0.7222222 0.3571428 0.2777779 0.2857143 0.3333333 0.2857143 0.2777779 0.3571428 0.7222222 0.2857143 0.6666666 0.3571429 0.6666666 0.3571429 0.2222223 0.2857143 0.2777779 0.2857143 0.2222223 0.3571429 0.6666666 0.2857143 0.6111111 0.3571429 0.6111111 0.2857143 0.2222223 0.2142857 0.1666668 0.2857143 0.1666668 0.2857143 0.6111111 0.2142857 0.5555556 0.2857143 0.5555556 0.2857143 0.9444444 0.2499999 1 0.2142857 0.9444444 0.2857143 0.1666668 0.2142857 0.1111111 0.2857142 0.1111111 0.2857143 0.5555556 0.2142857 0.5 0.2857143 0.5 0.2857143 0.9444444 0.2142857 0.8888889 0.2857143 0.8888889 0.2857143 0.05555564 0.2142857 0.1111111 0.2142857 0.05555564 0.2857143 0.5 0.2142857 0.4444445 0.2857143 0.4444445 0.2857143 0.8888889 0.2142857 0.8333333 0.2857143 0.8333333 0.25 0 0.2857143 0.05555564 0.2142857 0.05555564 0.2857143 0.388889 0.2142857 0.4444445 0.2142857 0.388889 0.2857143 0.8333333 0.2142857 0.7777777 0.2857143 0.7777777 0.2857143 0.3333333 0.2142857 0.388889 0.2142857 0.3333333 0.2857143 0.7777777 0.2142857 0.7222222 0.2857143 0.7222222 0.2857143 0.2777779 0.2142857 0.3333333 0.2142857 0.2777779 0.2857143 0.7222222 0.2142857 0.6666666 0.2857143 0.6666666 0.2857143 0.2777779 0.2142857 0.2222223 0.2857143 0.2222223 0.2857143 0.6666666 0.2142857 0.6111111 0.2857143 0.6111111 0.2142857 0.2222223 0.1428571 0.1666666 0.2142857 0.1666668 0.2142857 0.6111111 0.1428571 0.5555556 0.2142857 0.5555556 0.2142857 0.9444444 0.1785714 1 0.1428571 0.9444444 0.2142857 0.1666668 0.1428571 0.1111111 0.2142857 0.1111111 0.2142857 0.5555556 0.1428571 0.5 0.2142857 0.5 0.2142857 0.8888889 0.1428571 0.9444444 0.1428571 0.8888889 0.2142857 0.1111111 0.1428571 0.05555564 0.2142857 0.05555564 0.2142857 0.5 0.1428571 0.4444445 0.2142857 0.4444445 0.2142857 0.8333333 0.1428571 0.8888889 0.1428571 0.8333333 0.1785714 0 0.2142857 0.05555564 0.1428571 0.05555564 0.2142857 0.4444445 0.1428571 0.388889 0.2142857 0.388889 0.2142857 0.7777777 0.1428571 0.8333333 0.1428571 0.7777777 0.2142857 0.388889 0.1428571 0.3333333 0.2142857 0.3333333 0.2142857 0.7222222 0.1428571 0.7777777 0.1428571 0.7222222 0.2142857 0.3333333 0.1428571 0.2777779 0.2142857 0.2777779 0.2142857 0.6666666 0.1428571 0.7222222 0.1428571 0.6666666 0.2142857 0.2777779 0.1428571 0.2222223 0.2142857 0.2222223 0.2142857 0.6666666 0.1428571 0.6111111 0.2142857 0.6111111 0.1428571 0.2222223 0.07142859 0.1666666 0.1428571 0.1666666 0.1428571 0.6111111 0.07142853 0.5555556 0.1428571 0.5555556 0.1428571 0.9444444 0.1071429 1 0.07142859 0.9444444 0.1428571 0.1666666 0.07142859 0.1111111 0.1428571 0.1111111 0.1428571 0.5555556 0.07142859 0.5 0.1428571 0.5 0.1428571 0.8888889 0.07142859 0.9444444 0.07142859 0.8888889 0.1428571 0.1111111 0.07142859 0.05555564 0.1428571 0.05555564 0.1428571 0.5 0.07142853 0.4444445 0.1428571 0.4444445 0.1428571 0.8333333 0.07142859 0.8888889 0.07142859 0.8333333 0.1071429 0 0.1428571 0.05555564 0.07142859 0.05555564 0.1428571 0.4444445 0.07142859 0.3888889 0.1428571 0.388889 0.1428571 0.7777777 0.07142859 0.8333333 0.07142859 0.7777777 0.1428571 0.388889 0.07142859 0.3333333 0.1428571 0.3333333 0.1428571 0.7222222 0.07142859 0.7777777 0.07142859 0.7222222 0.1428571 0.3333333 0.07142859 0.2777778 0.1428571 0.2777779 0.1428571 0.6666666 0.07142859 0.7222222 0.07142859 0.6666666 0.1428571 0.2777779 0.07142859 0.2222223 0.1428571 0.2222223 0.1428571 0.6666666 0.07142859 0.6111112 0.1428571 0.6111111 0.07142859 0.2222223 0 0.1666666 0.07142859 0.1666666 0.07142859 0.6111112 0 0.5555556 0.07142853 0.5555556 0.07142859 0.9444444 0.03571438 1 0 0.9444444 0.07142859 0.1666666 0 0.1111111 0.07142859 0.1111111 0.07142853 0.5555556 0 0.5 0.07142859 0.5 0.07142859 0.8888889 0 0.9444444 0 0.888889 0.07142859 0.1111111 0 0.05555564 0.07142859 0.05555564 0.07142859 0.5 0 0.4444445 0.07142853 0.4444445 0.07142859 0.8333333 0 0.888889 0 0.8333333 0.03571438 0 0.07142859 0.05555564 0 0.05555564 0.07142853 0.4444445 0 0.3888889 0.07142859 0.3888889 0.07142859 0.7777777 0 0.8333333 0 0.7777777 0.07142859 0.3888889 0 0.3333333 0.07142859 0.3333333 0.07142859 0.7222222 0 0.7777777 0 0.7222222 0.07142859 0.3333333 0 0.2777778 0.07142859 0.2777778 0.07142859 0.6666666 0 0.7222222 0 0.6666666 0.07142859 0.2777778 0 0.2222222 0.07142859 0.2222223 0.07142859 0.6666666 0 0.6111112 0.07142859 0.6111112 1 0.1666666 0.9285715 0.2222222 0.9285715 0.1666666 1 0.5555556 0.9285714 0.6111112 0.9285714 0.5555556 1 0.9444444 0.9642859 1 0.9285715 0.9444444 1 0.1111111 0.9285715 0.1666666 0.9285714 0.1111111 1 0.5555556 0.9285714 0.5 1 0.5 1 0.888889 0.9285715 0.9444444 0.9285715 0.888889 1 0.05555564 0.9285714 0.1111111 0.9285715 0.05555564 1 0.5 0.9285714 0.4444445 1 0.4444445 1 0.8333333 0.9285715 0.888889 0.9285714 0.8333334 0.9642859 0 1 0.05555564 0.9285715 0.05555564 1 0.4444445 0.9285714 0.3888889 1 0.3888889 1 0.7777777 0.9285714 0.8333334 0.9285715 0.7777778 1 0.3333333 0.9285714 0.3888889 0.9285715 0.3333333 1 0.7222222 0.9285715 0.7777778 0.9285714 0.7222222 1 0.2777778 0.9285715 0.3333333 0.9285714 0.2777778 1 0.6666666 0.9285714 0.7222222 0.9285715 0.6666666 1 0.2222222 0.9285714 0.2777778 0.9285715 0.2222222 1 0.6111112 0.9285715 0.6666666 0.9285714 0.6111112 0.9285715 0.1666666 0.8571429 0.2222222 0.8571428 0.1666666 0.9285714 0.5555556 0.8571428 0.6111112 0.8571428 0.5555556 0.9285715 0.9444444 0.8928573 1 0.8571429 0.9444445 0.9285714 0.1111111 0.8571428 0.1666666 0.8571428 0.1111111 0.9285714 0.5 0.8571428 0.5555556 0.8571428 0.5 0.9285715 0.9444444 0.8571429 0.888889 0.9285715 0.888889 0.9285715 0.05555564 0.8571428 0.1111111 0.8571429 0.05555564 0.9285714 0.4444445 0.8571428 0.5 0.8571428 0.4444444 0.9285715 0.888889 0.8571428 0.8333334 0.9285714 0.8333334 0.8928572 0 0.9285715 0.05555564 0.8571429 0.05555564 0.9285714 0.3888889 0.8571428 0.4444444 0.8571428 0.3888889 0.9285714 0.8333334 0.8571429 0.7777778 0.9285715 0.7777778 0.9285715 0.3333333 0.8571428 0.3888889 0.8571428 0.3333333 0.9285715 0.7777778 0.8571428 0.7222222 0.9285714 0.7222222 0.9285714 0.2777778 0.8571428 0.3333333 0.8571428 0.2777778 0.9285714 0.7222222 0.8571428 0.6666666 0.9285715 0.6666666 0.9285715 0.2222222 0.8571428 0.2777778 0.8571429 0.2222222 0.9285714 0.6111112 0.8571428 0.6666666 0.8571428 0.6111112 0.8571428 0.1666666 0.7857143 0.2222222 0.7857143 0.1666666 0.8571428 0.5555556 0.7857143 0.6111112 0.7857142 0.5555556 0.8571429 0.9444445 0.8214287 1 0.7857143 0.9444445 0.8571428 0.1111111 0.7857143 0.1666666 0.7857143 0.1111111 0.8571428 0.5 0.7857142 0.5555556 0.7857143 0.5 0.8571429 0.9444445 0.7857143 0.888889 0.8571429 0.888889 0.8571429 0.05555564 0.7857143 0.1111111 0.7857143 0.05555564 0.8571428 0.4444444 0.7857143 0.5 0.7857142 0.4444444 0.8571429 0.888889 0.7857143 0.8333334 0.8571428 0.8333334 0.8214286 0 0.8571429 0.05555564 0.7857143 0.05555564 0.8571428 0.3888889 0.7857142 0.4444444 0.7857143 0.3888889 0.8571428 0.8333334 0.7857143 0.7777778 0.8571429 0.7777778 0.8571428 0.3333333 0.7857143 0.3888889 0.7857143 0.3333333 0.8571429 0.7777778 0.7857143 0.7222222 0.8571428 0.7222222 0.8571428 0.2777778 0.7857143 0.3333333 0.7857143 0.2777778 0.8571428 0.7222222 0.7857143 0.6666666 0.8571428 0.6666666 0.8571429 0.2222222 0.7857143 0.2777778 0.7857143 0.2222222 0.8571428 0.6111112 0.7857143 0.6666666 0.7857143 0.6111112 0.7857143 0.1666666 0.7142857 0.2222222 0.7142857 0.1666666 0.7857142 0.5555556 0.7142857 0.6111112 0.7142856 0.5555556 0.7857143 0.9444445 0.7500001 1 0.7142857 0.9444445 0.7857143 0.1111111 0.7142857 0.1666666 0.7142857 0.1111111 0.7857143 0.5 0.7142856 0.5555556 0.7142857 0.5 0.7857143 0.9444445 0.7142857 0.888889 0.7857143 0.888889 0.7857143 0.05555564 0.7142857 0.1111111 0.7142857 0.05555564 0.7857142 0.4444444 0.7142857 0.5 0.7142857 0.4444445 0.7857143 0.888889 0.7142857 0.8333333 0.7857143 0.8333334 0.75 0 0.7857143 0.05555564 0.7142857 0.05555564 0.7857143 0.3888889 0.7142857 0.4444445 0.7142857 0.3888889 0.7857143 0.8333334 0.7142857 0.7777778 0.7857143 0.7777778 0.7857143 0.3333333 0.7142857 0.3888889 0.7142857 0.3333333 0.7857143 0.7777778 0.7142857 0.7222222 0.7857143 0.7222222 0.7857143 0.2777778 0.7142857 0.3333333 0.7142857 0.2777778 0.7857143 0.7222222 0.7142857 0.6666666 0.7857143 0.6666666 0.7857143 0.2222222 0.7142857 0.2777778 0.7142857 0.2222222 0.7857143 0.6111112 0.7142857 0.6666666 0.7142857 0.6111112 0.7142857 0.3888889 0.7142857 0.4444445 0.6428571 0.4444445 0.7142857 0.8333333 0.6428571 0.8333333 0.6428571 0.7777778 0.7142857 0.3333333 0.7142857 0.3888889 0.6428571 0.3888889 0.7142857 0.7777778 0.6428571 0.7777778 0.6428571 0.7222222 0.7142857 0.2777778 0.7142857 0.3333333 0.6428571 0.3333333 0.7142857 0.7222222 0.6428571 0.7222222 0.6428571 0.6666666 0.7142857 0.2222222 0.7142857 0.2777778 0.6428571 0.2777778 0.7142857 0.6111112 0.7142857 0.6666666 0.6428571 0.6666666 0.7142857 0.1666666 0.7142857 0.2222222 0.6428571 0.2222222 0.7142856 0.5555556 0.7142857 0.6111112 0.6428571 0.6111112 0.7142857 0.1111111 0.7142857 0.1666666 0.6428571 0.1666666 0.7142857 0.5 0.7142856 0.5555556 0.6428571 0.5555556 0.7142857 0.9444445 0.6428571 0.9444445 0.6428571 0.8888889 0.7142857 0.05555564 0.7142857 0.1111111 0.6428571 0.1111111 0.7142857 0.4444445 0.7142857 0.5 0.6428571 0.5 0.7142857 0.888889 0.6428571 0.8888889 0.6428571 0.8333333 0.6428571 0.1666666 0.6428571 0.2222222 0.5714285 0.2222222 0.6428571 0.5555556 0.6428571 0.6111112 0.5714285 0.6111112 0.6428571 0.1111111 0.6428571 0.1666666 0.5714285 0.1666666 0.6428571 0.5 0.6428571 0.5555556 0.5714285 0.5555556 0.6428571 0.9444445 0.5714285 0.9444445 0.5714285 0.8888889 0.6428571 0.05555564 0.6428571 0.1111111 0.5714285 0.1111111 0.6428571 0.4444445 0.6428571 0.5 0.5714286 0.5 0.6428571 0.8888889 0.5714285 0.8888889 0.5714285 0.8333333 0.6428571 0.3888889 0.6428571 0.4444445 0.5714285 0.4444445 0.6428571 0.8333333 0.5714285 0.8333333 0.5714285 0.7777778 0.6428571 0.3333333 0.6428571 0.3888889 0.5714285 0.3888889 0.6428571 0.7777778 0.5714285 0.7777778 0.5714285 0.7222222 0.6428571 0.2777778 0.6428571 0.3333333 0.5714285 0.3333333 0.6428571 0.7222222 0.5714285 0.7222222 0.5714286 0.6666666 0.6428571 0.2222222 0.6428571 0.2777778 0.5714285 0.2777778 0.6428571 0.6111112 0.6428571 0.6666666 0.5714286 0.6666666 0.5714285 0.1666666 0.5714285 0.2222222 0.5 0.2222223 0.5714285 0.5555556 0.5714285 0.6111112 0.5 0.6111112 0.5714285 0.1111111 0.5714285 0.1666666 0.5 0.1666666 0.5714286 0.5 0.5714285 0.5555556 0.5 0.5555556 0.5714285 0.9444445 0.4999999 0.9444445 0.5 0.8888889 0.5714285 0.05555564 0.5714285 0.1111111 0.5 0.1111111 0.5714285 0.4444445 0.5714286 0.5 0.5 0.5 0.5714285 0.8888889 0.5 0.8888889 0.5 0.8333333 0.5714285 0.3888889 0.5714285 0.4444445 0.5 0.4444445 0.5714285 0.8333333 0.5 0.8333333 0.5 0.7777778 0.5714285 0.3333333 0.5714285 0.3888889 0.5 0.3888889 0.5714285 0.7777778 0.5 0.7777778 0.5 0.7222222 0.5714285 0.2777778 0.5714285 0.3333333 0.5 0.3333333 0.5714285 0.7222222 0.5 0.7222222 0.5 0.6666666 0.5714285 0.2222222 0.5714285 0.2777778 0.5 0.2777778 0.5714285 0.6111112 0.5714286 0.6666666 0.5 0.6666666 0.5 0.2222223 0.4285714 0.2222223 0.4285714 0.1666666 0.5 0.5555556 0.5 0.6111112 0.4285714 0.6111111 0.5 0.1666666 0.4285714 0.1666666 0.4285714 0.1111111 0.5 0.5 0.5 0.5555556 0.4285714 0.5555556 0.4999999 0.9444445 0.4285714 0.9444444 0.4285714 0.8888889 0.5 0.1111111 0.4285714 0.1111111 0.4285714 0.05555564 0.5 0.4444445 0.5 0.5 0.4285714 0.5 0.5 0.8888889 0.4285714 0.8888889 0.4285714 0.8333333 0.5 0.3888889 0.5 0.4444445 0.4285714 0.4444445 0.5 0.8333333 0.4285714 0.8333333 0.4285714 0.7777777 0.5 0.3333333 0.5 0.3888889 0.4285714 0.388889 0.5 0.7777778 0.4285714 0.7777777 0.4285714 0.7222222 0.5 0.3333333 0.4285714 0.3333333 0.4285714 0.2777778 0.5 0.6666666 0.5 0.7222222 0.4285714 0.7222222 0.5 0.2777778 0.4285714 0.2777778 0.4285714 0.2222223 0.5 0.6111112 0.5 0.6666666 0.4285714 0.6666666 0.4285714 0.2222223 0.3571429 0.2222223 0.3571428 0.1666666 0.4285714 0.6111111 0.3571429 0.6111111 0.3571428 0.5555556 0.4285714 0.1666666 0.3571428 0.1666666 0.3571428 0.1111111 0.4285714 0.5555556 0.3571428 0.5555556 0.3571428 0.5 0.4285714 0.8888889 0.4285714 0.9444444 0.3571428 0.9444444 0.4285714 0.1111111 0.3571428 0.1111111 0.3571428 0.05555564 0.4285714 0.5 0.3571428 0.5 0.3571428 0.4444445 0.4285714 0.8333333 0.4285714 0.8888889 0.3571428 0.8888889 0.4285714 0.4444445 0.3571428 0.4444445 0.3571429 0.388889 0.4285714 0.7777777 0.4285714 0.8333333 0.3571428 0.8333333 0.4285714 0.388889 0.3571429 0.388889 0.3571429 0.3333333 0.4285714 0.7222222 0.4285714 0.7777777 0.3571429 0.7777777 0.4285714 0.3333333 0.3571429 0.3333333 0.3571428 0.2777779 0.4285714 0.6666666 0.4285714 0.7222222 0.3571428 0.7222222 0.4285714 0.2777778 0.3571428 0.2777779 0.3571429 0.2222223 0.4285714 0.6666666 0.3571429 0.6666666 0.3571429 0.6111111 0.3571429 0.2222223 0.2857143 0.2222223 0.2857143 0.1666668 0.3571429 0.6111111 0.2857143 0.6111111 0.2857143 0.5555556 0.3571428 0.1666666 0.2857143 0.1666668 0.2857142 0.1111111 0.3571428 0.5555556 0.2857143 0.5555556 0.2857143 0.5 0.3571428 0.8888889 0.3571428 0.9444444 0.2857143 0.9444444 0.3571428 0.1111111 0.2857142 0.1111111 0.2857143 0.05555564 0.3571428 0.5 0.2857143 0.5 0.2857143 0.4444445 0.3571428 0.8333333 0.3571428 0.8888889 0.2857143 0.8888889 0.3571428 0.4444445 0.2857143 0.4444445 0.2857143 0.388889 0.3571429 0.7777777 0.3571428 0.8333333 0.2857143 0.8333333 0.3571429 0.388889 0.2857143 0.388889 0.2857143 0.3333333 0.3571428 0.7222222 0.3571429 0.7777777 0.2857143 0.7777777 0.3571429 0.3333333 0.2857143 0.3333333 0.2857143 0.2777779 0.3571429 0.6666666 0.3571428 0.7222222 0.2857143 0.7222222 0.3571428 0.2777779 0.2857143 0.2777779 0.2857143 0.2222223 0.3571429 0.6666666 0.2857143 0.6666666 0.2857143 0.6111111 0.2857143 0.2222223 0.2142857 0.2222223 0.2142857 0.1666668 0.2857143 0.6111111 0.2142857 0.6111111 0.2142857 0.5555556 0.2857143 0.1666668 0.2142857 0.1666668 0.2142857 0.1111111 0.2857143 0.5555556 0.2142857 0.5555556 0.2142857 0.5 0.2857143 0.8888889 0.2857143 0.9444444 0.2142857 0.9444444 0.2857142 0.1111111 0.2142857 0.1111111 0.2142857 0.05555564 0.2857143 0.5 0.2142857 0.5 0.2142857 0.4444445 0.2857143 0.8333333 0.2857143 0.8888889 0.2142857 0.8888889 0.2857143 0.4444445 0.2142857 0.4444445 0.2142857 0.388889 0.2857143 0.7777777 0.2857143 0.8333333 0.2142857 0.8333333 0.2857143 0.388889 0.2142857 0.388889 0.2142857 0.3333333 0.2857143 0.7222222 0.2857143 0.7777777 0.2142857 0.7777777 0.2857143 0.3333333 0.2142857 0.3333333 0.2142857 0.2777779 0.2857143 0.6666666 0.2857143 0.7222222 0.2142857 0.7222222 0.2857143 0.2777779 0.2142857 0.2777779 0.2142857 0.2222223 0.2857143 0.6666666 0.2142857 0.6666666 0.2142857 0.6111111 0.2142857 0.2222223 0.1428571 0.2222223 0.1428571 0.1666666 0.2142857 0.6111111 0.1428571 0.6111111 0.1428571 0.5555556 0.2142857 0.1666668 0.1428571 0.1666666 0.1428571 0.1111111 0.2142857 0.5 0.2142857 0.5555556 0.1428571 0.5555556 0.2142857 0.9444444 0.1428571 0.9444444 0.1428571 0.8888889 0.2142857 0.1111111 0.1428571 0.1111111 0.1428571 0.05555564 0.2142857 0.4444445 0.2142857 0.5 0.1428571 0.5 0.2142857 0.8888889 0.1428571 0.8888889 0.1428571 0.8333333 0.2142857 0.388889 0.2142857 0.4444445 0.1428571 0.4444445 0.2142857 0.8333333 0.1428571 0.8333333 0.1428571 0.7777777 0.2142857 0.3333333 0.2142857 0.388889 0.1428571 0.388889 0.2142857 0.7777777 0.1428571 0.7777777 0.1428571 0.7222222 0.2142857 0.2777779 0.2142857 0.3333333 0.1428571 0.3333333 0.2142857 0.7222222 0.1428571 0.7222222 0.1428571 0.6666666 0.2142857 0.2222223 0.2142857 0.2777779 0.1428571 0.2777779 0.2142857 0.6666666 0.1428571 0.6666666 0.1428571 0.6111111 0.1428571 0.1666666 0.1428571 0.2222223 0.07142859 0.2222223 0.1428571 0.5555556 0.1428571 0.6111111 0.07142859 0.6111112 0.1428571 0.1111111 0.1428571 0.1666666 0.07142859 0.1666666 0.1428571 0.5 0.1428571 0.5555556 0.07142853 0.5555556 0.1428571 0.9444444 0.07142859 0.9444444 0.07142859 0.8888889 0.1428571 0.1111111 0.07142859 0.1111111 0.07142859 0.05555564 0.1428571 0.4444445 0.1428571 0.5 0.07142859 0.5 0.1428571 0.8888889 0.07142859 0.8888889 0.07142859 0.8333333 0.1428571 0.388889 0.1428571 0.4444445 0.07142853 0.4444445 0.1428571 0.8333333 0.07142859 0.8333333 0.07142859 0.7777777 0.1428571 0.3333333 0.1428571 0.388889 0.07142859 0.3888889 0.1428571 0.7777777 0.07142859 0.7777777 0.07142859 0.7222222 0.1428571 0.2777779 0.1428571 0.3333333 0.07142859 0.3333333 0.1428571 0.7222222 0.07142859 0.7222222 0.07142859 0.6666666 0.1428571 0.2222223 0.1428571 0.2777779 0.07142859 0.2777778 0.1428571 0.6666666 0.07142859 0.6666666 0.07142859 0.6111112 0.07142859 0.1666666 0.07142859 0.2222223 0 0.2222222 0.07142853 0.5555556 0.07142859 0.6111112 0 0.6111112 0.07142859 0.1111111 0.07142859 0.1666666 0 0.1666666 0.07142859 0.5 0.07142853 0.5555556 0 0.5555556 0.07142859 0.9444444 0 0.9444444 0 0.888889 0.07142859 0.05555564 0.07142859 0.1111111 0 0.1111111 0.07142853 0.4444445 0.07142859 0.5 0 0.5 0.07142859 0.8888889 0 0.888889 0 0.8333333 0.07142859 0.3888889 0.07142853 0.4444445 0 0.4444445 0.07142859 0.8333333 0 0.8333333 0 0.7777777 0.07142859 0.3333333 0.07142859 0.3888889 0 0.3888889 0.07142859 0.7777777 0 0.7777777 0 0.7222222 0.07142859 0.2777778 0.07142859 0.3333333 0 0.3333333 0.07142859 0.7222222 0 0.7222222 0 0.6666666 0.07142859 0.2222223 0.07142859 0.2777778 0 0.2777778 0.07142859 0.6666666 0 0.6666666 0 0.6111112 1 0.1666666 1 0.2222222 0.9285715 0.2222222 1 0.5555556 1 0.6111112 0.9285714 0.6111112 1 0.1111111 1 0.1666666 0.9285715 0.1666666 1 0.5 1 0.5555556 0.9285714 0.5555556 1 0.888889 1 0.9444444 0.9285715 0.9444444 1 0.05555564 1 0.1111111 0.9285714 0.1111111 1 0.5 0.9285714 0.5 0.9285714 0.4444445 1 0.8333333 1 0.888889 0.9285715 0.888889 1 0.4444445 0.9285714 0.4444445 0.9285714 0.3888889 1 0.8333333 0.9285714 0.8333334 0.9285715 0.7777778 1 0.3333333 1 0.3888889 0.9285714 0.3888889 1 0.7777777 0.9285715 0.7777778 0.9285714 0.7222222 1 0.2777778 1 0.3333333 0.9285715 0.3333333 1 0.7222222 0.9285714 0.7222222 0.9285715 0.6666666 1 0.2222222 1 0.2777778 0.9285714 0.2777778 1 0.6111112 1 0.6666666 0.9285715 0.6666666 0.9285715 0.1666666 0.9285715 0.2222222 0.8571429 0.2222222 0.9285714 0.6111112 0.8571428 0.6111112 0.8571428 0.5555556 0.9285714 0.1111111 0.9285715 0.1666666 0.8571428 0.1666666 0.9285714 0.5555556 0.8571428 0.5555556 0.8571428 0.5 0.9285715 0.888889 0.9285715 0.9444444 0.8571429 0.9444445 0.9285714 0.1111111 0.8571428 0.1111111 0.8571429 0.05555564 0.9285714 0.5 0.8571428 0.5 0.8571428 0.4444444 0.9285714 0.8333334 0.9285715 0.888889 0.8571429 0.888889 0.9285714 0.4444445 0.8571428 0.4444444 0.8571428 0.3888889 0.9285715 0.7777778 0.9285714 0.8333334 0.8571428 0.8333334 0.9285714 0.3888889 0.8571428 0.3888889 0.8571428 0.3333333 0.9285714 0.7222222 0.9285715 0.7777778 0.8571429 0.7777778 0.9285714 0.2777778 0.9285715 0.3333333 0.8571428 0.3333333 0.9285715 0.6666666 0.9285714 0.7222222 0.8571428 0.7222222 0.9285715 0.2222222 0.9285714 0.2777778 0.8571428 0.2777778 0.9285714 0.6111112 0.9285715 0.6666666 0.8571428 0.6666666 0.8571428 0.1666666 0.8571429 0.2222222 0.7857143 0.2222222 0.8571428 0.6111112 0.7857143 0.6111112 0.7857142 0.5555556 0.8571428 0.1111111 0.8571428 0.1666666 0.7857143 0.1666666 0.8571428 0.5555556 0.7857142 0.5555556 0.7857143 0.5 0.8571429 0.888889 0.8571429 0.9444445 0.7857143 0.9444445 0.8571429 0.05555564 0.8571428 0.1111111 0.7857143 0.1111111 0.8571428 0.5 0.7857143 0.5 0.7857142 0.4444444 0.8571428 0.8333334 0.8571429 0.888889 0.7857143 0.888889 0.8571428 0.4444444 0.7857142 0.4444444 0.7857143 0.3888889 0.8571429 0.7777778 0.8571428 0.8333334 0.7857143 0.8333334 0.8571428 0.3888889 0.7857143 0.3888889 0.7857143 0.3333333 0.8571428 0.7222222 0.8571429 0.7777778 0.7857143 0.7777778 0.8571428 0.3333333 0.7857143 0.3333333 0.7857143 0.2777778 0.8571428 0.6666666 0.8571428 0.7222222 0.7857143 0.7222222 0.8571429 0.2222222 0.8571428 0.2777778 0.7857143 0.2777778 0.8571428 0.6111112 0.8571428 0.6666666 0.7857143 0.6666666 0.7857143 0.1666666 0.7857143 0.2222222 0.7142857 0.2222222 0.7857142 0.5555556 0.7857143 0.6111112 0.7142857 0.6111112 0.7857143 0.1111111 0.7857143 0.1666666 0.7142857 0.1666666 0.7857142 0.5555556 0.7142856 0.5555556 0.7142857 0.5 0.7857143 0.888889 0.7857143 0.9444445 0.7142857 0.9444445 0.7857143 0.05555564 0.7857143 0.1111111 0.7142857 0.1111111 0.7857143 0.5 0.7142857 0.5 0.7142857 0.4444445 0.7857143 0.8333334 0.7857143 0.888889 0.7142857 0.888889 0.7857142 0.4444444 0.7142857 0.4444445 0.7142857 0.3888889 0.7857143 0.7777778 0.7857143 0.8333334 0.7142857 0.8333333 0.7857143 0.3888889 0.7142857 0.3888889 0.7142857 0.3333333 0.7857143 0.7222222 0.7857143 0.7777778 0.7142857 0.7777778 0.7857143 0.2777778 0.7857143 0.3333333 0.7142857 0.3333333 0.7857143 0.6666666 0.7857143 0.7222222 0.7142857 0.7222222 0.7857143 0.2777778 0.7142857 0.2777778 0.7142857 0.2222222 0.7857143 0.6111112 0.7857143 0.6666666 0.7142857 0.6666666 0.7142857 0.4444445 0.6428571 0.4444445 0.6428571 0.3888889 0.7142857 0.7777778 0.7142857 0.8333333 0.6428571 0.8333333 0.7142857 0.3888889 0.6428571 0.3888889 0.6428571 0.3333333 0.7142857 0.7222222 0.7142857 0.7777778 0.6428571 0.7777778 0.7142857 0.3333333 0.6428571 0.3333333 0.6428571 0.2777778 0.7142857 0.6666666 0.7142857 0.7222222 0.6428571 0.7222222 0.7142857 0.2777778 0.6428571 0.2777778 0.6428571 0.2222222 0.7142857 0.6111112 0.7142857 0.6666666 0.6428571 0.6666666 0.7142857 0.2222222 0.6428571 0.2222222 0.6428571 0.1666666 0.7142857 0.6111112 0.6428571 0.6111112 0.6428571 0.5555556 0.7142857 0.1666666 0.6428571 0.1666666 0.6428571 0.1111111 0.7142856 0.5555556 0.6428571 0.5555556 0.6428571 0.5 0.7142857 0.888889 0.7142857 0.9444445 0.6428571 0.9444445 0.7142857 0.1111111 0.6428571 0.1111111 0.6428571 0.05555564 0.7142857 0.5 0.6428571 0.5 0.6428571 0.4444445 0.7142857 0.8333333 0.7142857 0.888889 0.6428571 0.8888889 0.6428571 0.2222222 0.5714285 0.2222222 0.5714285 0.1666666 0.6428571 0.6111112 0.5714285 0.6111112 0.5714285 0.5555556 0.6428571 0.1666666 0.5714285 0.1666666 0.5714285 0.1111111 0.6428571 0.5555556 0.5714285 0.5555556 0.5714286 0.5 0.6428571 0.8888889 0.6428571 0.9444445 0.5714285 0.9444445 0.6428571 0.1111111 0.5714285 0.1111111 0.5714285 0.05555564 0.6428571 0.5 0.5714286 0.5 0.5714285 0.4444445 0.6428571 0.8333333 0.6428571 0.8888889 0.5714285 0.8888889 0.6428571 0.4444445 0.5714285 0.4444445 0.5714285 0.3888889 0.6428571 0.7777778 0.6428571 0.8333333 0.5714285 0.8333333 0.6428571 0.3888889 0.5714285 0.3888889 0.5714285 0.3333333 0.6428571 0.7222222 0.6428571 0.7777778 0.5714285 0.7777778 0.6428571 0.3333333 0.5714285 0.3333333 0.5714285 0.2777778 0.6428571 0.6666666 0.6428571 0.7222222 0.5714285 0.7222222 0.6428571 0.2777778 0.5714285 0.2777778 0.5714285 0.2222222 0.6428571 0.6111112 0.6428571 0.6666666 0.5714286 0.6666666 0.5714285 0.2222222 0.5 0.2222223 0.5 0.1666666 0.5714285 0.5555556 0.5714285 0.6111112 0.5 0.6111112 0.5714285 0.1666666 0.5 0.1666666 0.5 0.1111111 0.5714286 0.5 0.5714285 0.5555556 0.5 0.5555556 0.5714285 0.8888889 0.5714285 0.9444445 0.4999999 0.9444445 0.5714285 0.1111111 0.5 0.1111111 0.5 0.05555564 0.5714286 0.5 0.5 0.5 0.5 0.4444445 0.5714285 0.8333333 0.5714285 0.8888889 0.5 0.8888889 0.5714285 0.4444445 0.5 0.4444445 0.5 0.3888889 0.5714285 0.7777778 0.5714285 0.8333333 0.5 0.8333333 0.5714285 0.3888889 0.5 0.3888889 0.5 0.3333333 0.5714285 0.7777778 0.5 0.7777778 0.5 0.7222222 0.5714285 0.3333333 0.5 0.3333333 0.5 0.2777778 0.5714285 0.7222222 0.5 0.7222222 0.5 0.6666666 0.5714285 0.2777778 0.5 0.2777778 0.5 0.2222223 0.5714286 0.6666666 0.5 0.6666666 0.5 0.6111112 0.5 0.2222223 0.4285714 0.2222223 0.4285714 0.1666666 0.5 0.6111112 0.4285714 0.6111111 0.4285714 0.5555556 0.5 0.1666666 0.4285714 0.1666666 0.4285714 0.1111111 0.5 0.5555556 0.4285714 0.5555556 0.4285714 0.5 0.4999999 0.9444445 0.4285714 0.9444444 0.4285714 0.8888889 0.5 0.1111111 0.4285714 0.1111111 0.4285714 0.05555564 0.5 0.4444445 0.5 0.5 0.4285714 0.5 0.5 0.8888889 0.4285714 0.8888889 0.4285714 0.8333333 0.5 0.3888889 0.5 0.4444445 0.4285714 0.4444445 0.5 0.8333333 0.4285714 0.8333333 0.4285714 0.7777777 0.5 0.3333333 0.5 0.3888889 0.4285714 0.388889 0.5 0.7222222 0.5 0.7777778 0.4285714 0.7777777 0.5 0.2777778 0.5 0.3333333 0.4285714 0.3333333 0.5 0.7222222 0.4285714 0.7222222 0.4285714 0.6666666 0.5 0.2777778 0.4285714 0.2777778 0.4285714 0.2222223 0.5 0.6666666 0.4285714 0.6666666 0.4285714 0.6111111 0.4285714 0.1666666 0.4285714 0.2222223 0.3571429 0.2222223 0.4285714 0.5555556 0.4285714 0.6111111 0.3571429 0.6111111 0.4285714 0.1111111 0.4285714 0.1666666 0.3571428 0.1666666 0.4285714 0.5555556 0.3571428 0.5555556 0.3571428 0.5 0.4285714 0.9444444 0.3571428 0.9444444 0.3571428 0.8888889 0.4285714 0.05555564 0.4285714 0.1111111 0.3571428 0.1111111 0.4285714 0.5 0.3571428 0.5 0.3571428 0.4444445 0.4285714 0.8888889 0.3571428 0.8888889 0.3571428 0.8333333 0.4285714 0.388889 0.4285714 0.4444445 0.3571428 0.4444445 0.4285714 0.8333333 0.3571428 0.8333333 0.3571429 0.7777777 0.4285714 0.3333333 0.4285714 0.388889 0.3571429 0.388889 0.4285714 0.7777777 0.3571429 0.7777777 0.3571428 0.7222222 0.4285714 0.2777778 0.4285714 0.3333333 0.3571429 0.3333333 0.4285714 0.7222222 0.3571428 0.7222222 0.3571429 0.6666666 0.4285714 0.2222223 0.4285714 0.2777778 0.3571428 0.2777779 0.4285714 0.6111111 0.4285714 0.6666666 0.3571429 0.6666666 0.3571428 0.1666666 0.3571429 0.2222223 0.2857143 0.2222223 0.3571429 0.6111111 0.2857143 0.6111111 0.2857143 0.5555556 0.3571428 0.1111111 0.3571428 0.1666666 0.2857143 0.1666668 0.3571428 0.5555556 0.2857143 0.5555556 0.2857143 0.5 0.3571428 0.9444444 0.2857143 0.9444444 0.2857143 0.8888889 0.3571428 0.05555564 0.3571428 0.1111111 0.2857142 0.1111111 0.3571428 0.5 0.2857143 0.5 0.2857143 0.4444445 0.3571428 0.8888889 0.2857143 0.8888889 0.2857143 0.8333333 0.3571429 0.388889 0.3571428 0.4444445 0.2857143 0.4444445 0.3571428 0.8333333 0.2857143 0.8333333 0.2857143 0.7777777 0.3571429 0.3333333 0.3571429 0.388889 0.2857143 0.388889 0.3571429 0.7777777 0.2857143 0.7777777 0.2857143 0.7222222 0.3571428 0.2777779 0.3571429 0.3333333 0.2857143 0.3333333 0.3571428 0.7222222 0.2857143 0.7222222 0.2857143 0.6666666 0.3571429 0.2222223 0.3571428 0.2777779 0.2857143 0.2777779 0.3571429 0.6666666 0.2857143 0.6666666 0.2857143 0.6111111 0.2857143 0.2222223 0.2142857 0.2222223 0.2142857 0.1666668 0.2857143 0.6111111 0.2142857 0.6111111 0.2142857 0.5555556 0.2857143 0.1666668 0.2142857 0.1666668 0.2142857 0.1111111 0.2857143 0.5555556 0.2142857 0.5555556 0.2142857 0.5 0.2857143 0.9444444 0.2142857 0.9444444 0.2142857 0.8888889 0.2857143 0.05555564 0.2857142 0.1111111 0.2142857 0.1111111 0.2857143 0.5 0.2142857 0.5 0.2142857 0.4444445 0.2857143 0.8888889 0.2142857 0.8888889 0.2142857 0.8333333 0.2857143 0.388889 0.2857143 0.4444445 0.2142857 0.4444445 0.2857143 0.8333333 0.2142857 0.8333333 0.2142857 0.7777777 0.2857143 0.3333333 0.2857143 0.388889 0.2142857 0.388889 0.2857143 0.7777777 0.2142857 0.7777777 0.2142857 0.7222222 0.2857143 0.2777779 0.2857143 0.3333333 0.2142857 0.3333333 0.2857143 0.7222222 0.2142857 0.7222222 0.2142857 0.6666666 0.2857143 0.2222223 0.2857143 0.2777779 0.2142857 0.2777779 0.2857143 0.6666666 0.2142857 0.6666666 0.2142857 0.6111111 0.2142857 0.2222223 0.1428571 0.2222223 0.1428571 0.1666666 0.2142857 0.6111111 0.1428571 0.6111111 0.1428571 0.5555556 0.2142857 0.1666668 0.1428571 0.1666666 0.1428571 0.1111111 0.2142857 0.5555556 0.1428571 0.5555556 0.1428571 0.5 0.2142857 0.8888889 0.2142857 0.9444444 0.1428571 0.9444444 0.2142857 0.1111111 0.1428571 0.1111111 0.1428571 0.05555564 0.2142857 0.5 0.1428571 0.5 0.1428571 0.4444445 0.2142857 0.8333333 0.2142857 0.8888889 0.1428571 0.8888889 0.2142857 0.4444445 0.1428571 0.4444445 0.1428571 0.388889 0.2142857 0.7777777 0.2142857 0.8333333 0.1428571 0.8333333 0.2142857 0.388889 0.1428571 0.388889 0.1428571 0.3333333 0.2142857 0.7222222 0.2142857 0.7777777 0.1428571 0.7777777 0.2142857 0.3333333 0.1428571 0.3333333 0.1428571 0.2777779 0.2142857 0.6666666 0.2142857 0.7222222 0.1428571 0.7222222 0.2142857 0.2777779 0.1428571 0.2777779 0.1428571 0.2222223 0.2142857 0.6666666 0.1428571 0.6666666 0.1428571 0.6111111 0.1428571 0.2222223 0.07142859 0.2222223 0.07142859 0.1666666 0.1428571 0.6111111 0.07142859 0.6111112 0.07142853 0.5555556 0.1428571 0.1666666 0.07142859 0.1666666 0.07142859 0.1111111 0.1428571 0.5555556 0.07142853 0.5555556 0.07142859 0.5 0.1428571 0.8888889 0.1428571 0.9444444 0.07142859 0.9444444 0.1428571 0.1111111 0.07142859 0.1111111 0.07142859 0.05555564 0.1428571 0.5 0.07142859 0.5 0.07142853 0.4444445 0.1428571 0.8333333 0.1428571 0.8888889 0.07142859 0.8888889 0.1428571 0.4444445 0.07142853 0.4444445 0.07142859 0.3888889 0.1428571 0.7777777 0.1428571 0.8333333 0.07142859 0.8333333 0.1428571 0.388889 0.07142859 0.3888889 0.07142859 0.3333333 0.1428571 0.7222222 0.1428571 0.7777777 0.07142859 0.7777777 0.1428571 0.3333333 0.07142859 0.3333333 0.07142859 0.2777778 0.1428571 0.6666666 0.1428571 0.7222222 0.07142859 0.7222222 0.1428571 0.2777779 0.07142859 0.2777778 0.07142859 0.2222223 0.1428571 0.6666666 0.07142859 0.6666666 0.07142859 0.6111112 0.07142859 0.2222223 0 0.2222222 0 0.1666666 0.07142859 0.6111112 0 0.6111112 0 0.5555556 0.07142859 0.1666666 0 0.1666666 0 0.1111111 0.07142853 0.5555556 0 0.5555556 0 0.5 0.07142859 0.8888889 0.07142859 0.9444444 0 0.9444444 0.07142859 0.1111111 0 0.1111111 0 0.05555564 0.07142859 0.5 0 0.5 0 0.4444445 0.07142859 0.8333333 0.07142859 0.8888889 0 0.888889 0.07142853 0.4444445 0 0.4444445 0 0.3888889 0.07142859 0.7777777 0.07142859 0.8333333 0 0.8333333 0.07142859 0.3888889 0 0.3888889 0 0.3333333 0.07142859 0.7222222 0.07142859 0.7777777 0 0.7777777 0.07142859 0.3333333 0 0.3333333 0 0.2777778 0.07142859 0.6666666 0.07142859 0.7222222 0 0.7222222 0.07142859 0.2777778 0 0.2777778 0 0.2222222 0.07142859 0.6666666 0 0.6666666 0 0.6111112 1 0.1666666 1 0.2222222 0.9285715 0.2222222 1 0.5555556 1 0.6111112 0.9285714 0.6111112 1 0.1111111 1 0.1666666 0.9285715 0.1666666 1 0.5 1 0.5555556 0.9285714 0.5555556 1 0.888889 1 0.9444444 0.9285715 0.9444444 1 0.05555564 1 0.1111111 0.9285714 0.1111111 1 0.4444445 1 0.5 0.9285714 0.5 1 0.8333333 1 0.888889 0.9285715 0.888889 1 0.3888889 1 0.4444445 0.9285714 0.4444445 1 0.8333333 0.9285714 0.8333334 0.9285715 0.7777778 1 0.3333333 1 0.3888889 0.9285714 0.3888889 1 0.7777777 0.9285715 0.7777778 0.9285714 0.7222222 1 0.2777778 1 0.3333333 0.9285715 0.3333333 1 0.7222222 0.9285714 0.7222222 0.9285715 0.6666666 1 0.2222222 1 0.2777778 0.9285714 0.2777778 1 0.6111112 1 0.6666666 0.9285715 0.6666666 0.9285715 0.1666666 0.9285715 0.2222222 0.8571429 0.2222222 0.9285714 0.5555556 0.9285714 0.6111112 0.8571428 0.6111112 0.9285714 0.1111111 0.9285715 0.1666666 0.8571428 0.1666666 0.9285714 0.5 0.9285714 0.5555556 0.8571428 0.5555556 0.9285715 0.9444444 0.8571429 0.9444445 0.8571429 0.888889 0.9285715 0.05555564 0.9285714 0.1111111 0.8571428 0.1111111 0.9285714 0.4444445 0.9285714 0.5 0.8571428 0.5 0.9285715 0.888889 0.8571429 0.888889 0.8571428 0.8333334 0.9285714 0.3888889 0.9285714 0.4444445 0.8571428 0.4444444 0.9285714 0.8333334 0.8571428 0.8333334 0.8571429 0.7777778 0.9285715 0.3333333 0.9285714 0.3888889 0.8571428 0.3888889 0.9285715 0.7777778 0.8571429 0.7777778 0.8571428 0.7222222 0.9285714 0.2777778 0.9285715 0.3333333 0.8571428 0.3333333 0.9285714 0.7222222 0.8571428 0.7222222 0.8571428 0.6666666 0.9285715 0.2222222 0.9285714 0.2777778 0.8571428 0.2777778 0.9285714 0.6111112 0.9285715 0.6666666 0.8571428 0.6666666 0.8571428 0.1666666 0.8571429 0.2222222 0.7857143 0.2222222 0.8571428 0.5555556 0.8571428 0.6111112 0.7857143 0.6111112 0.8571428 0.1111111 0.8571428 0.1666666 0.7857143 0.1666666 0.8571428 0.5 0.8571428 0.5555556 0.7857142 0.5555556 0.8571429 0.9444445 0.7857143 0.9444445 0.7857143 0.888889 0.8571429 0.05555564 0.8571428 0.1111111 0.7857143 0.1111111 0.8571428 0.4444444 0.8571428 0.5 0.7857143 0.5 0.8571429 0.888889 0.7857143 0.888889 0.7857143 0.8333334 0.8571428 0.3888889 0.8571428 0.4444444 0.7857142 0.4444444 0.8571428 0.8333334 0.7857143 0.8333334 0.7857143 0.7777778 0.8571428 0.3333333 0.8571428 0.3888889 0.7857143 0.3888889 0.8571429 0.7777778 0.7857143 0.7777778 0.7857143 0.7222222 0.8571428 0.2777778 0.8571428 0.3333333 0.7857143 0.3333333 0.8571428 0.7222222 0.7857143 0.7222222 0.7857143 0.6666666 0.8571429 0.2222222 0.8571428 0.2777778 0.7857143 0.2777778 0.8571428 0.6111112 0.8571428 0.6666666 0.7857143 0.6666666 0.7857143 0.1666666 0.7857143 0.2222222 0.7142857 0.2222222 0.7857142 0.5555556 0.7857143 0.6111112 0.7142857 0.6111112 0.7857143 0.1111111 0.7857143 0.1666666 0.7142857 0.1666666 0.7857143 0.5 0.7857142 0.5555556 0.7142856 0.5555556 0.7857143 0.9444445 0.7142857 0.9444445 0.7142857 0.888889 0.7857143 0.05555564 0.7857143 0.1111111 0.7142857 0.1111111 0.7857142 0.4444444 0.7857143 0.5 0.7142857 0.5 0.7857143 0.888889 0.7142857 0.888889 0.7142857 0.8333333 0.7857143 0.3888889 0.7857142 0.4444444 0.7142857 0.4444445 0.7857143 0.8333334 0.7142857 0.8333333 0.7142857 0.7777778 0.7857143 0.3333333 0.7857143 0.3888889 0.7142857 0.3888889 0.7857143 0.7777778 0.7142857 0.7777778 0.7142857 0.7222222 0.7857143 0.2777778 0.7857143 0.3333333 0.7142857 0.3333333 0.7857143 0.7222222 0.7142857 0.7222222 0.7142857 0.6666666 0.7857143 0.2222222 0.7857143 0.2777778 0.7142857 0.2777778 0.7857143 0.6111112 0.7857143 0.6666666 0.7142857 0.6666666 0.7142857 0.3888889 0.7142857 0.4444445 0.6428571 0.4444445 0.7142857 0.8333333 0.6428571 0.8333333 0.6428571 0.7777778 0.7142857 0.3333333 0.7142857 0.3888889 0.6428571 0.3888889 0.7142857 0.7777778 0.6428571 0.7777778 0.6428571 0.7222222 0.7142857 0.2777778 0.7142857 0.3333333 0.6428571 0.3333333 0.7142857 0.7222222 0.6428571 0.7222222 0.6428571 0.6666666 0.7142857 0.2222222 0.7142857 0.2777778 0.6428571 0.2777778 0.7142857 0.6111112 0.7142857 0.6666666 0.6428571 0.6666666 0.7142857 0.1666666 0.7142857 0.2222222 0.6428571 0.2222222 0.7142856 0.5555556 0.7142857 0.6111112 0.6428571 0.6111112 0.7142857 0.1111111 0.7142857 0.1666666 0.6428571 0.1666666 0.7142857 0.5 0.7142856 0.5555556 0.6428571 0.5555556 0.7142857 0.9444445 0.6428571 0.9444445 0.6428571 0.8888889 0.7142857 0.05555564 0.7142857 0.1111111 0.6428571 0.1111111 0.7142857 0.4444445 0.7142857 0.5 0.6428571 0.5 0.7142857 0.888889 0.6428571 0.8888889 0.6428571 0.8333333 0.6428571 0.1666666 0.6428571 0.2222222 0.5714285 0.2222222 0.6428571 0.5555556 0.6428571 0.6111112 0.5714285 0.6111112 0.6428571 0.1111111 0.6428571 0.1666666 0.5714285 0.1666666 0.6428571 0.5 0.6428571 0.5555556 0.5714285 0.5555556 0.6428571 0.9444445 0.5714285 0.9444445 0.5714285 0.8888889 0.6428571 0.05555564 0.6428571 0.1111111 0.5714285 0.1111111 0.6428571 0.4444445 0.6428571 0.5 0.5714286 0.5 0.6428571 0.8888889 0.5714285 0.8888889 0.5714285 0.8333333 0.6428571 0.3888889 0.6428571 0.4444445 0.5714285 0.4444445 0.6428571 0.8333333 0.5714285 0.8333333 0.5714285 0.7777778 0.6428571 0.3333333 0.6428571 0.3888889 0.5714285 0.3888889 0.6428571 0.7777778 0.5714285 0.7777778 0.5714285 0.7222222 0.6428571 0.2777778 0.6428571 0.3333333 0.5714285 0.3333333 0.6428571 0.7222222 0.5714285 0.7222222 0.5714286 0.6666666 0.6428571 0.2222222 0.6428571 0.2777778 0.5714285 0.2777778 0.6428571 0.6111112 0.6428571 0.6666666 0.5714286 0.6666666 0.5714285 0.1666666 0.5714285 0.2222222 0.5 0.2222223 0.5714285 0.5555556 0.5714285 0.6111112 0.5 0.6111112 0.5714285 0.1111111 0.5714285 0.1666666 0.5 0.1666666 0.5714286 0.5 0.5714285 0.5555556 0.5 0.5555556 0.5714285 0.9444445 0.4999999 0.9444445 0.5 0.8888889 0.5714285 0.05555564 0.5714285 0.1111111 0.5 0.1111111 0.5714285 0.4444445 0.5714286 0.5 0.5 0.5 0.5714285 0.8888889 0.5 0.8888889 0.5 0.8333333 0.5714285 0.3888889 0.5714285 0.4444445 0.5 0.4444445 0.5714285 0.8333333 0.5 0.8333333 0.5 0.7777778 0.5714285 0.3333333 0.5714285 0.3888889 0.5 0.3888889 0.5714285 0.7777778 0.5 0.7777778 0.5 0.7222222 0.5714285 0.2777778 0.5714285 0.3333333 0.5 0.3333333 0.5714285 0.7222222 0.5 0.7222222 0.5 0.6666666 0.5714285 0.2222222 0.5714285 0.2777778 0.5 0.2777778 0.5714285 0.6111112 0.5714286 0.6666666 0.5 0.6666666 0.5 0.2222223 0.4285714 0.2222223 0.4285714 0.1666666 0.5 0.5555556 0.5 0.6111112 0.4285714 0.6111111 0.5 0.1666666 0.4285714 0.1666666 0.4285714 0.1111111 0.5 0.5 0.5 0.5555556 0.4285714 0.5555556 0.4999999 0.9444445 0.4285714 0.9444444 0.4285714 0.8888889 0.5 0.1111111 0.4285714 0.1111111 0.4285714 0.05555564 0.5 0.4444445 0.5 0.5 0.4285714 0.5 0.5 0.8333333 0.5 0.8888889 0.4285714 0.8888889 0.5 0.3888889 0.5 0.4444445 0.4285714 0.4444445 0.5 0.8333333 0.4285714 0.8333333 0.4285714 0.7777777 0.5 0.3888889 0.4285714 0.388889 0.4285714 0.3333333 0.5 0.7777778 0.4285714 0.7777777 0.4285714 0.7222222 0.5 0.3333333 0.4285714 0.3333333 0.4285714 0.2777778 0.5 0.7222222 0.4285714 0.7222222 0.4285714 0.6666666 0.5 0.2777778 0.4285714 0.2777778 0.4285714 0.2222223 0.5 0.6111112 0.5 0.6666666 0.4285714 0.6666666 0.4285714 0.2222223 0.3571429 0.2222223 0.3571428 0.1666666 0.4285714 0.6111111 0.3571429 0.6111111 0.3571428 0.5555556 0.4285714 0.1666666 0.3571428 0.1666666 0.3571428 0.1111111 0.4285714 0.5555556 0.3571428 0.5555556 0.3571428 0.5 0.4285714 0.9444444 0.3571428 0.9444444 0.3571428 0.8888889 0.4285714 0.1111111 0.3571428 0.1111111 0.3571428 0.05555564 0.4285714 0.5 0.3571428 0.5 0.3571428 0.4444445 0.4285714 0.8333333 0.4285714 0.8888889 0.3571428 0.8888889 0.4285714 0.4444445 0.3571428 0.4444445 0.3571429 0.388889 0.4285714 0.7777777 0.4285714 0.8333333 0.3571428 0.8333333 0.4285714 0.388889 0.3571429 0.388889 0.3571429 0.3333333 0.4285714 0.7222222 0.4285714 0.7777777 0.3571429 0.7777777 0.4285714 0.3333333 0.3571429 0.3333333 0.3571428 0.2777779 0.4285714 0.6666666 0.4285714 0.7222222 0.3571428 0.7222222 0.4285714 0.2777778 0.3571428 0.2777779 0.3571429 0.2222223 0.4285714 0.6666666 0.3571429 0.6666666 0.3571429 0.6111111 0.3571429 0.2222223 0.2857143 0.2222223 0.2857143 0.1666668 0.3571429 0.6111111 0.2857143 0.6111111 0.2857143 0.5555556 0.3571428 0.1666666 0.2857143 0.1666668 0.2857142 0.1111111 0.3571428 0.5555556 0.2857143 0.5555556 0.2857143 0.5 0.3571428 0.8888889 0.3571428 0.9444444 0.2857143 0.9444444 0.3571428 0.1111111 0.2857142 0.1111111 0.2857143 0.05555564 0.3571428 0.5 0.2857143 0.5 0.2857143 0.4444445 0.3571428 0.8333333 0.3571428 0.8888889 0.2857143 0.8888889 0.3571428 0.4444445 0.2857143 0.4444445 0.2857143 0.388889 0.3571429 0.7777777 0.3571428 0.8333333 0.2857143 0.8333333 0.3571429 0.388889 0.2857143 0.388889 0.2857143 0.3333333 0.3571428 0.7222222 0.3571429 0.7777777 0.2857143 0.7777777 0.3571429 0.3333333 0.2857143 0.3333333 0.2857143 0.2777779 0.3571429 0.6666666 0.3571428 0.7222222 0.2857143 0.7222222 0.3571428 0.2777779 0.2857143 0.2777779 0.2857143 0.2222223 0.3571429 0.6666666 0.2857143 0.6666666 0.2857143 0.6111111 0.2857143 0.2222223 0.2142857 0.2222223 0.2142857 0.1666668 0.2857143 0.6111111 0.2142857 0.6111111 0.2142857 0.5555556 0.2857143 0.1666668 0.2142857 0.1666668 0.2142857 0.1111111 0.2857143 0.5555556 0.2142857 0.5555556 0.2142857 0.5 0.2857143 0.8888889 0.2857143 0.9444444 0.2142857 0.9444444 0.2857142 0.1111111 0.2142857 0.1111111 0.2142857 0.05555564 0.2857143 0.5 0.2142857 0.5 0.2142857 0.4444445 0.2857143 0.8333333 0.2857143 0.8888889 0.2142857 0.8888889 0.2857143 0.4444445 0.2142857 0.4444445 0.2142857 0.388889 0.2857143 0.7777777 0.2857143 0.8333333 0.2142857 0.8333333 0.2857143 0.388889 0.2142857 0.388889 0.2142857 0.3333333 0.2857143 0.7222222 0.2857143 0.7777777 0.2142857 0.7777777 0.2857143 0.3333333 0.2142857 0.3333333 0.2142857 0.2777779 0.2857143 0.6666666 0.2857143 0.7222222 0.2142857 0.7222222 0.2857143 0.2777779 0.2142857 0.2777779 0.2142857 0.2222223 0.2857143 0.6666666 0.2142857 0.6666666 0.2142857 0.6111111 0.2142857 0.2222223 0.1428571 0.2222223 0.1428571 0.1666666 0.2142857 0.5555556 0.2142857 0.6111111 0.1428571 0.6111111 0.2142857 0.1666668 0.1428571 0.1666666 0.1428571 0.1111111 0.2142857 0.5 0.2142857 0.5555556 0.1428571 0.5555556 0.2142857 0.9444444 0.1428571 0.9444444 0.1428571 0.8888889 0.2142857 0.1111111 0.1428571 0.1111111 0.1428571 0.05555564 0.2142857 0.4444445 0.2142857 0.5 0.1428571 0.5 0.2142857 0.8888889 0.1428571 0.8888889 0.1428571 0.8333333 0.2142857 0.388889 0.2142857 0.4444445 0.1428571 0.4444445 0.2142857 0.8333333 0.1428571 0.8333333 0.1428571 0.7777777 0.2142857 0.3333333 0.2142857 0.388889 0.1428571 0.388889 0.2142857 0.7777777 0.1428571 0.7777777 0.1428571 0.7222222 0.2142857 0.2777779 0.2142857 0.3333333 0.1428571 0.3333333 0.2142857 0.7222222 0.1428571 0.7222222 0.1428571 0.6666666 0.2142857 0.2222223 0.2142857 0.2777779 0.1428571 0.2777779 0.2142857 0.6666666 0.1428571 0.6666666 0.1428571 0.6111111 0.1428571 0.1666666 0.1428571 0.2222223 0.07142859 0.2222223 0.1428571 0.5555556 0.1428571 0.6111111 0.07142859 0.6111112 0.1428571 0.1111111 0.1428571 0.1666666 0.07142859 0.1666666 0.1428571 0.5 0.1428571 0.5555556 0.07142853 0.5555556 0.1428571 0.9444444 0.07142859 0.9444444 0.07142859 0.8888889 0.1428571 0.1111111 0.07142859 0.1111111 0.07142859 0.05555564 0.1428571 0.4444445 0.1428571 0.5 0.07142859 0.5 0.1428571 0.8888889 0.07142859 0.8888889 0.07142859 0.8333333 0.1428571 0.388889 0.1428571 0.4444445 0.07142853 0.4444445 0.1428571 0.8333333 0.07142859 0.8333333 0.07142859 0.7777777 0.1428571 0.3333333 0.1428571 0.388889 0.07142859 0.3888889 0.1428571 0.7777777 0.07142859 0.7777777 0.07142859 0.7222222 0.1428571 0.2777779 0.1428571 0.3333333 0.07142859 0.3333333 0.1428571 0.7222222 0.07142859 0.7222222 0.07142859 0.6666666 0.1428571 0.2222223 0.1428571 0.2777779 0.07142859 0.2777778 0.1428571 0.6666666 0.07142859 0.6666666 0.07142859 0.6111112 0.07142859 0.1666666 0.07142859 0.2222223 0 0.2222222 0.07142853 0.5555556 0.07142859 0.6111112 0 0.6111112 0.07142859 0.1111111 0.07142859 0.1666666 0 0.1666666 0.07142859 0.5 0.07142853 0.5555556 0 0.5555556 0.07142859 0.9444444 0 0.9444444 0 0.888889 0.07142859 0.05555564 0.07142859 0.1111111 0 0.1111111 0.07142853 0.4444445 0.07142859 0.5 0 0.5 0.07142859 0.8888889 0 0.888889 0 0.8333333 0.07142859 0.3888889 0.07142853 0.4444445 0 0.4444445 0.07142859 0.8333333 0 0.8333333 0 0.7777777 0.07142859 0.3333333 0.07142859 0.3888889 0 0.3888889 0.07142859 0.7777777 0 0.7777777 0 0.7222222 0.07142859 0.2777778 0.07142859 0.3333333 0 0.3333333 0.07142859 0.7222222 0 0.7222222 0 0.6666666 0.07142859 0.2222223 0.07142859 0.2777778 0 0.2777778 0.07142859 0.6666666 0 0.6666666 0 0.6111112 1 0.1666666 1 0.2222222 0.9285715 0.2222222 1 0.5555556 1 0.6111112 0.9285714 0.6111112 1 0.1111111 1 0.1666666 0.9285715 0.1666666 1 0.5555556 0.9285714 0.5555556 0.9285714 0.5 1 0.888889 1 0.9444444 0.9285715 0.9444444 1 0.05555564 1 0.1111111 0.9285714 0.1111111 1 0.5 0.9285714 0.5 0.9285714 0.4444445 1 0.8333333 1 0.888889 0.9285715 0.888889 1 0.4444445 0.9285714 0.4444445 0.9285714 0.3888889 1 0.7777777 1 0.8333333 0.9285714 0.8333334 1 0.3333333 1 0.3888889 0.9285714 0.3888889 1 0.7222222 1 0.7777777 0.9285715 0.7777778 1 0.2777778 1 0.3333333 0.9285715 0.3333333 1 0.6666666 1 0.7222222 0.9285714 0.7222222 1 0.2222222 1 0.2777778 0.9285714 0.2777778 1 0.6111112 1 0.6666666 0.9285715 0.6666666 0.9285715 0.1666666 0.9285715 0.2222222 0.8571429 0.2222222 0.9285714 0.6111112 0.8571428 0.6111112 0.8571428 0.5555556 0.9285714 0.1111111 0.9285715 0.1666666 0.8571428 0.1666666 0.9285714 0.5555556 0.8571428 0.5555556 0.8571428 0.5 0.9285715 0.888889 0.9285715 0.9444444 0.8571429 0.9444445 0.9285714 0.1111111 0.8571428 0.1111111 0.8571429 0.05555564 0.9285714 0.5 0.8571428 0.5 0.8571428 0.4444444 0.9285714 0.8333334 0.9285715 0.888889 0.8571429 0.888889 0.9285714 0.4444445 0.8571428 0.4444444 0.8571428 0.3888889 0.9285715 0.7777778 0.9285714 0.8333334 0.8571428 0.8333334 0.9285714 0.3888889 0.8571428 0.3888889 0.8571428 0.3333333 0.9285714 0.7222222 0.9285715 0.7777778 0.8571429 0.7777778 0.9285715 0.3333333 0.8571428 0.3333333 0.8571428 0.2777778 0.9285715 0.6666666 0.9285714 0.7222222 0.8571428 0.7222222 0.9285715 0.2222222 0.9285714 0.2777778 0.8571428 0.2777778 0.9285714 0.6111112 0.9285715 0.6666666 0.8571428 0.6666666 0.8571428 0.1666666 0.8571429 0.2222222 0.7857143 0.2222222 0.8571428 0.6111112 0.7857143 0.6111112 0.7857142 0.5555556 0.8571428 0.1111111 0.8571428 0.1666666 0.7857143 0.1666666 0.8571428 0.5555556 0.7857142 0.5555556 0.7857143 0.5 0.8571429 0.888889 0.8571429 0.9444445 0.7857143 0.9444445 0.8571429 0.05555564 0.8571428 0.1111111 0.7857143 0.1111111 0.8571428 0.5 0.7857143 0.5 0.7857142 0.4444444 0.8571428 0.8333334 0.8571429 0.888889 0.7857143 0.888889 0.8571428 0.4444444 0.7857142 0.4444444 0.7857143 0.3888889 0.8571429 0.7777778 0.8571428 0.8333334 0.7857143 0.8333334 0.8571428 0.3888889 0.7857143 0.3888889 0.7857143 0.3333333 0.8571428 0.7222222 0.8571429 0.7777778 0.7857143 0.7777778 0.8571428 0.3333333 0.7857143 0.3333333 0.7857143 0.2777778 0.8571428 0.6666666 0.8571428 0.7222222 0.7857143 0.7222222 0.8571428 0.2777778 0.7857143 0.2777778 0.7857143 0.2222222 0.8571428 0.6111112 0.8571428 0.6666666 0.7857143 0.6666666 0.7857143 0.1666666 0.7857143 0.2222222 0.7142857 0.2222222 0.7857143 0.6111112 0.7142857 0.6111112 0.7142856 0.5555556 0.7857143 0.1111111 0.7857143 0.1666666 0.7142857 0.1666666 0.7857142 0.5555556 0.7142856 0.5555556 0.7142857 0.5 0.7857143 0.888889 0.7857143 0.9444445 0.7142857 0.9444445 0.7857143 0.05555564 0.7857143 0.1111111 0.7142857 0.1111111 0.7857143 0.5 0.7142857 0.5 0.7142857 0.4444445 0.7857143 0.8333334 0.7857143 0.888889 0.7142857 0.888889 0.7857142 0.4444444 0.7142857 0.4444445 0.7142857 0.3888889 0.7857143 0.7777778 0.7857143 0.8333334 0.7142857 0.8333333 0.7857143 0.3888889 0.7142857 0.3888889 0.7142857 0.3333333 0.7857143 0.7222222 0.7857143 0.7777778 0.7142857 0.7777778 0.7857143 0.3333333 0.7142857 0.3333333 0.7142857 0.2777778 0.7857143 0.6666666 0.7857143 0.7222222 0.7142857 0.7222222 0.7857143 0.2777778 0.7142857 0.2777778 0.7142857 0.2222222 0.7857143 0.6111112 0.7857143 0.6666666 0.7142857 0.6666666 0.7142857 0.3888889 0.7142857 0.4444445 0.6428571 0.4444445 0.7142857 0.7777778 0.7142857 0.8333333 0.6428571 0.8333333 0.7142857 0.3888889 0.6428571 0.3888889 0.6428571 0.3333333 0.7142857 0.7222222 0.7142857 0.7777778 0.6428571 0.7777778 0.7142857 0.3333333 0.6428571 0.3333333 0.6428571 0.2777778 0.7142857 0.7222222 0.6428571 0.7222222 0.6428571 0.6666666 0.7142857 0.2222222 0.7142857 0.2777778 0.6428571 0.2777778 0.7142857 0.6666666 0.6428571 0.6666666 0.6428571 0.6111112 0.7142857 0.1666666 0.7142857 0.2222222 0.6428571 0.2222222 0.7142857 0.6111112 0.6428571 0.6111112 0.6428571 0.5555556 0.7142857 0.1111111 0.7142857 0.1666666 0.6428571 0.1666666 0.7142856 0.5555556 0.6428571 0.5555556 0.6428571 0.5 0.7142857 0.9444445 0.6428571 0.9444445 0.6428571 0.8888889 0.7142857 0.05555564 0.7142857 0.1111111 0.6428571 0.1111111 0.7142857 0.4444445 0.7142857 0.5 0.6428571 0.5 0.7142857 0.8333333 0.7142857 0.888889 0.6428571 0.8888889 0.6428571 0.1666666 0.6428571 0.2222222 0.5714285 0.2222222 0.6428571 0.6111112 0.5714285 0.6111112 0.5714285 0.5555556 0.6428571 0.1111111 0.6428571 0.1666666 0.5714285 0.1666666 0.6428571 0.5555556 0.5714285 0.5555556 0.5714286 0.5 0.6428571 0.9444445 0.5714285 0.9444445 0.5714285 0.8888889 0.6428571 0.05555564 0.6428571 0.1111111 0.5714285 0.1111111 0.6428571 0.4444445 0.6428571 0.5 0.5714286 0.5 0.6428571 0.8333333 0.6428571 0.8888889 0.5714285 0.8888889 0.6428571 0.3888889 0.6428571 0.4444445 0.5714285 0.4444445 0.6428571 0.7777778 0.6428571 0.8333333 0.5714285 0.8333333 0.6428571 0.3888889 0.5714285 0.3888889 0.5714285 0.3333333 0.6428571 0.7222222 0.6428571 0.7777778 0.5714285 0.7777778 0.6428571 0.3333333 0.5714285 0.3333333 0.5714285 0.2777778 0.6428571 0.6666666 0.6428571 0.7222222 0.5714285 0.7222222 0.6428571 0.2777778 0.5714285 0.2777778 0.5714285 0.2222222 0.6428571 0.6666666 0.5714286 0.6666666 0.5714285 0.6111112 0.5714285 0.1666666 0.5714285 0.2222222 0.5 0.2222223 0.5714285 0.6111112 0.5 0.6111112 0.5 0.5555556 0.5714285 0.1111111 0.5714285 0.1666666 0.5 0.1666666 0.5714285 0.5555556 0.5 0.5555556 0.5 0.5 0.5714285 0.9444445 0.4999999 0.9444445 0.5 0.8888889 0.5714285 0.05555564 0.5714285 0.1111111 0.5 0.1111111 0.5714285 0.4444445 0.5714286 0.5 0.5 0.5 0.5714285 0.8333333 0.5714285 0.8888889 0.5 0.8888889 0.5714285 0.3888889 0.5714285 0.4444445 0.5 0.4444445 0.5714285 0.7777778 0.5714285 0.8333333 0.5 0.8333333 0.5714285 0.3888889 0.5 0.3888889 0.5 0.3333333 0.5714285 0.7222222 0.5714285 0.7777778 0.5 0.7777778 0.5714285 0.3333333 0.5 0.3333333 0.5 0.2777778 0.5714286 0.6666666 0.5714285 0.7222222 0.5 0.7222222 0.5714285 0.2777778 0.5 0.2777778 0.5 0.2222223 0.5714286 0.6666666 0.5 0.6666666 0.5 0.6111112 0.5 0.2222223 0.4285714 0.2222223 0.4285714 0.1666666 0.5 0.6111112 0.4285714 0.6111111 0.4285714 0.5555556 0.5 0.1666666 0.4285714 0.1666666 0.4285714 0.1111111 0.5 0.5555556 0.4285714 0.5555556 0.4285714 0.5 0.4999999 0.9444445 0.4285714 0.9444444 0.4285714 0.8888889 0.5 0.1111111 0.4285714 0.1111111 0.4285714 0.05555564 0.5 0.5 0.4285714 0.5 0.4285714 0.4444445 0.5 0.8333333 0.5 0.8888889 0.4285714 0.8888889 0.5 0.3888889 0.5 0.4444445 0.4285714 0.4444445 0.5 0.7777778 0.5 0.8333333 0.4285714 0.8333333 0.5 0.3333333 0.5 0.3888889 0.4285714 0.388889 0.5 0.7222222 0.5 0.7777778 0.4285714 0.7777777 0.5 0.2777778 0.5 0.3333333 0.4285714 0.3333333 0.5 0.7222222 0.4285714 0.7222222 0.4285714 0.6666666 0.5 0.2222223 0.5 0.2777778 0.4285714 0.2777778 0.5 0.6666666 0.4285714 0.6666666 0.4285714 0.6111111 0.4285714 0.2222223 0.3571429 0.2222223 0.3571428 0.1666666 0.4285714 0.5555556 0.4285714 0.6111111 0.3571429 0.6111111 0.4285714 0.1666666 0.3571428 0.1666666 0.3571428 0.1111111 0.4285714 0.5 0.4285714 0.5555556 0.3571428 0.5555556 0.4285714 0.9444444 0.3571428 0.9444444 0.3571428 0.8888889 0.4285714 0.1111111 0.3571428 0.1111111 0.3571428 0.05555564 0.4285714 0.4444445 0.4285714 0.5 0.3571428 0.5 0.4285714 0.8888889 0.3571428 0.8888889 0.3571428 0.8333333 0.4285714 0.388889 0.4285714 0.4444445 0.3571428 0.4444445 0.4285714 0.8333333 0.3571428 0.8333333 0.3571429 0.7777777 0.4285714 0.3333333 0.4285714 0.388889 0.3571429 0.388889 0.4285714 0.7222222 0.4285714 0.7777777 0.3571429 0.7777777 0.4285714 0.2777778 0.4285714 0.3333333 0.3571429 0.3333333 0.4285714 0.6666666 0.4285714 0.7222222 0.3571428 0.7222222 0.4285714 0.2222223 0.4285714 0.2777778 0.3571428 0.2777779 0.4285714 0.6666666 0.3571429 0.6666666 0.3571429 0.6111111 0.3571429 0.2222223 0.2857143 0.2222223 0.2857143 0.1666668 0.3571428 0.5555556 0.3571429 0.6111111 0.2857143 0.6111111 0.3571428 0.1666666 0.2857143 0.1666668 0.2857142 0.1111111 0.3571428 0.5 0.3571428 0.5555556 0.2857143 0.5555556 0.3571428 0.8888889 0.3571428 0.9444444 0.2857143 0.9444444 0.3571428 0.1111111 0.2857142 0.1111111 0.2857143 0.05555564 0.3571428 0.4444445 0.3571428 0.5 0.2857143 0.5 0.3571428 0.8888889 0.2857143 0.8888889 0.2857143 0.8333333 0.3571429 0.388889 0.3571428 0.4444445 0.2857143 0.4444445 0.3571428 0.8333333 0.2857143 0.8333333 0.2857143 0.7777777 0.3571429 0.3333333 0.3571429 0.388889 0.2857143 0.388889 0.3571429 0.7777777 0.2857143 0.7777777 0.2857143 0.7222222 0.3571428 0.2777779 0.3571429 0.3333333 0.2857143 0.3333333 0.3571429 0.6666666 0.3571428 0.7222222 0.2857143 0.7222222 0.3571428 0.2777779 0.2857143 0.2777779 0.2857143 0.2222223 0.3571429 0.6111111 0.3571429 0.6666666 0.2857143 0.6666666 0.2857143 0.2222223 0.2142857 0.2222223 0.2142857 0.1666668 0.2857143 0.5555556 0.2857143 0.6111111 0.2142857 0.6111111 0.2857143 0.1666668 0.2142857 0.1666668 0.2142857 0.1111111 0.2857143 0.5 0.2857143 0.5555556 0.2142857 0.5555556 0.2857143 0.9444444 0.2142857 0.9444444 0.2142857 0.8888889 0.2857142 0.1111111 0.2142857 0.1111111 0.2142857 0.05555564 0.2857143 0.5 0.2142857 0.5 0.2142857 0.4444445 0.2857143 0.8888889 0.2142857 0.8888889 0.2142857 0.8333333 0.2857143 0.4444445 0.2142857 0.4444445 0.2142857 0.388889 0.2857143 0.8333333 0.2142857 0.8333333 0.2142857 0.7777777 0.2857143 0.3333333 0.2857143 0.388889 0.2142857 0.388889 0.2857143 0.7777777 0.2142857 0.7777777 0.2142857 0.7222222 0.2857143 0.2777779 0.2857143 0.3333333 0.2142857 0.3333333 0.2857143 0.6666666 0.2857143 0.7222222 0.2142857 0.7222222 0.2857143 0.2777779 0.2142857 0.2777779 0.2142857 0.2222223 0.2857143 0.6111111 0.2857143 0.6666666 0.2142857 0.6666666 0.2142857 0.2222223 0.1428571 0.2222223 0.1428571 0.1666666 0.2142857 0.6111111 0.1428571 0.6111111 0.1428571 0.5555556 0.2142857 0.1666668 0.1428571 0.1666666 0.1428571 0.1111111 0.2142857 0.5555556 0.1428571 0.5555556 0.1428571 0.5 0.2142857 0.9444444 0.1428571 0.9444444 0.1428571 0.8888889 0.2142857 0.1111111 0.1428571 0.1111111 0.1428571 0.05555564 0.2142857 0.4444445 0.2142857 0.5 0.1428571 0.5 0.2142857 0.8888889 0.1428571 0.8888889 0.1428571 0.8333333 0.2142857 0.388889 0.2142857 0.4444445 0.1428571 0.4444445 0.2142857 0.7777777 0.2142857 0.8333333 0.1428571 0.8333333 0.2142857 0.388889 0.1428571 0.388889 0.1428571 0.3333333 0.2142857 0.7222222 0.2142857 0.7777777 0.1428571 0.7777777 0.2142857 0.3333333 0.1428571 0.3333333 0.1428571 0.2777779 0.2142857 0.6666666 0.2142857 0.7222222 0.1428571 0.7222222 0.2142857 0.2222223 0.2142857 0.2777779 0.1428571 0.2777779 0.2142857 0.6666666 0.1428571 0.6666666 0.1428571 0.6111111 0.1428571 0.1666666 0.1428571 0.2222223 0.07142859 0.2222223 0.1428571 0.6111111 0.07142859 0.6111112 0.07142853 0.5555556 0.1428571 0.1666666 0.07142859 0.1666666 0.07142859 0.1111111 0.1428571 0.5555556 0.07142853 0.5555556 0.07142859 0.5 0.1428571 0.9444444 0.07142859 0.9444444 0.07142859 0.8888889 0.1428571 0.1111111 0.07142859 0.1111111 0.07142859 0.05555564 0.1428571 0.4444445 0.1428571 0.5 0.07142859 0.5 0.1428571 0.8888889 0.07142859 0.8888889 0.07142859 0.8333333 0.1428571 0.388889 0.1428571 0.4444445 0.07142853 0.4444445 0.1428571 0.7777777 0.1428571 0.8333333 0.07142859 0.8333333 0.1428571 0.388889 0.07142859 0.3888889 0.07142859 0.3333333 0.1428571 0.7222222 0.1428571 0.7777777 0.07142859 0.7777777 0.1428571 0.3333333 0.07142859 0.3333333 0.07142859 0.2777778 0.1428571 0.6666666 0.1428571 0.7222222 0.07142859 0.7222222 0.1428571 0.2222223 0.1428571 0.2777779 0.07142859 0.2777778 0.1428571 0.6666666 0.07142859 0.6666666 0.07142859 0.6111112 0.07142859 0.1666666 0.07142859 0.2222223 0 0.2222222 0.07142853 0.5555556 0.07142859 0.6111112 0 0.6111112 0.07142859 0.1111111 0.07142859 0.1666666 0 0.1666666 0.07142853 0.5555556 0 0.5555556 0 0.5 0.07142859 0.9444444 0 0.9444444 0 0.888889 0.07142859 0.05555564 0.07142859 0.1111111 0 0.1111111 0.07142853 0.4444445 0.07142859 0.5 0 0.5 0.07142859 0.8333333 0.07142859 0.8888889 0 0.888889 0.07142859 0.3888889 0.07142853 0.4444445 0 0.4444445 0.07142859 0.7777777 0.07142859 0.8333333 0 0.8333333 0.07142859 0.3888889 0 0.3888889 0 0.3333333 0.07142859 0.7222222 0.07142859 0.7777777 0 0.7777777 0.07142859 0.3333333 0 0.3333333 0 0.2777778 0.07142859 0.6666666 0.07142859 0.7222222 0 0.7222222 0.07142859 0.2777778 0 0.2777778 0 0.2222222 0.07142859 0.6666666 0 0.6666666 0 0.6111112 1 0.1666666 1 0.2222222 0.9285715 0.2222222 1 0.5555556 1 0.6111112 0.9285714 0.6111112 1 0.1111111 1 0.1666666 0.9285715 0.1666666 1 0.5 1 0.5555556 0.9285714 0.5555556 1 0.888889 1 0.9444444 0.9285715 0.9444444 1 0.05555564 1 0.1111111 0.9285714 0.1111111 1 0.5 0.9285714 0.5 0.9285714 0.4444445 1 0.8333333 1 0.888889 0.9285715 0.888889 1 0.4444445 0.9285714 0.4444445 0.9285714 0.3888889 1 0.8333333 0.9285714 0.8333334 0.9285715 0.7777778 1 0.3888889 0.9285714 0.3888889 0.9285715 0.3333333 1 0.7777777 0.9285715 0.7777778 0.9285714 0.7222222 1 0.3333333 0.9285715 0.3333333 0.9285714 0.2777778 1 0.7222222 0.9285714 0.7222222 0.9285715 0.6666666 1 0.2222222 1 0.2777778 0.9285714 0.2777778 1 0.6111112 1 0.6666666 0.9285715 0.6666666 0.9285715 0.1666666 0.9285715 0.2222222 0.8571429 0.2222222 0.9285714 0.5555556 0.9285714 0.6111112 0.8571428 0.6111112 0.9285714 0.1111111 0.9285715 0.1666666 0.8571428 0.1666666 0.9285714 0.5 0.9285714 0.5555556 0.8571428 0.5555556 0.9285715 0.888889 0.9285715 0.9444444 0.8571429 0.9444445 0.9285715 0.05555564 0.9285714 0.1111111 0.8571428 0.1111111 0.9285714 0.5 0.8571428 0.5 0.8571428 0.4444444 0.9285714 0.8333334 0.9285715 0.888889 0.8571429 0.888889 0.9285714 0.4444445 0.8571428 0.4444444 0.8571428 0.3888889 0.9285714 0.8333334 0.8571428 0.8333334 0.8571429 0.7777778 0.9285715 0.3333333 0.9285714 0.3888889 0.8571428 0.3888889 0.9285715 0.7777778 0.8571429 0.7777778 0.8571428 0.7222222 0.9285714 0.2777778 0.9285715 0.3333333 0.8571428 0.3333333 0.9285714 0.7222222 0.8571428 0.7222222 0.8571428 0.6666666 0.9285715 0.2222222 0.9285714 0.2777778 0.8571428 0.2777778 0.9285714 0.6111112 0.9285715 0.6666666 0.8571428 0.6666666 0.8571428 0.1666666 0.8571429 0.2222222 0.7857143 0.2222222 0.8571428 0.5555556 0.8571428 0.6111112 0.7857143 0.6111112 0.8571428 0.1111111 0.8571428 0.1666666 0.7857143 0.1666666 0.8571428 0.5 0.8571428 0.5555556 0.7857142 0.5555556 0.8571429 0.888889 0.8571429 0.9444445 0.7857143 0.9444445 0.8571429 0.05555564 0.8571428 0.1111111 0.7857143 0.1111111 0.8571428 0.5 0.7857143 0.5 0.7857142 0.4444444 0.8571428 0.8333334 0.8571429 0.888889 0.7857143 0.888889 0.8571428 0.4444444 0.7857142 0.4444444 0.7857143 0.3888889 0.8571428 0.8333334 0.7857143 0.8333334 0.7857143 0.7777778 0.8571428 0.3888889 0.7857143 0.3888889 0.7857143 0.3333333 0.8571429 0.7777778 0.7857143 0.7777778 0.7857143 0.7222222 0.8571428 0.3333333 0.7857143 0.3333333 0.7857143 0.2777778 0.8571428 0.7222222 0.7857143 0.7222222 0.7857143 0.6666666 0.8571428 0.2777778 0.7857143 0.2777778 0.7857143 0.2222222 0.8571428 0.6111112 0.8571428 0.6666666 0.7857143 0.6666666 0.7857143 0.1666666 0.7857143 0.2222222 0.7142857 0.2222222 0.7857142 0.5555556 0.7857143 0.6111112 0.7142857 0.6111112 0.7857143 0.1111111 0.7857143 0.1666666 0.7142857 0.1666666 0.7857143 0.5 0.7857142 0.5555556 0.7142856 0.5555556 0.7857143 0.888889 0.7857143 0.9444445 0.7142857 0.9444445 0.7857143 0.05555564 0.7857143 0.1111111 0.7142857 0.1111111 0.7857143 0.5 0.7142857 0.5 0.7142857 0.4444445 0.7857143 0.8333334 0.7857143 0.888889 0.7142857 0.888889 0.7857142 0.4444444 0.7142857 0.4444445 0.7142857 0.3888889 0.7857143 0.8333334 0.7142857 0.8333333 0.7142857 0.7777778 0.7857143 0.3333333 0.7857143 0.3888889 0.7142857 0.3888889 0.7857143 0.7777778 0.7142857 0.7777778 0.7142857 0.7222222 0.7857143 0.2777778 0.7857143 0.3333333 0.7142857 0.3333333 0.7857143 0.7222222 0.7142857 0.7222222 0.7142857 0.6666666 0.7857143 0.2222222 0.7857143 0.2777778 0.7142857 0.2777778 0.7857143 0.6111112 0.7857143 0.6666666 0.7142857 0.6666666 0.7142857 0.3888889 0.7142857 0.4444445 0.6428571 0.4444445 0.7142857 0.8333333 0.6428571 0.8333333 0.6428571 0.7777778 0.7142857 0.3888889 0.6428571 0.3888889 0.6428571 0.3333333 0.7142857 0.7777778 0.6428571 0.7777778 0.6428571 0.7222222 0.7142857 0.2777778 0.7142857 0.3333333 0.6428571 0.3333333 0.7142857 0.7222222 0.6428571 0.7222222 0.6428571 0.6666666 0.7142857 0.2222222 0.7142857 0.2777778 0.6428571 0.2777778 0.7142857 0.6666666 0.6428571 0.6666666 0.6428571 0.6111112 0.7142857 0.1666666 0.7142857 0.2222222 0.6428571 0.2222222 0.7142857 0.6111112 0.6428571 0.6111112 0.6428571 0.5555556 0.7142857 0.1111111 0.7142857 0.1666666 0.6428571 0.1666666 0.7142856 0.5555556 0.6428571 0.5555556 0.6428571 0.5 0.7142857 0.888889 0.7142857 0.9444445 0.6428571 0.9444445 0.7142857 0.05555564 0.7142857 0.1111111 0.6428571 0.1111111 0.7142857 0.4444445 0.7142857 0.5 0.6428571 0.5 0.7142857 0.8333333 0.7142857 0.888889 0.6428571 0.8888889 0.6428571 0.1666666 0.6428571 0.2222222 0.5714285 0.2222222 0.6428571 0.6111112 0.5714285 0.6111112 0.5714285 0.5555556 0.6428571 0.1111111 0.6428571 0.1666666 0.5714285 0.1666666 0.6428571 0.5555556 0.5714285 0.5555556 0.5714286 0.5 0.6428571 0.9444445 0.5714285 0.9444445 0.5714285 0.8888889 0.6428571 0.05555564 0.6428571 0.1111111 0.5714285 0.1111111 0.6428571 0.4444445 0.6428571 0.5 0.5714286 0.5 0.6428571 0.8333333 0.6428571 0.8888889 0.5714285 0.8888889 0.6428571 0.3888889 0.6428571 0.4444445 0.5714285 0.4444445 0.6428571 0.7777778 0.6428571 0.8333333 0.5714285 0.8333333 0.6428571 0.3888889 0.5714285 0.3888889 0.5714285 0.3333333 0.6428571 0.7222222 0.6428571 0.7777778 0.5714285 0.7777778 0.6428571 0.3333333 0.5714285 0.3333333 0.5714285 0.2777778 0.6428571 0.7222222 0.5714285 0.7222222 0.5714286 0.6666666 0.6428571 0.2777778 0.5714285 0.2777778 0.5714285 0.2222222 0.6428571 0.6666666 0.5714286 0.6666666 0.5714285 0.6111112 0.5714285 0.1666666 0.5714285 0.2222222 0.5 0.2222223 0.5714285 0.6111112 0.5 0.6111112 0.5 0.5555556 0.5714285 0.1111111 0.5714285 0.1666666 0.5 0.1666666 0.5714285 0.5555556 0.5 0.5555556 0.5 0.5 0.5714285 0.9444445 0.4999999 0.9444445 0.5 0.8888889 0.5714285 0.05555564 0.5714285 0.1111111 0.5 0.1111111 0.5714285 0.4444445 0.5714286 0.5 0.5 0.5 0.5714285 0.8333333 0.5714285 0.8888889 0.5 0.8888889 0.5714285 0.3888889 0.5714285 0.4444445 0.5 0.4444445 0.5714285 0.7777778 0.5714285 0.8333333 0.5 0.8333333 0.5714285 0.3888889 0.5 0.3888889 0.5 0.3333333 0.5714285 0.7222222 0.5714285 0.7777778 0.5 0.7777778 0.5714285 0.3333333 0.5 0.3333333 0.5 0.2777778 0.5714286 0.6666666 0.5714285 0.7222222 0.5 0.7222222 0.5714285 0.2777778 0.5 0.2777778 0.5 0.2222223 0.5714286 0.6666666 0.5 0.6666666 0.5 0.6111112 0.5 0.2222223 0.4285714 0.2222223 0.4285714 0.1666666 0.5 0.6111112 0.4285714 0.6111111 0.4285714 0.5555556 0.5 0.1666666 0.4285714 0.1666666 0.4285714 0.1111111 0.5 0.5555556 0.4285714 0.5555556 0.4285714 0.5 0.4999999 0.9444445 0.4285714 0.9444444 0.4285714 0.8888889 0.5 0.1111111 0.4285714 0.1111111 0.4285714 0.05555564 0.5 0.4444445 0.5 0.5 0.4285714 0.5 0.5 0.8333333 0.5 0.8888889 0.4285714 0.8888889 0.5 0.3888889 0.5 0.4444445 0.4285714 0.4444445 0.5 0.7777778 0.5 0.8333333 0.4285714 0.8333333 0.5 0.3333333 0.5 0.3888889 0.4285714 0.388889 0.5 0.7222222 0.5 0.7777778 0.4285714 0.7777777 0.5 0.2777778 0.5 0.3333333 0.4285714 0.3333333 0.5 0.7222222 0.4285714 0.7222222 0.4285714 0.6666666 0.5 0.2222223 0.5 0.2777778 0.4285714 0.2777778 0.5 0.6111112 0.5 0.6666666 0.4285714 0.6666666 0.4285714 0.2222223 0.3571429 0.2222223 0.3571428 0.1666666 0.4285714 0.5555556 0.4285714 0.6111111 0.3571429 0.6111111 0.4285714 0.1666666 0.3571428 0.1666666 0.3571428 0.1111111 0.4285714 0.5 0.4285714 0.5555556 0.3571428 0.5555556 0.4285714 0.9444444 0.3571428 0.9444444 0.3571428 0.8888889 0.4285714 0.1111111 0.3571428 0.1111111 0.3571428 0.05555564 0.4285714 0.4444445 0.4285714 0.5 0.3571428 0.5 0.4285714 0.8888889 0.3571428 0.8888889 0.3571428 0.8333333 0.4285714 0.388889 0.4285714 0.4444445 0.3571428 0.4444445 0.4285714 0.8333333 0.3571428 0.8333333 0.3571429 0.7777777 0.4285714 0.3333333 0.4285714 0.388889 0.3571429 0.388889 0.4285714 0.7222222 0.4285714 0.7777777 0.3571429 0.7777777 0.4285714 0.2777778 0.4285714 0.3333333 0.3571429 0.3333333 0.4285714 0.6666666 0.4285714 0.7222222 0.3571428 0.7222222 0.4285714 0.2777778 0.3571428 0.2777779 0.3571429 0.2222223 0.4285714 0.6666666 0.3571429 0.6666666 0.3571429 0.6111111 0.3571429 0.2222223 0.2857143 0.2222223 0.2857143 0.1666668 0.3571428 0.5555556 0.3571429 0.6111111 0.2857143 0.6111111 0.3571428 0.1666666 0.2857143 0.1666668 0.2857142 0.1111111 0.3571428 0.5 0.3571428 0.5555556 0.2857143 0.5555556 0.3571428 0.9444444 0.2857143 0.9444444 0.2857143 0.8888889 0.3571428 0.1111111 0.2857142 0.1111111 0.2857143 0.05555564 0.3571428 0.5 0.2857143 0.5 0.2857143 0.4444445 0.3571428 0.8888889 0.2857143 0.8888889 0.2857143 0.8333333 0.3571428 0.4444445 0.2857143 0.4444445 0.2857143 0.388889 0.3571428 0.8333333 0.2857143 0.8333333 0.2857143 0.7777777 0.3571429 0.3333333 0.3571429 0.388889 0.2857143 0.388889 0.3571429 0.7777777 0.2857143 0.7777777 0.2857143 0.7222222 0.3571428 0.2777779 0.3571429 0.3333333 0.2857143 0.3333333 0.3571429 0.6666666 0.3571428 0.7222222 0.2857143 0.7222222 0.3571428 0.2777779 0.2857143 0.2777779 0.2857143 0.2222223 0.3571429 0.6666666 0.2857143 0.6666666 0.2857143 0.6111111 0.2857143 0.2222223 0.2142857 0.2222223 0.2142857 0.1666668 0.2857143 0.5555556 0.2857143 0.6111111 0.2142857 0.6111111 0.2857143 0.1666668 0.2142857 0.1666668 0.2142857 0.1111111 0.2857143 0.5 0.2857143 0.5555556 0.2142857 0.5555556 0.2857143 0.9444444 0.2142857 0.9444444 0.2142857 0.8888889 0.2857142 0.1111111 0.2142857 0.1111111 0.2142857 0.05555564 0.2857143 0.5 0.2142857 0.5 0.2142857 0.4444445 0.2857143 0.8888889 0.2142857 0.8888889 0.2142857 0.8333333 0.2857143 0.4444445 0.2142857 0.4444445 0.2142857 0.388889 0.2857143 0.8333333 0.2142857 0.8333333 0.2142857 0.7777777 0.2857143 0.3333333 0.2857143 0.388889 0.2142857 0.388889 0.2857143 0.7222222 0.2857143 0.7777777 0.2142857 0.7777777 0.2857143 0.2777779 0.2857143 0.3333333 0.2142857 0.3333333 0.2857143 0.6666666 0.2857143 0.7222222 0.2142857 0.7222222 0.2857143 0.2777779 0.2142857 0.2777779 0.2142857 0.2222223 0.2857143 0.6111111 0.2857143 0.6666666 0.2142857 0.6666666 0.2142857 0.2222223 0.1428571 0.2222223 0.1428571 0.1666666 0.2142857 0.5555556 0.2142857 0.6111111 0.1428571 0.6111111 0.2142857 0.1666668 0.1428571 0.1666666 0.1428571 0.1111111 0.2142857 0.5555556 0.1428571 0.5555556 0.1428571 0.5 0.2142857 0.9444444 0.1428571 0.9444444 0.1428571 0.8888889 0.2142857 0.1111111 0.1428571 0.1111111 0.1428571 0.05555564 0.2142857 0.4444445 0.2142857 0.5 0.1428571 0.5 0.2142857 0.8888889 0.1428571 0.8888889 0.1428571 0.8333333 0.2142857 0.388889 0.2142857 0.4444445 0.1428571 0.4444445 0.2142857 0.7777777 0.2142857 0.8333333 0.1428571 0.8333333 0.2142857 0.388889 0.1428571 0.388889 0.1428571 0.3333333 0.2142857 0.7222222 0.2142857 0.7777777 0.1428571 0.7777777 0.2142857 0.3333333 0.1428571 0.3333333 0.1428571 0.2777779 0.2142857 0.6666666 0.2142857 0.7222222 0.1428571 0.7222222 0.2142857 0.2222223 0.2142857 0.2777779 0.1428571 0.2777779 0.2142857 0.6666666 0.1428571 0.6666666 0.1428571 0.6111111 0.1428571 0.2222223 0.07142859 0.2222223 0.07142859 0.1666666 0.1428571 0.5555556 0.1428571 0.6111111 0.07142859 0.6111112 0.1428571 0.1666666 0.07142859 0.1666666 0.07142859 0.1111111 0.1428571 0.5 0.1428571 0.5555556 0.07142853 0.5555556 0.1428571 0.9444444 0.07142859 0.9444444 0.07142859 0.8888889 0.1428571 0.1111111 0.07142859 0.1111111 0.07142859 0.05555564 0.1428571 0.4444445 0.1428571 0.5 0.07142859 0.5 0.1428571 0.8888889 0.07142859 0.8888889 0.07142859 0.8333333 0.1428571 0.388889 0.1428571 0.4444445 0.07142853 0.4444445 0.1428571 0.7777777 0.1428571 0.8333333 0.07142859 0.8333333 0.1428571 0.3333333 0.1428571 0.388889 0.07142859 0.3888889 0.1428571 0.7222222 0.1428571 0.7777777 0.07142859 0.7777777 0.1428571 0.2777779 0.1428571 0.3333333 0.07142859 0.3333333 0.1428571 0.6666666 0.1428571 0.7222222 0.07142859 0.7222222 0.1428571 0.2222223 0.1428571 0.2777779 0.07142859 0.2777778 0.1428571 0.6666666 0.07142859 0.6666666 0.07142859 0.6111112 0.07142859 0.1666666 0.07142859 0.2222223 0 0.2222222 0.07142853 0.5555556 0.07142859 0.6111112 0 0.6111112 0.07142859 0.1111111 0.07142859 0.1666666 0 0.1666666 0.07142859 0.5 0.07142853 0.5555556 0 0.5555556 0.07142859 0.8888889 0.07142859 0.9444444 0 0.9444444 0.07142859 0.1111111 0 0.1111111 0 0.05555564 0.07142853 0.4444445 0.07142859 0.5 0 0.5 0.07142859 0.8888889 0 0.888889 0 0.8333333 0.07142859 0.3888889 0.07142853 0.4444445 0 0.4444445 0.07142859 0.7777777 0.07142859 0.8333333 0 0.8333333 0.07142859 0.3888889 0 0.3888889 0 0.3333333 0.07142859 0.7777777 0 0.7777777 0 0.7222222 0.07142859 0.3333333 0 0.3333333 0 0.2777778 0.07142859 0.7222222 0 0.7222222 0 0.6666666 0.07142859 0.2222223 0.07142859 0.2777778 0 0.2777778 0.07142859 0.6666666 0 0.6666666 0 0.6111112 1 0.1666666 1 0.2222222 0.9285715 0.2222222 1 0.5555556 1 0.6111112 0.9285714 0.6111112 1 0.1111111 1 0.1666666 0.9285715 0.1666666 1 0.5 1 0.5555556 0.9285714 0.5555556 1 0.888889 1 0.9444444 0.9285715 0.9444444 1 0.05555564 1 0.1111111 0.9285714 0.1111111 1 0.5 0.9285714 0.5 0.9285714 0.4444445 1 0.8333333 1 0.888889 0.9285715 0.888889 1 0.4444445 0.9285714 0.4444445 0.9285714 0.3888889 1 0.8333333 0.9285714 0.8333334 0.9285715 0.7777778 1 0.3888889 0.9285714 0.3888889 0.9285715 0.3333333 1 0.7777777 0.9285715 0.7777778 0.9285714 0.7222222 1 0.3333333 0.9285715 0.3333333 0.9285714 0.2777778 1 0.7222222 0.9285714 0.7222222 0.9285715 0.6666666 1 0.2222222 1 0.2777778 0.9285714 0.2777778 1 0.6111112 1 0.6666666 0.9285715 0.6666666 0.9285715 0.1666666 0.9285715 0.2222222 0.8571429 0.2222222 0.9285714 0.6111112 0.8571428 0.6111112 0.8571428 0.5555556 0.9285714 0.1111111 0.9285715 0.1666666 0.8571428 0.1666666 0.9285714 0.5555556 0.8571428 0.5555556 0.8571428 0.5 0.9285715 0.888889 0.9285715 0.9444444 0.8571429 0.9444445 0.9285715 0.05555564 0.9285714 0.1111111 0.8571428 0.1111111 0.9285714 0.5 0.8571428 0.5 0.8571428 0.4444444 0.9285714 0.8333334 0.9285715 0.888889 0.8571429 0.888889 0.9285714 0.4444445 0.8571428 0.4444444 0.8571428 0.3888889 0.9285714 0.8333334 0.8571428 0.8333334 0.8571429 0.7777778 0.9285715 0.3333333 0.9285714 0.3888889 0.8571428 0.3888889 0.9285714 0.7222222 0.9285715 0.7777778 0.8571429 0.7777778 0.9285714 0.2777778 0.9285715 0.3333333 0.8571428 0.3333333 0.9285714 0.7222222 0.8571428 0.7222222 0.8571428 0.6666666 0.9285715 0.2222222 0.9285714 0.2777778 0.8571428 0.2777778 0.9285714 0.6111112 0.9285715 0.6666666 0.8571428 0.6666666 0.8571428 0.1666666 0.8571429 0.2222222 0.7857143 0.2222222 0.8571428 0.6111112 0.7857143 0.6111112 0.7857142 0.5555556 0.8571428 0.1111111 0.8571428 0.1666666 0.7857143 0.1666666 0.8571428 0.5555556 0.7857142 0.5555556 0.7857143 0.5 0.8571429 0.888889 0.8571429 0.9444445 0.7857143 0.9444445 0.8571429 0.05555564 0.8571428 0.1111111 0.7857143 0.1111111 0.8571428 0.5 0.7857143 0.5 0.7857142 0.4444444 0.8571428 0.8333334 0.8571429 0.888889 0.7857143 0.888889 0.8571428 0.4444444 0.7857142 0.4444444 0.7857143 0.3888889 0.8571428 0.8333334 0.7857143 0.8333334 0.7857143 0.7777778 0.8571428 0.3888889 0.7857143 0.3888889 0.7857143 0.3333333 0.8571429 0.7777778 0.7857143 0.7777778 0.7857143 0.7222222 0.8571428 0.3333333 0.7857143 0.3333333 0.7857143 0.2777778 0.8571428 0.7222222 0.7857143 0.7222222 0.7857143 0.6666666 0.8571429 0.2222222 0.8571428 0.2777778 0.7857143 0.2777778 0.8571428 0.6111112 0.8571428 0.6666666 0.7857143 0.6666666 0.7857143 0.1666666 0.7857143 0.2222222 0.7142857 0.2222222 0.7857143 0.6111112 0.7142857 0.6111112 0.7142856 0.5555556 0.7857143 0.1111111 0.7857143 0.1666666 0.7142857 0.1666666 0.7857143 0.5 0.7857142 0.5555556 0.7142856 0.5555556 0.7857143 0.888889 0.7857143 0.9444445 0.7142857 0.9444445 0.7857143 0.05555564 0.7857143 0.1111111 0.7142857 0.1111111 0.7857143 0.5 0.7142857 0.5 0.7142857 0.4444445 0.7857143 0.8333334 0.7857143 0.888889 0.7142857 0.888889 0.7857142 0.4444444 0.7142857 0.4444445 0.7142857 0.3888889 0.7857143 0.8333334 0.7142857 0.8333333 0.7142857 0.7777778 0.7857143 0.3333333 0.7857143 0.3888889 0.7142857 0.3888889 0.7857143 0.7777778 0.7142857 0.7777778 0.7142857 0.7222222 0.7857143 0.2777778 0.7857143 0.3333333 0.7142857 0.3333333 0.7857143 0.7222222 0.7142857 0.7222222 0.7142857 0.6666666 0.7857143 0.2222222 0.7857143 0.2777778 0.7142857 0.2777778 0.7857143 0.6111112 0.7857143 0.6666666 0.7142857 0.6666666 0.7142857 0.4444445 0.6428571 0.4444445 0.6428571 0.3888889 0.7142857 0.8333333 0.6428571 0.8333333 0.6428571 0.7777778 0.7142857 0.3888889 0.6428571 0.3888889 0.6428571 0.3333333 0.7142857 0.7222222 0.7142857 0.7777778 0.6428571 0.7777778 0.7142857 0.2777778 0.7142857 0.3333333 0.6428571 0.3333333 0.7142857 0.7222222 0.6428571 0.7222222 0.6428571 0.6666666 0.7142857 0.2222222 0.7142857 0.2777778 0.6428571 0.2777778 0.7142857 0.6111112 0.7142857 0.6666666 0.6428571 0.6666666 0.7142857 0.1666666 0.7142857 0.2222222 0.6428571 0.2222222 0.7142857 0.6111112 0.6428571 0.6111112 0.6428571 0.5555556 0.7142857 0.1111111 0.7142857 0.1666666 0.6428571 0.1666666 0.7142857 0.5 0.7142856 0.5555556 0.6428571 0.5555556 0.7142857 0.888889 0.7142857 0.9444445 0.6428571 0.9444445 0.7142857 0.05555564 0.7142857 0.1111111 0.6428571 0.1111111 0.7142857 0.5 0.6428571 0.5 0.6428571 0.4444445 0.7142857 0.8333333 0.7142857 0.888889 0.6428571 0.8888889 0.6428571 0.2222222 0.5714285 0.2222222 0.5714285 0.1666666 0.6428571 0.5555556 0.6428571 0.6111112 0.5714285 0.6111112 0.6428571 0.1111111 0.6428571 0.1666666 0.5714285 0.1666666 0.6428571 0.5 0.6428571 0.5555556 0.5714285 0.5555556 0.6428571 0.8888889 0.6428571 0.9444445 0.5714285 0.9444445 0.6428571 0.05555564 0.6428571 0.1111111 0.5714285 0.1111111 0.6428571 0.5 0.5714286 0.5 0.5714285 0.4444445 0.6428571 0.8333333 0.6428571 0.8888889 0.5714285 0.8888889 0.6428571 0.4444445 0.5714285 0.4444445 0.5714285 0.3888889 0.6428571 0.8333333 0.5714285 0.8333333 0.5714285 0.7777778 0.6428571 0.3333333 0.6428571 0.3888889 0.5714285 0.3888889 0.6428571 0.7777778 0.5714285 0.7777778 0.5714285 0.7222222 0.6428571 0.2777778 0.6428571 0.3333333 0.5714285 0.3333333 0.6428571 0.7222222 0.5714285 0.7222222 0.5714286 0.6666666 0.6428571 0.2777778 0.5714285 0.2777778 0.5714285 0.2222222 0.6428571 0.6111112 0.6428571 0.6666666 0.5714286 0.6666666 0.5714285 0.2222222 0.5 0.2222223 0.5 0.1666666 0.5714285 0.6111112 0.5 0.6111112 0.5 0.5555556 0.5714285 0.1111111 0.5714285 0.1666666 0.5 0.1666666 0.5714285 0.5555556 0.5 0.5555556 0.5 0.5 0.5714285 0.9444445 0.4999999 0.9444445 0.5 0.8888889 0.5714285 0.05555564 0.5714285 0.1111111 0.5 0.1111111 0.5714285 0.4444445 0.5714286 0.5 0.5 0.5 0.5714285 0.8333333 0.5714285 0.8888889 0.5 0.8888889 0.5714285 0.4444445 0.5 0.4444445 0.5 0.3888889 0.5714285 0.7777778 0.5714285 0.8333333 0.5 0.8333333 0.5714285 0.3333333 0.5714285 0.3888889 0.5 0.3888889 0.5714285 0.7777778 0.5 0.7777778 0.5 0.7222222 0.5714285 0.2777778 0.5714285 0.3333333 0.5 0.3333333 0.5714285 0.7222222 0.5 0.7222222 0.5 0.6666666 0.5714285 0.2777778 0.5 0.2777778 0.5 0.2222223 0.5714286 0.6666666 0.5 0.6666666 0.5 0.6111112 0.5 0.2222223 0.4285714 0.2222223 0.4285714 0.1666666 0.5 0.6111112 0.4285714 0.6111111 0.4285714 0.5555556 0.5 0.1666666 0.4285714 0.1666666 0.4285714 0.1111111 0.5 0.5555556 0.4285714 0.5555556 0.4285714 0.5 0.4999999 0.9444445 0.4285714 0.9444444 0.4285714 0.8888889 0.5 0.1111111 0.4285714 0.1111111 0.4285714 0.05555564 0.5 0.5 0.4285714 0.5 0.4285714 0.4444445 0.5 0.8333333 0.5 0.8888889 0.4285714 0.8888889 0.5 0.3888889 0.5 0.4444445 0.4285714 0.4444445 0.5 0.7777778 0.5 0.8333333 0.4285714 0.8333333 0.5 0.3333333 0.5 0.3888889 0.4285714 0.388889 0.5 0.7222222 0.5 0.7777778 0.4285714 0.7777777 0.5 0.2777778 0.5 0.3333333 0.4285714 0.3333333 0.5 0.7222222 0.4285714 0.7222222 0.4285714 0.6666666 0.5 0.2222223 0.5 0.2777778 0.4285714 0.2777778 0.5 0.6666666 0.4285714 0.6666666 0.4285714 0.6111111 0.4285714 0.2222223 0.3571429 0.2222223 0.3571428 0.1666666 0.4285714 0.5555556 0.4285714 0.6111111 0.3571429 0.6111111 0.4285714 0.1666666 0.3571428 0.1666666 0.3571428 0.1111111 0.4285714 0.5555556 0.3571428 0.5555556 0.3571428 0.5 0.4285714 0.9444444 0.3571428 0.9444444 0.3571428 0.8888889 0.4285714 0.05555564 0.4285714 0.1111111 0.3571428 0.1111111 0.4285714 0.5 0.3571428 0.5 0.3571428 0.4444445 0.4285714 0.8888889 0.3571428 0.8888889 0.3571428 0.8333333 0.4285714 0.4444445 0.3571428 0.4444445 0.3571429 0.388889 0.4285714 0.8333333 0.3571428 0.8333333 0.3571429 0.7777777 0.4285714 0.3333333 0.4285714 0.388889 0.3571429 0.388889 0.4285714 0.7777777 0.3571429 0.7777777 0.3571428 0.7222222 0.4285714 0.2777778 0.4285714 0.3333333 0.3571429 0.3333333 0.4285714 0.7222222 0.3571428 0.7222222 0.3571429 0.6666666 0.4285714 0.2222223 0.4285714 0.2777778 0.3571428 0.2777779 0.4285714 0.6666666 0.3571429 0.6666666 0.3571429 0.6111111 0.3571429 0.2222223 0.2857143 0.2222223 0.2857143 0.1666668 0.3571428 0.5555556 0.3571429 0.6111111 0.2857143 0.6111111 0.3571428 0.1666666 0.2857143 0.1666668 0.2857142 0.1111111 0.3571428 0.5 0.3571428 0.5555556 0.2857143 0.5555556 0.3571428 0.9444444 0.2857143 0.9444444 0.2857143 0.8888889 0.3571428 0.05555564 0.3571428 0.1111111 0.2857142 0.1111111 0.3571428 0.5 0.2857143 0.5 0.2857143 0.4444445 0.3571428 0.8888889 0.2857143 0.8888889 0.2857143 0.8333333 0.3571428 0.4444445 0.2857143 0.4444445 0.2857143 0.388889 0.3571428 0.8333333 0.2857143 0.8333333 0.2857143 0.7777777 0.3571429 0.388889 0.2857143 0.388889 0.2857143 0.3333333 0.3571429 0.7777777 0.2857143 0.7777777 0.2857143 0.7222222 0.3571429 0.3333333 0.2857143 0.3333333 0.2857143 0.2777779 0.3571429 0.6666666 0.3571428 0.7222222 0.2857143 0.7222222 0.3571428 0.2777779 0.2857143 0.2777779 0.2857143 0.2222223 0.3571429 0.6666666 0.2857143 0.6666666 0.2857143 0.6111111 0.2857143 0.2222223 0.2142857 0.2222223 0.2142857 0.1666668 0.2857143 0.6111111 0.2142857 0.6111111 0.2142857 0.5555556 0.2857143 0.1666668 0.2142857 0.1666668 0.2142857 0.1111111 0.2857143 0.5555556 0.2142857 0.5555556 0.2142857 0.5 0.2857143 0.9444444 0.2142857 0.9444444 0.2142857 0.8888889 0.2857142 0.1111111 0.2142857 0.1111111 0.2142857 0.05555564 0.2857143 0.5 0.2142857 0.5 0.2142857 0.4444445 0.2857143 0.8888889 0.2142857 0.8888889 0.2142857 0.8333333 0.2857143 0.4444445 0.2142857 0.4444445 0.2142857 0.388889 0.2857143 0.7777777 0.2857143 0.8333333 0.2142857 0.8333333 0.2857143 0.3333333 0.2857143 0.388889 0.2142857 0.388889 0.2857143 0.7222222 0.2857143 0.7777777 0.2142857 0.7777777 0.2857143 0.2777779 0.2857143 0.3333333 0.2142857 0.3333333 0.2857143 0.6666666 0.2857143 0.7222222 0.2142857 0.7222222 0.2857143 0.2777779 0.2142857 0.2777779 0.2142857 0.2222223 0.2857143 0.6666666 0.2142857 0.6666666 0.2142857 0.6111111 0.2142857 0.2222223 0.1428571 0.2222223 0.1428571 0.1666666 0.2142857 0.6111111 0.1428571 0.6111111 0.1428571 0.5555556 0.2142857 0.1666668 0.1428571 0.1666666 0.1428571 0.1111111 0.2142857 0.5555556 0.1428571 0.5555556 0.1428571 0.5 0.2142857 0.9444444 0.1428571 0.9444444 0.1428571 0.8888889 0.2142857 0.1111111 0.1428571 0.1111111 0.1428571 0.05555564 0.2142857 0.4444445 0.2142857 0.5 0.1428571 0.5 0.2142857 0.8888889 0.1428571 0.8888889 0.1428571 0.8333333 0.2142857 0.388889 0.2142857 0.4444445 0.1428571 0.4444445 0.2142857 0.7777777 0.2142857 0.8333333 0.1428571 0.8333333 0.2142857 0.388889 0.1428571 0.388889 0.1428571 0.3333333 0.2142857 0.7222222 0.2142857 0.7777777 0.1428571 0.7777777 0.2142857 0.3333333 0.1428571 0.3333333 0.1428571 0.2777779 0.2142857 0.6666666 0.2142857 0.7222222 0.1428571 0.7222222 0.2142857 0.2777779 0.1428571 0.2777779 0.1428571 0.2222223 0.2142857 0.6666666 0.1428571 0.6666666 0.1428571 0.6111111 0.1428571 0.2222223 0.07142859 0.2222223 0.07142859 0.1666666 0.1428571 0.6111111 0.07142859 0.6111112 0.07142853 0.5555556 0.1428571 0.1666666 0.07142859 0.1666666 0.07142859 0.1111111 0.1428571 0.5555556 0.07142853 0.5555556 0.07142859 0.5 0.1428571 0.8888889 0.1428571 0.9444444 0.07142859 0.9444444 0.1428571 0.1111111 0.07142859 0.1111111 0.07142859 0.05555564 0.1428571 0.5 0.07142859 0.5 0.07142853 0.4444445 0.1428571 0.8333333 0.1428571 0.8888889 0.07142859 0.8888889 0.1428571 0.4444445 0.07142853 0.4444445 0.07142859 0.3888889 0.1428571 0.7777777 0.1428571 0.8333333 0.07142859 0.8333333 0.1428571 0.3333333 0.1428571 0.388889 0.07142859 0.3888889 0.1428571 0.7222222 0.1428571 0.7777777 0.07142859 0.7777777 0.1428571 0.2777779 0.1428571 0.3333333 0.07142859 0.3333333 0.1428571 0.6666666 0.1428571 0.7222222 0.07142859 0.7222222 0.1428571 0.2777779 0.07142859 0.2777778 0.07142859 0.2222223 0.1428571 0.6666666 0.07142859 0.6666666 0.07142859 0.6111112 0.07142859 0.2222223 0 0.2222222 0 0.1666666 0.07142859 0.6111112 0 0.6111112 0 0.5555556 0.07142859 0.1666666 0 0.1666666 0 0.1111111 0.07142853 0.5555556 0 0.5555556 0 0.5 0.07142859 0.8888889 0.07142859 0.9444444 0 0.9444444 0.07142859 0.1111111 0 0.1111111 0 0.05555564 0.07142859 0.5 0 0.5 0 0.4444445 0.07142859 0.8333333 0.07142859 0.8888889 0 0.888889 0.07142853 0.4444445 0 0.4444445 0 0.3888889 0.07142859 0.7777777 0.07142859 0.8333333 0 0.8333333 0.07142859 0.3888889 0 0.3888889 0 0.3333333 0.07142859 0.7222222 0.07142859 0.7777777 0 0.7777777 0.07142859 0.3333333 0 0.3333333 0 0.2777778 0.07142859 0.6666666 0.07142859 0.7222222 0 0.7222222 0.07142859 0.2777778 0 0.2777778 0 0.2222222 0.07142859 0.6666666 0 0.6666666 0 0.6111112 1 0.1666666 1 0.2222222 0.9285715 0.2222222 1 0.5555556 1 0.6111112 0.9285714 0.6111112 1 0.1111111 1 0.1666666 0.9285715 0.1666666 1 0.5 1 0.5555556 0.9285714 0.5555556 1 0.888889 1 0.9444444 0.9285715 0.9444444 1 0.05555564 1 0.1111111 0.9285714 0.1111111 1 0.5 0.9285714 0.5 0.9285714 0.4444445 1 0.8333333 1 0.888889 0.9285715 0.888889 1 0.4444445 0.9285714 0.4444445 0.9285714 0.3888889 1 0.8333333 0.9285714 0.8333334 0.9285715 0.7777778 1 0.3333333 1 0.3888889 0.9285714 0.3888889 1 0.7777777 0.9285715 0.7777778 0.9285714 0.7222222 1 0.2777778 1 0.3333333 0.9285715 0.3333333 1 0.7222222 0.9285714 0.7222222 0.9285715 0.6666666 1 0.2222222 1 0.2777778 0.9285714 0.2777778 1 0.6111112 1 0.6666666 0.9285715 0.6666666 0.9285715 0.1666666 0.9285715 0.2222222 0.8571429 0.2222222 0.9285714 0.5555556 0.9285714 0.6111112 0.8571428 0.6111112 0.9285714 0.1111111 0.9285715 0.1666666 0.8571428 0.1666666 0.9285714 0.5 0.9285714 0.5555556 0.8571428 0.5555556 0.9285715 0.888889 0.9285715 0.9444444 0.8571429 0.9444445 0.9285715 0.05555564 0.9285714 0.1111111 0.8571428 0.1111111 0.9285714 0.4444445 0.9285714 0.5 0.8571428 0.5 0.9285714 0.8333334 0.9285715 0.888889 0.8571429 0.888889 0.9285714 0.3888889 0.9285714 0.4444445 0.8571428 0.4444444 0.9285714 0.8333334 0.8571428 0.8333334 0.8571429 0.7777778 0.9285715 0.3333333 0.9285714 0.3888889 0.8571428 0.3888889 0.9285715 0.7777778 0.8571429 0.7777778 0.8571428 0.7222222 0.9285714 0.2777778 0.9285715 0.3333333 0.8571428 0.3333333 0.9285714 0.7222222 0.8571428 0.7222222 0.8571428 0.6666666 0.9285715 0.2222222 0.9285714 0.2777778 0.8571428 0.2777778 0.9285714 0.6111112 0.9285715 0.6666666 0.8571428 0.6666666 0.8571428 0.1666666 0.8571429 0.2222222 0.7857143 0.2222222 0.8571428 0.5555556 0.8571428 0.6111112 0.7857143 0.6111112 0.8571428 0.1111111 0.8571428 0.1666666 0.7857143 0.1666666 0.8571428 0.5 0.8571428 0.5555556 0.7857142 0.5555556 0.8571429 0.888889 0.8571429 0.9444445 0.7857143 0.9444445 0.8571429 0.05555564 0.8571428 0.1111111 0.7857143 0.1111111 0.8571428 0.4444444 0.8571428 0.5 0.7857143 0.5 0.8571428 0.8333334 0.8571429 0.888889 0.7857143 0.888889 0.8571428 0.3888889 0.8571428 0.4444444 0.7857142 0.4444444 0.8571428 0.8333334 0.7857143 0.8333334 0.7857143 0.7777778 0.8571428 0.3333333 0.8571428 0.3888889 0.7857143 0.3888889 0.8571429 0.7777778 0.7857143 0.7777778 0.7857143 0.7222222 0.8571428 0.3333333 0.7857143 0.3333333 0.7857143 0.2777778 0.8571428 0.7222222 0.7857143 0.7222222 0.7857143 0.6666666 0.8571429 0.2222222 0.8571428 0.2777778 0.7857143 0.2777778 0.8571428 0.6111112 0.8571428 0.6666666 0.7857143 0.6666666 0.7857143 0.1666666 0.7857143 0.2222222 0.7142857 0.2222222 0.7857142 0.5555556 0.7857143 0.6111112 0.7142857 0.6111112 0.7857143 0.1111111 0.7857143 0.1666666 0.7142857 0.1666666 0.7857143 0.5 0.7857142 0.5555556 0.7142856 0.5555556 0.7857143 0.888889 0.7857143 0.9444445 0.7142857 0.9444445 0.7857143 0.05555564 0.7857143 0.1111111 0.7142857 0.1111111 0.7857142 0.4444444 0.7857143 0.5 0.7142857 0.5 0.7857143 0.8333334 0.7857143 0.888889 0.7142857 0.888889 0.7857143 0.3888889 0.7857142 0.4444444 0.7142857 0.4444445 0.7857143 0.8333334 0.7142857 0.8333333 0.7142857 0.7777778 0.7857143 0.3333333 0.7857143 0.3888889 0.7142857 0.3888889 0.7857143 0.7777778 0.7142857 0.7777778 0.7142857 0.7222222 0.7857143 0.2777778 0.7857143 0.3333333 0.7142857 0.3333333 0.7857143 0.7222222 0.7142857 0.7222222 0.7142857 0.6666666 0.7857143 0.2222222 0.7857143 0.2777778 0.7142857 0.2777778 0.7857143 0.6111112 0.7857143 0.6666666 0.7142857 0.6666666 0.7142857 0.3888889 0.7142857 0.4444445 0.6428571 0.4444445 0.7142857 0.8333333 0.6428571 0.8333333 0.6428571 0.7777778 0.7142857 0.3333333 0.7142857 0.3888889 0.6428571 0.3888889 0.7142857 0.7777778 0.6428571 0.7777778 0.6428571 0.7222222 0.7142857 0.2777778 0.7142857 0.3333333 0.6428571 0.3333333 0.7142857 0.7222222 0.6428571 0.7222222 0.6428571 0.6666666 0.7142857 0.2222222 0.7142857 0.2777778 0.6428571 0.2777778 0.7142857 0.6111112 0.7142857 0.6666666 0.6428571 0.6666666 0.7142857 0.1666666 0.7142857 0.2222222 0.6428571 0.2222222 0.7142856 0.5555556 0.7142857 0.6111112 0.6428571 0.6111112 0.7142857 0.1111111 0.7142857 0.1666666 0.6428571 0.1666666 0.7142857 0.5 0.7142856 0.5555556 0.6428571 0.5555556 0.7142857 0.888889 0.7142857 0.9444445 0.6428571 0.9444445 0.7142857 0.05555564 0.7142857 0.1111111 0.6428571 0.1111111 0.7142857 0.4444445 0.7142857 0.5 0.6428571 0.5 0.7142857 0.888889 0.6428571 0.8888889 0.6428571 0.8333333 0.6428571 0.1666666 0.6428571 0.2222222 0.5714285 0.2222222 0.6428571 0.5555556 0.6428571 0.6111112 0.5714285 0.6111112 0.6428571 0.1111111 0.6428571 0.1666666 0.5714285 0.1666666 0.6428571 0.5 0.6428571 0.5555556 0.5714285 0.5555556 0.6428571 0.9444445 0.5714285 0.9444445 0.5714285 0.8888889 0.6428571 0.05555564 0.6428571 0.1111111 0.5714285 0.1111111 0.6428571 0.4444445 0.6428571 0.5 0.5714286 0.5 0.6428571 0.8888889 0.5714285 0.8888889 0.5714285 0.8333333 0.6428571 0.3888889 0.6428571 0.4444445 0.5714285 0.4444445 0.6428571 0.8333333 0.5714285 0.8333333 0.5714285 0.7777778 0.6428571 0.3333333 0.6428571 0.3888889 0.5714285 0.3888889 0.6428571 0.7777778 0.5714285 0.7777778 0.5714285 0.7222222 0.6428571 0.2777778 0.6428571 0.3333333 0.5714285 0.3333333 0.6428571 0.7222222 0.5714285 0.7222222 0.5714286 0.6666666 0.6428571 0.2222222 0.6428571 0.2777778 0.5714285 0.2777778 0.6428571 0.6111112 0.6428571 0.6666666 0.5714286 0.6666666 0.5714285 0.1666666 0.5714285 0.2222222 0.5 0.2222223 0.5714285 0.5555556 0.5714285 0.6111112 0.5 0.6111112 0.5714285 0.1111111 0.5714285 0.1666666 0.5 0.1666666 0.5714286 0.5 0.5714285 0.5555556 0.5 0.5555556 0.5714285 0.9444445 0.4999999 0.9444445 0.5 0.8888889 0.5714285 0.05555564 0.5714285 0.1111111 0.5 0.1111111 0.5714285 0.4444445 0.5714286 0.5 0.5 0.5 0.5714285 0.8888889 0.5 0.8888889 0.5 0.8333333 0.5714285 0.3888889 0.5714285 0.4444445 0.5 0.4444445 0.5714285 0.8333333 0.5 0.8333333 0.5 0.7777778 0.5714285 0.3333333 0.5714285 0.3888889 0.5 0.3888889 0.5714285 0.7777778 0.5 0.7777778 0.5 0.7222222 0.5714285 0.2777778 0.5714285 0.3333333 0.5 0.3333333 0.5714285 0.7222222 0.5 0.7222222 0.5 0.6666666 0.5714285 0.2222222 0.5714285 0.2777778 0.5 0.2777778 0.5714285 0.6111112 0.5714286 0.6666666 0.5 0.6666666 0.5 0.2222223 0.4285714 0.2222223 0.4285714 0.1666666 0.5 0.5555556 0.5 0.6111112 0.4285714 0.6111111 0.5 0.1666666 0.4285714 0.1666666 0.4285714 0.1111111 0.5 0.5 0.5 0.5555556 0.4285714 0.5555556 0.4999999 0.9444445 0.4285714 0.9444444 0.4285714 0.8888889 0.5 0.1111111 0.4285714 0.1111111 0.4285714 0.05555564 0.5 0.4444445 0.5 0.5 0.4285714 0.5 0.5 0.8333333 0.5 0.8888889 0.4285714 0.8888889 0.5 0.3888889 0.5 0.4444445 0.4285714 0.4444445 0.5 0.8333333 0.4285714 0.8333333 0.4285714 0.7777777 0.5 0.3888889 0.4285714 0.388889 0.4285714 0.3333333 0.5 0.7777778 0.4285714 0.7777777 0.4285714 0.7222222 0.5 0.3333333 0.4285714 0.3333333 0.4285714 0.2777778 0.5 0.7222222 0.4285714 0.7222222 0.4285714 0.6666666 0.5 0.2777778 0.4285714 0.2777778 0.4285714 0.2222223 0.5 0.6111112 0.5 0.6666666 0.4285714 0.6666666 0.4285714 0.2222223 0.3571429 0.2222223 0.3571428 0.1666666 0.4285714 0.6111111 0.3571429 0.6111111 0.3571428 0.5555556 0.4285714 0.1666666 0.3571428 0.1666666 0.3571428 0.1111111 0.4285714 0.5555556 0.3571428 0.5555556 0.3571428 0.5 0.4285714 0.9444444 0.3571428 0.9444444 0.3571428 0.8888889 0.4285714 0.1111111 0.3571428 0.1111111 0.3571428 0.05555564 0.4285714 0.5 0.3571428 0.5 0.3571428 0.4444445 0.4285714 0.8333333 0.4285714 0.8888889 0.3571428 0.8888889 0.4285714 0.4444445 0.3571428 0.4444445 0.3571429 0.388889 0.4285714 0.7777777 0.4285714 0.8333333 0.3571428 0.8333333 0.4285714 0.388889 0.3571429 0.388889 0.3571429 0.3333333 0.4285714 0.7222222 0.4285714 0.7777777 0.3571429 0.7777777 0.4285714 0.3333333 0.3571429 0.3333333 0.3571428 0.2777779 0.4285714 0.6666666 0.4285714 0.7222222 0.3571428 0.7222222 0.4285714 0.2777778 0.3571428 0.2777779 0.3571429 0.2222223 0.4285714 0.6666666 0.3571429 0.6666666 0.3571429 0.6111111 0.3571429 0.2222223 0.2857143 0.2222223 0.2857143 0.1666668 0.3571429 0.6111111 0.2857143 0.6111111 0.2857143 0.5555556 0.3571428 0.1666666 0.2857143 0.1666668 0.2857142 0.1111111 0.3571428 0.5555556 0.2857143 0.5555556 0.2857143 0.5 0.3571428 0.9444444 0.2857143 0.9444444 0.2857143 0.8888889 0.3571428 0.1111111 0.2857142 0.1111111 0.2857143 0.05555564 0.3571428 0.5 0.2857143 0.5 0.2857143 0.4444445 0.3571428 0.8333333 0.3571428 0.8888889 0.2857143 0.8888889 0.3571428 0.4444445 0.2857143 0.4444445 0.2857143 0.388889 0.3571429 0.7777777 0.3571428 0.8333333 0.2857143 0.8333333 0.3571429 0.388889 0.2857143 0.388889 0.2857143 0.3333333 0.3571428 0.7222222 0.3571429 0.7777777 0.2857143 0.7777777 0.3571429 0.3333333 0.2857143 0.3333333 0.2857143 0.2777779 0.3571429 0.6666666 0.3571428 0.7222222 0.2857143 0.7222222 0.3571428 0.2777779 0.2857143 0.2777779 0.2857143 0.2222223 0.3571429 0.6666666 0.2857143 0.6666666 0.2857143 0.6111111 0.2857143 0.2222223 0.2142857 0.2222223 0.2142857 0.1666668 0.2857143 0.6111111 0.2142857 0.6111111 0.2142857 0.5555556 0.2857143 0.1666668 0.2142857 0.1666668 0.2142857 0.1111111 0.2857143 0.5555556 0.2142857 0.5555556 0.2142857 0.5 0.2857143 0.9444444 0.2142857 0.9444444 0.2142857 0.8888889 0.2857142 0.1111111 0.2142857 0.1111111 0.2142857 0.05555564 0.2857143 0.5 0.2142857 0.5 0.2142857 0.4444445 0.2857143 0.8333333 0.2857143 0.8888889 0.2142857 0.8888889 0.2857143 0.4444445 0.2142857 0.4444445 0.2142857 0.388889 0.2857143 0.7777777 0.2857143 0.8333333 0.2142857 0.8333333 0.2857143 0.388889 0.2142857 0.388889 0.2142857 0.3333333 0.2857143 0.7222222 0.2857143 0.7777777 0.2142857 0.7777777 0.2857143 0.3333333 0.2142857 0.3333333 0.2142857 0.2777779 0.2857143 0.7222222 0.2142857 0.7222222 0.2142857 0.6666666 0.2857143 0.2777779 0.2142857 0.2777779 0.2142857 0.2222223 0.2857143 0.6666666 0.2142857 0.6666666 0.2142857 0.6111111 0.2142857 0.2222223 0.1428571 0.2222223 0.1428571 0.1666666 0.2142857 0.5555556 0.2142857 0.6111111 0.1428571 0.6111111 0.2142857 0.1666668 0.1428571 0.1666666 0.1428571 0.1111111 0.2142857 0.5 0.2142857 0.5555556 0.1428571 0.5555556 0.2142857 0.9444444 0.1428571 0.9444444 0.1428571 0.8888889 0.2142857 0.1111111 0.1428571 0.1111111 0.1428571 0.05555564 0.2142857 0.4444445 0.2142857 0.5 0.1428571 0.5 0.2142857 0.8888889 0.1428571 0.8888889 0.1428571 0.8333333 0.2142857 0.388889 0.2142857 0.4444445 0.1428571 0.4444445 0.2142857 0.8333333 0.1428571 0.8333333 0.1428571 0.7777777 0.2142857 0.3333333 0.2142857 0.388889 0.1428571 0.388889 0.2142857 0.7777777 0.1428571 0.7777777 0.1428571 0.7222222 0.2142857 0.2777779 0.2142857 0.3333333 0.1428571 0.3333333 0.2142857 0.7222222 0.1428571 0.7222222 0.1428571 0.6666666 0.2142857 0.2222223 0.2142857 0.2777779 0.1428571 0.2777779 0.2142857 0.6666666 0.1428571 0.6666666 0.1428571 0.6111111 0.1428571 0.1666666 0.1428571 0.2222223 0.07142859 0.2222223 0.1428571 0.5555556 0.1428571 0.6111111 0.07142859 0.6111112 0.1428571 0.1666666 0.07142859 0.1666666 0.07142859 0.1111111 0.1428571 0.5 0.1428571 0.5555556 0.07142853 0.5555556 0.1428571 0.9444444 0.07142859 0.9444444 0.07142859 0.8888889 0.1428571 0.1111111 0.07142859 0.1111111 0.07142859 0.05555564 0.1428571 0.4444445 0.1428571 0.5 0.07142859 0.5 0.1428571 0.8888889 0.07142859 0.8888889 0.07142859 0.8333333 0.1428571 0.388889 0.1428571 0.4444445 0.07142853 0.4444445 0.1428571 0.8333333 0.07142859 0.8333333 0.07142859 0.7777777 0.1428571 0.3333333 0.1428571 0.388889 0.07142859 0.3888889 0.1428571 0.7777777 0.07142859 0.7777777 0.07142859 0.7222222 0.1428571 0.2777779 0.1428571 0.3333333 0.07142859 0.3333333 0.1428571 0.7222222 0.07142859 0.7222222 0.07142859 0.6666666 0.1428571 0.2222223 0.1428571 0.2777779 0.07142859 0.2777778 0.1428571 0.6666666 0.07142859 0.6666666 0.07142859 0.6111112 0.07142859 0.1666666 0.07142859 0.2222223 0 0.2222222 0.07142853 0.5555556 0.07142859 0.6111112 0 0.6111112 0.07142859 0.1111111 0.07142859 0.1666666 0 0.1666666 0.07142859 0.5 0.07142853 0.5555556 0 0.5555556 0.07142859 0.8888889 0.07142859 0.9444444 0 0.9444444 0.07142859 0.05555564 0.07142859 0.1111111 0 0.1111111 0.07142853 0.4444445 0.07142859 0.5 0 0.5 0.07142859 0.8888889 0 0.888889 0 0.8333333 0.07142859 0.3888889 0.07142853 0.4444445 0 0.4444445 0.07142859 0.8333333 0 0.8333333 0 0.7777777 0.07142859 0.3333333 0.07142859 0.3888889 0 0.3888889 0.07142859 0.7777777 0 0.7777777 0 0.7222222 0.07142859 0.2777778 0.07142859 0.3333333 0 0.3333333 0.07142859 0.7222222 0 0.7222222 0 0.6666666 0.07142859 0.2222223 0.07142859 0.2777778 0 0.2777778 0.07142859 0.6666666 0 0.6666666 0 0.6111112 1 0.1666666 1 0.2222222 0.9285715 0.2222222 1 0.5555556 1 0.6111112 0.9285714 0.6111112 1 0.1111111 1 0.1666666 0.9285715 0.1666666 1 0.5555556 0.9285714 0.5555556 0.9285714 0.5 1 0.888889 1 0.9444444 0.9285715 0.9444444 1 0.05555564 1 0.1111111 0.9285714 0.1111111 1 0.5 0.9285714 0.5 0.9285714 0.4444445 1 0.8333333 1 0.888889 0.9285715 0.888889 1 0.4444445 0.9285714 0.4444445 0.9285714 0.3888889 1 0.7777777 1 0.8333333 0.9285714 0.8333334 1 0.3333333 1 0.3888889 0.9285714 0.3888889 1 0.7222222 1 0.7777777 0.9285715 0.7777778 1 0.2777778 1 0.3333333 0.9285715 0.3333333 1 0.6666666 1 0.7222222 0.9285714 0.7222222 1 0.2222222 1 0.2777778 0.9285714 0.2777778 1 0.6111112 1 0.6666666 0.9285715 0.6666666 0.9285715 0.1666666 0.9285715 0.2222222 0.8571429 0.2222222 0.9285714 0.6111112 0.8571428 0.6111112 0.8571428 0.5555556 0.9285714 0.1111111 0.9285715 0.1666666 0.8571428 0.1666666 0.9285714 0.5555556 0.8571428 0.5555556 0.8571428 0.5 0.9285715 0.888889 0.9285715 0.9444444 0.8571429 0.9444445 0.9285715 0.05555564 0.9285714 0.1111111 0.8571428 0.1111111 0.9285714 0.5 0.8571428 0.5 0.8571428 0.4444444 0.9285714 0.8333334 0.9285715 0.888889 0.8571429 0.888889 0.9285714 0.4444445 0.8571428 0.4444444 0.8571428 0.3888889 0.9285715 0.7777778 0.9285714 0.8333334 0.8571428 0.8333334 0.9285714 0.3888889 0.8571428 0.3888889 0.8571428 0.3333333 0.9285714 0.7222222 0.9285715 0.7777778 0.8571429 0.7777778 0.9285714 0.2777778 0.9285715 0.3333333 0.8571428 0.3333333 0.9285715 0.6666666 0.9285714 0.7222222 0.8571428 0.7222222 0.9285715 0.2222222 0.9285714 0.2777778 0.8571428 0.2777778 0.9285714 0.6111112 0.9285715 0.6666666 0.8571428 0.6666666 0.8571428 0.1666666 0.8571429 0.2222222 0.7857143 0.2222222 0.8571428 0.6111112 0.7857143 0.6111112 0.7857142 0.5555556 0.8571428 0.1111111 0.8571428 0.1666666 0.7857143 0.1666666 0.8571428 0.5555556 0.7857142 0.5555556 0.7857143 0.5 0.8571429 0.888889 0.8571429 0.9444445 0.7857143 0.9444445 0.8571429 0.05555564 0.8571428 0.1111111 0.7857143 0.1111111 0.8571428 0.5 0.7857143 0.5 0.7857142 0.4444444 0.8571428 0.8333334 0.8571429 0.888889 0.7857143 0.888889 0.8571428 0.4444444 0.7857142 0.4444444 0.7857143 0.3888889 0.8571429 0.7777778 0.8571428 0.8333334 0.7857143 0.8333334 0.8571428 0.3888889 0.7857143 0.3888889 0.7857143 0.3333333 0.8571428 0.7222222 0.8571429 0.7777778 0.7857143 0.7777778 0.8571428 0.2777778 0.8571428 0.3333333 0.7857143 0.3333333 0.8571428 0.6666666 0.8571428 0.7222222 0.7857143 0.7222222 0.8571429 0.2222222 0.8571428 0.2777778 0.7857143 0.2777778 0.8571428 0.6111112 0.8571428 0.6666666 0.7857143 0.6666666 0.7857143 0.1666666 0.7857143 0.2222222 0.7142857 0.2222222 0.7857143 0.6111112 0.7142857 0.6111112 0.7142856 0.5555556 0.7857143 0.1111111 0.7857143 0.1666666 0.7142857 0.1666666 0.7857142 0.5555556 0.7142856 0.5555556 0.7142857 0.5 0.7857143 0.888889 0.7857143 0.9444445 0.7142857 0.9444445 0.7857143 0.05555564 0.7857143 0.1111111 0.7142857 0.1111111 0.7857143 0.5 0.7142857 0.5 0.7142857 0.4444445 0.7857143 0.8333334 0.7857143 0.888889 0.7142857 0.888889 0.7857142 0.4444444 0.7142857 0.4444445 0.7142857 0.3888889 0.7857143 0.7777778 0.7857143 0.8333334 0.7142857 0.8333333 0.7857143 0.3333333 0.7857143 0.3888889 0.7142857 0.3888889 0.7857143 0.7222222 0.7857143 0.7777778 0.7142857 0.7777778 0.7857143 0.2777778 0.7857143 0.3333333 0.7142857 0.3333333 0.7857143 0.6666666 0.7857143 0.7222222 0.7142857 0.7222222 0.7857143 0.2222222 0.7857143 0.2777778 0.7142857 0.2777778 0.7857143 0.6111112 0.7857143 0.6666666 0.7142857 0.6666666 0.7142857 0.3888889 0.7142857 0.4444445 0.6428571 0.4444445 0.7142857 0.8333333 0.6428571 0.8333333 0.6428571 0.7777778 0.7142857 0.3333333 0.7142857 0.3888889 0.6428571 0.3888889 0.7142857 0.7777778 0.6428571 0.7777778 0.6428571 0.7222222 0.7142857 0.2777778 0.7142857 0.3333333 0.6428571 0.3333333 0.7142857 0.7222222 0.6428571 0.7222222 0.6428571 0.6666666 0.7142857 0.2222222 0.7142857 0.2777778 0.6428571 0.2777778 0.7142857 0.6111112 0.7142857 0.6666666 0.6428571 0.6666666 0.7142857 0.1666666 0.7142857 0.2222222 0.6428571 0.2222222 0.7142856 0.5555556 0.7142857 0.6111112 0.6428571 0.6111112 0.7142857 0.1111111 0.7142857 0.1666666 0.6428571 0.1666666 0.7142857 0.5 0.7142856 0.5555556 0.6428571 0.5555556 0.7142857 0.9444445 0.6428571 0.9444445 0.6428571 0.8888889 0.7142857 0.05555564 0.7142857 0.1111111 0.6428571 0.1111111 0.7142857 0.4444445 0.7142857 0.5 0.6428571 0.5 0.7142857 0.888889 0.6428571 0.8888889 0.6428571 0.8333333 0.6428571 0.1666666 0.6428571 0.2222222 0.5714285 0.2222222 0.6428571 0.5555556 0.6428571 0.6111112 0.5714285 0.6111112 0.6428571 0.1111111 0.6428571 0.1666666 0.5714285 0.1666666 0.6428571 0.5 0.6428571 0.5555556 0.5714285 0.5555556 0.6428571 0.9444445 0.5714285 0.9444445 0.5714285 0.8888889 0.6428571 0.05555564 0.6428571 0.1111111 0.5714285 0.1111111 0.6428571 0.4444445 0.6428571 0.5 0.5714286 0.5 0.6428571 0.8888889 0.5714285 0.8888889 0.5714285 0.8333333 0.6428571 0.3888889 0.6428571 0.4444445 0.5714285 0.4444445 0.6428571 0.8333333 0.5714285 0.8333333 0.5714285 0.7777778 0.6428571 0.3333333 0.6428571 0.3888889 0.5714285 0.3888889 0.6428571 0.7777778 0.5714285 0.7777778 0.5714285 0.7222222 0.6428571 0.2777778 0.6428571 0.3333333 0.5714285 0.3333333 0.6428571 0.7222222 0.5714285 0.7222222 0.5714286 0.6666666 0.6428571 0.2222222 0.6428571 0.2777778 0.5714285 0.2777778 0.6428571 0.6111112 0.6428571 0.6666666 0.5714286 0.6666666 0.5714285 0.1666666 0.5714285 0.2222222 0.5 0.2222223 0.5714285 0.5555556 0.5714285 0.6111112 0.5 0.6111112 0.5714285 0.1111111 0.5714285 0.1666666 0.5 0.1666666 0.5714286 0.5 0.5714285 0.5555556 0.5 0.5555556 0.5714285 0.9444445 0.4999999 0.9444445 0.5 0.8888889 0.5714285 0.05555564 0.5714285 0.1111111 0.5 0.1111111 0.5714285 0.4444445 0.5714286 0.5 0.5 0.5 0.5714285 0.8888889 0.5 0.8888889 0.5 0.8333333 0.5714285 0.3888889 0.5714285 0.4444445 0.5 0.4444445 0.5714285 0.8333333 0.5 0.8333333 0.5 0.7777778 0.5714285 0.3333333 0.5714285 0.3888889 0.5 0.3888889 0.5714285 0.7777778 0.5 0.7777778 0.5 0.7222222 0.5714285 0.2777778 0.5714285 0.3333333 0.5 0.3333333 0.5714285 0.7222222 0.5 0.7222222 0.5 0.6666666 0.5714285 0.2222222 0.5714285 0.2777778 0.5 0.2777778 0.5714285 0.6111112 0.5714286 0.6666666 0.5 0.6666666 0.5 0.2222223 0.4285714 0.2222223 0.4285714 0.1666666 0.5 0.5555556 0.5 0.6111112 0.4285714 0.6111111 0.5 0.1666666 0.4285714 0.1666666 0.4285714 0.1111111 0.5 0.5 0.5 0.5555556 0.4285714 0.5555556 0.4999999 0.9444445 0.4285714 0.9444444 0.4285714 0.8888889 0.5 0.1111111 0.4285714 0.1111111 0.4285714 0.05555564 0.5 0.4444445 0.5 0.5 0.4285714 0.5 0.5 0.8888889 0.4285714 0.8888889 0.4285714 0.8333333 0.5 0.3888889 0.5 0.4444445 0.4285714 0.4444445 0.5 0.8333333 0.4285714 0.8333333 0.4285714 0.7777777 0.5 0.3888889 0.4285714 0.388889 0.4285714 0.3333333 0.5 0.7777778 0.4285714 0.7777777 0.4285714 0.7222222 0.5 0.3333333 0.4285714 0.3333333 0.4285714 0.2777778 0.5 0.6666666 0.5 0.7222222 0.4285714 0.7222222 0.5 0.2777778 0.4285714 0.2777778 0.4285714 0.2222223 0.5 0.6111112 0.5 0.6666666 0.4285714 0.6666666 0.4285714 0.2222223 0.3571429 0.2222223 0.3571428 0.1666666 0.4285714 0.6111111 0.3571429 0.6111111 0.3571428 0.5555556 0.4285714 0.1666666 0.3571428 0.1666666 0.3571428 0.1111111 0.4285714 0.5555556 0.3571428 0.5555556 0.3571428 0.5 0.4285714 0.9444444 0.3571428 0.9444444 0.3571428 0.8888889 0.4285714 0.1111111 0.3571428 0.1111111 0.3571428 0.05555564 0.4285714 0.5 0.3571428 0.5 0.3571428 0.4444445 0.4285714 0.8333333 0.4285714 0.8888889 0.3571428 0.8888889 0.4285714 0.4444445 0.3571428 0.4444445 0.3571429 0.388889 0.4285714 0.7777777 0.4285714 0.8333333 0.3571428 0.8333333 0.4285714 0.388889 0.3571429 0.388889 0.3571429 0.3333333 0.4285714 0.7222222 0.4285714 0.7777777 0.3571429 0.7777777 0.4285714 0.3333333 0.3571429 0.3333333 0.3571428 0.2777779 0.4285714 0.6666666 0.4285714 0.7222222 0.3571428 0.7222222 0.4285714 0.2777778 0.3571428 0.2777779 0.3571429 0.2222223 0.4285714 0.6666666 0.3571429 0.6666666 0.3571429 0.6111111 0.3571429 0.2222223 0.2857143 0.2222223 0.2857143 0.1666668 0.3571429 0.6111111 0.2857143 0.6111111 0.2857143 0.5555556 0.3571428 0.1666666 0.2857143 0.1666668 0.2857142 0.1111111 0.3571428 0.5555556 0.2857143 0.5555556 0.2857143 0.5 0.3571428 0.8888889 0.3571428 0.9444444 0.2857143 0.9444444 0.3571428 0.1111111 0.2857142 0.1111111 0.2857143 0.05555564 0.3571428 0.5 0.2857143 0.5 0.2857143 0.4444445 0.3571428 0.8333333 0.3571428 0.8888889 0.2857143 0.8888889 0.3571428 0.4444445 0.2857143 0.4444445 0.2857143 0.388889 0.3571429 0.7777777 0.3571428 0.8333333 0.2857143 0.8333333 0.3571429 0.388889 0.2857143 0.388889 0.2857143 0.3333333 0.3571428 0.7222222 0.3571429 0.7777777 0.2857143 0.7777777 0.3571429 0.3333333 0.2857143 0.3333333 0.2857143 0.2777779 0.3571429 0.6666666 0.3571428 0.7222222 0.2857143 0.7222222 0.3571428 0.2777779 0.2857143 0.2777779 0.2857143 0.2222223 0.3571429 0.6666666 0.2857143 0.6666666 0.2857143 0.6111111 0.2857143 0.2222223 0.2142857 0.2222223 0.2142857 0.1666668 0.2857143 0.6111111 0.2142857 0.6111111 0.2142857 0.5555556 0.2857143 0.1666668 0.2142857 0.1666668 0.2142857 0.1111111 0.2857143 0.5555556 0.2142857 0.5555556 0.2142857 0.5 0.2857143 0.9444444 0.2142857 0.9444444 0.2142857 0.8888889 0.2857142 0.1111111 0.2142857 0.1111111 0.2142857 0.05555564 0.2857143 0.5 0.2142857 0.5 0.2142857 0.4444445 0.2857143 0.8333333 0.2857143 0.8888889 0.2142857 0.8888889 0.2857143 0.4444445 0.2142857 0.4444445 0.2142857 0.388889 0.2857143 0.7777777 0.2857143 0.8333333 0.2142857 0.8333333 0.2857143 0.388889 0.2142857 0.388889 0.2142857 0.3333333 0.2857143 0.7222222 0.2857143 0.7777777 0.2142857 0.7777777 0.2857143 0.3333333 0.2142857 0.3333333 0.2142857 0.2777779 0.2857143 0.7222222 0.2142857 0.7222222 0.2142857 0.6666666 0.2857143 0.2777779 0.2142857 0.2777779 0.2142857 0.2222223 0.2857143 0.6666666 0.2142857 0.6666666 0.2142857 0.6111111 0.2142857 0.2222223 0.1428571 0.2222223 0.1428571 0.1666666 0.2142857 0.5555556 0.2142857 0.6111111 0.1428571 0.6111111 0.2142857 0.1666668 0.1428571 0.1666666 0.1428571 0.1111111 0.2142857 0.5 0.2142857 0.5555556 0.1428571 0.5555556 0.2142857 0.9444444 0.1428571 0.9444444 0.1428571 0.8888889 0.2142857 0.1111111 0.1428571 0.1111111 0.1428571 0.05555564 0.2142857 0.4444445 0.2142857 0.5 0.1428571 0.5 0.2142857 0.8888889 0.1428571 0.8888889 0.1428571 0.8333333 0.2142857 0.388889 0.2142857 0.4444445 0.1428571 0.4444445 0.2142857 0.8333333 0.1428571 0.8333333 0.1428571 0.7777777 0.2142857 0.3333333 0.2142857 0.388889 0.1428571 0.388889 0.2142857 0.7777777 0.1428571 0.7777777 0.1428571 0.7222222 0.2142857 0.2777779 0.2142857 0.3333333 0.1428571 0.3333333 0.2142857 0.7222222 0.1428571 0.7222222 0.1428571 0.6666666 0.2142857 0.2222223 0.2142857 0.2777779 0.1428571 0.2777779 0.2142857 0.6666666 0.1428571 0.6666666 0.1428571 0.6111111 0.1428571 0.1666666 0.1428571 0.2222223 0.07142859 0.2222223 0.1428571 0.5555556 0.1428571 0.6111111 0.07142859 0.6111112 0.1428571 0.1111111 0.1428571 0.1666666 0.07142859 0.1666666 0.1428571 0.5 0.1428571 0.5555556 0.07142853 0.5555556 0.1428571 0.9444444 0.07142859 0.9444444 0.07142859 0.8888889 0.1428571 0.1111111 0.07142859 0.1111111 0.07142859 0.05555564 0.1428571 0.4444445 0.1428571 0.5 0.07142859 0.5 0.1428571 0.8888889 0.07142859 0.8888889 0.07142859 0.8333333 0.1428571 0.388889 0.1428571 0.4444445 0.07142853 0.4444445 0.1428571 0.8333333 0.07142859 0.8333333 0.07142859 0.7777777 0.1428571 0.3333333 0.1428571 0.388889 0.07142859 0.3888889 0.1428571 0.7777777 0.07142859 0.7777777 0.07142859 0.7222222 0.1428571 0.2777779 0.1428571 0.3333333 0.07142859 0.3333333 0.1428571 0.7222222 0.07142859 0.7222222 0.07142859 0.6666666 0.1428571 0.2222223 0.1428571 0.2777779 0.07142859 0.2777778 0.1428571 0.6666666 0.07142859 0.6666666 0.07142859 0.6111112 0.07142859 0.1666666 0.07142859 0.2222223 0 0.2222222 0.07142853 0.5555556 0.07142859 0.6111112 0 0.6111112 0.07142859 0.1111111 0.07142859 0.1666666 0 0.1666666 0.07142859 0.5 0.07142853 0.5555556 0 0.5555556 0.07142859 0.9444444 0 0.9444444 0 0.888889 0.07142859 0.05555564 0.07142859 0.1111111 0 0.1111111 0.07142853 0.4444445 0.07142859 0.5 0 0.5 0.07142859 0.8888889 0 0.888889 0 0.8333333 0.07142859 0.3888889 0.07142853 0.4444445 0 0.4444445 0.07142859 0.8333333 0 0.8333333 0 0.7777777 0.07142859 0.3333333 0.07142859 0.3888889 0 0.3888889 0.07142859 0.7777777 0 0.7777777 0 0.7222222 0.07142859 0.2777778 0.07142859 0.3333333 0 0.3333333 0.07142859 0.7222222 0 0.7222222 0 0.6666666 0.07142859 0.2222223 0.07142859 0.2777778 0 0.2777778 0.07142859 0.6666666 0 0.6666666 0 0.6111112 1 0.1666666 1 0.2222222 0.9285715 0.2222222 1 0.5555556 1 0.6111112 0.9285714 0.6111112 1 0.1111111 1 0.1666666 0.9285715 0.1666666 1 0.5555556 0.9285714 0.5555556 0.9285714 0.5 1 0.888889 1 0.9444444 0.9285715 0.9444444 1 0.05555564 1 0.1111111 0.9285714 0.1111111 1 0.5 0.9285714 0.5 0.9285714 0.4444445 1 0.8333333 1 0.888889 0.9285715 0.888889 1 0.4444445 0.9285714 0.4444445 0.9285714 0.3888889 1 0.7777777 1 0.8333333 0.9285714 0.8333334 1 0.3333333 1 0.3888889 0.9285714 0.3888889 1 0.7222222 1 0.7777777 0.9285715 0.7777778 1 0.2777778 1 0.3333333 0.9285715 0.3333333 1 0.6666666 1 0.7222222 0.9285714 0.7222222 1 0.2222222 1 0.2777778 0.9285714 0.2777778 1 0.6111112 1 0.6666666 0.9285715 0.6666666 0.9285715 0.1666666 0.9285715 0.2222222 0.8571429 0.2222222 0.9285714 0.6111112 0.8571428 0.6111112 0.8571428 0.5555556 0.9285714 0.1111111 0.9285715 0.1666666 0.8571428 0.1666666 0.9285714 0.5555556 0.8571428 0.5555556 0.8571428 0.5 0.9285715 0.888889 0.9285715 0.9444444 0.8571429 0.9444445 0.9285714 0.1111111 0.8571428 0.1111111 0.8571429 0.05555564 0.9285714 0.5 0.8571428 0.5 0.8571428 0.4444444 0.9285714 0.8333334 0.9285715 0.888889 0.8571429 0.888889 0.9285714 0.4444445 0.8571428 0.4444444 0.8571428 0.3888889 0.9285715 0.7777778 0.9285714 0.8333334 0.8571428 0.8333334 0.9285714 0.3888889 0.8571428 0.3888889 0.8571428 0.3333333 0.9285714 0.7222222 0.9285715 0.7777778 0.8571429 0.7777778 0.9285715 0.3333333 0.8571428 0.3333333 0.8571428 0.2777778 0.9285715 0.6666666 0.9285714 0.7222222 0.8571428 0.7222222 0.9285715 0.2222222 0.9285714 0.2777778 0.8571428 0.2777778 0.9285714 0.6111112 0.9285715 0.6666666 0.8571428 0.6666666 0.8571428 0.1666666 0.8571429 0.2222222 0.7857143 0.2222222 0.8571428 0.6111112 0.7857143 0.6111112 0.7857142 0.5555556 0.8571428 0.1111111 0.8571428 0.1666666 0.7857143 0.1666666 0.8571428 0.5555556 0.7857142 0.5555556 0.7857143 0.5 0.8571429 0.888889 0.8571429 0.9444445 0.7857143 0.9444445 0.8571429 0.05555564 0.8571428 0.1111111 0.7857143 0.1111111 0.8571428 0.5 0.7857143 0.5 0.7857142 0.4444444 0.8571428 0.8333334 0.8571429 0.888889 0.7857143 0.888889 0.8571428 0.4444444 0.7857142 0.4444444 0.7857143 0.3888889 0.8571429 0.7777778 0.8571428 0.8333334 0.7857143 0.8333334 0.8571428 0.3888889 0.7857143 0.3888889 0.7857143 0.3333333 0.8571428 0.7222222 0.8571429 0.7777778 0.7857143 0.7777778 0.8571428 0.3333333 0.7857143 0.3333333 0.7857143 0.2777778 0.8571428 0.6666666 0.8571428 0.7222222 0.7857143 0.7222222 0.8571429 0.2222222 0.8571428 0.2777778 0.7857143 0.2777778 0.8571428 0.6111112 0.8571428 0.6666666 0.7857143 0.6666666 0.7857143 0.1666666 0.7857143 0.2222222 0.7142857 0.2222222 0.7857143 0.6111112 0.7142857 0.6111112 0.7142856 0.5555556 0.7857143 0.1111111 0.7857143 0.1666666 0.7142857 0.1666666 0.7857142 0.5555556 0.7142856 0.5555556 0.7142857 0.5 0.7857143 0.888889 0.7857143 0.9444445 0.7142857 0.9444445 0.7857143 0.05555564 0.7857143 0.1111111 0.7142857 0.1111111 0.7857143 0.5 0.7142857 0.5 0.7142857 0.4444445 0.7857143 0.8333334 0.7857143 0.888889 0.7142857 0.888889 0.7857142 0.4444444 0.7142857 0.4444445 0.7142857 0.3888889 0.7857143 0.7777778 0.7857143 0.8333334 0.7142857 0.8333333 0.7857143 0.3888889 0.7142857 0.3888889 0.7142857 0.3333333 0.7857143 0.7222222 0.7857143 0.7777778 0.7142857 0.7777778 0.7857143 0.3333333 0.7142857 0.3333333 0.7142857 0.2777778 0.7857143 0.6666666 0.7857143 0.7222222 0.7142857 0.7222222 0.7857143 0.2777778 0.7142857 0.2777778 0.7142857 0.2222222 0.7857143 0.6111112 0.7857143 0.6666666 0.7142857 0.6666666 0.7142857 0.3888889 0.7142857 0.4444445 0.6428571 0.4444445 0.7142857 0.8333333 0.6428571 0.8333333 0.6428571 0.7777778 0.7142857 0.3333333 0.7142857 0.3888889 0.6428571 0.3888889 0.7142857 0.7777778 0.6428571 0.7777778 0.6428571 0.7222222 0.7142857 0.2777778 0.7142857 0.3333333 0.6428571 0.3333333 0.7142857 0.7222222 0.6428571 0.7222222 0.6428571 0.6666666 0.7142857 0.2222222 0.7142857 0.2777778 0.6428571 0.2777778 0.7142857 0.6111112 0.7142857 0.6666666 0.6428571 0.6666666 0.7142857 0.1666666 0.7142857 0.2222222 0.6428571 0.2222222 0.7142856 0.5555556 0.7142857 0.6111112 0.6428571 0.6111112 0.7142857 0.1111111 0.7142857 0.1666666 0.6428571 0.1666666 0.7142857 0.5 0.7142856 0.5555556 0.6428571 0.5555556 0.7142857 0.888889 0.7142857 0.9444445 0.6428571 0.9444445 0.7142857 0.05555564 0.7142857 0.1111111 0.6428571 0.1111111 0.7142857 0.4444445 0.7142857 0.5 0.6428571 0.5 0.7142857 0.888889 0.6428571 0.8888889 0.6428571 0.8333333 0.6428571 0.1666666 0.6428571 0.2222222 0.5714285 0.2222222 0.6428571 0.5555556 0.6428571 0.6111112 0.5714285 0.6111112 0.6428571 0.1111111 0.6428571 0.1666666 0.5714285 0.1666666 0.6428571 0.5 0.6428571 0.5555556 0.5714285 0.5555556 0.6428571 0.9444445 0.5714285 0.9444445 0.5714285 0.8888889 0.6428571 0.05555564 0.6428571 0.1111111 0.5714285 0.1111111 0.6428571 0.4444445 0.6428571 0.5 0.5714286 0.5 0.6428571 0.8888889 0.5714285 0.8888889 0.5714285 0.8333333 0.6428571 0.3888889 0.6428571 0.4444445 0.5714285 0.4444445 0.6428571 0.8333333 0.5714285 0.8333333 0.5714285 0.7777778 0.6428571 0.3333333 0.6428571 0.3888889 0.5714285 0.3888889 0.6428571 0.7777778 0.5714285 0.7777778 0.5714285 0.7222222 0.6428571 0.2777778 0.6428571 0.3333333 0.5714285 0.3333333 0.6428571 0.7222222 0.5714285 0.7222222 0.5714286 0.6666666 0.6428571 0.2222222 0.6428571 0.2777778 0.5714285 0.2777778 0.6428571 0.6111112 0.6428571 0.6666666 0.5714286 0.6666666 0.5714285 0.1666666 0.5714285 0.2222222 0.5 0.2222223 0.5714285 0.5555556 0.5714285 0.6111112 0.5 0.6111112 0.5714285 0.1111111 0.5714285 0.1666666 0.5 0.1666666 0.5714286 0.5 0.5714285 0.5555556 0.5 0.5555556 0.5714285 0.9444445 0.4999999 0.9444445 0.5 0.8888889 0.5714285 0.05555564 0.5714285 0.1111111 0.5 0.1111111 0.5714285 0.4444445 0.5714286 0.5 0.5 0.5 0.5714285 0.8888889 0.5 0.8888889 0.5 0.8333333 0.5714285 0.3888889 0.5714285 0.4444445 0.5 0.4444445 0.5714285 0.8333333 0.5 0.8333333 0.5 0.7777778 0.5714285 0.3333333 0.5714285 0.3888889 0.5 0.3888889 0.5714285 0.7777778 0.5 0.7777778 0.5 0.7222222 0.5714285 0.2777778 0.5714285 0.3333333 0.5 0.3333333 0.5714285 0.7222222 0.5 0.7222222 0.5 0.6666666 0.5714285 0.2222222 0.5714285 0.2777778 0.5 0.2777778 0.5714285 0.6111112 0.5714286 0.6666666 0.5 0.6666666 0.5 0.2222223 0.4285714 0.2222223 0.4285714 0.1666666 0.5 0.5555556 0.5 0.6111112 0.4285714 0.6111111 0.5 0.1666666 0.4285714 0.1666666 0.4285714 0.1111111 0.5 0.5 0.5 0.5555556 0.4285714 0.5555556 0.4999999 0.9444445 0.4285714 0.9444444 0.4285714 0.8888889 0.5 0.1111111 0.4285714 0.1111111 0.4285714 0.05555564 0.5 0.4444445 0.5 0.5 0.4285714 0.5 0.5 0.8888889 0.4285714 0.8888889 0.4285714 0.8333333 0.5 0.3888889 0.5 0.4444445 0.4285714 0.4444445 0.5 0.8333333 0.4285714 0.8333333 0.4285714 0.7777777 0.5 0.3888889 0.4285714 0.388889 0.4285714 0.3333333 0.5 0.7777778 0.4285714 0.7777777 0.4285714 0.7222222 0.5 0.3333333 0.4285714 0.3333333 0.4285714 0.2777778 0.5 0.6666666 0.5 0.7222222 0.4285714 0.7222222 0.5 0.2777778 0.4285714 0.2777778 0.4285714 0.2222223 0.5 0.6111112 0.5 0.6666666 0.4285714 0.6666666 0.4285714 0.2222223 0.3571429 0.2222223 0.3571428 0.1666666 0.4285714 0.6111111 0.3571429 0.6111111 0.3571428 0.5555556 0.4285714 0.1666666 0.3571428 0.1666666 0.3571428 0.1111111 0.4285714 0.5555556 0.3571428 0.5555556 0.3571428 0.5 0.4285714 0.9444444 0.3571428 0.9444444 0.3571428 0.8888889 0.4285714 0.1111111 0.3571428 0.1111111 0.3571428 0.05555564 0.4285714 0.5 0.3571428 0.5 0.3571428 0.4444445 0.4285714 0.8333333 0.4285714 0.8888889 0.3571428 0.8888889 0.4285714 0.4444445 0.3571428 0.4444445 0.3571429 0.388889 0.4285714 0.7777777 0.4285714 0.8333333 0.3571428 0.8333333 0.4285714 0.388889 0.3571429 0.388889 0.3571429 0.3333333 0.4285714 0.7222222 0.4285714 0.7777777 0.3571429 0.7777777 0.4285714 0.3333333 0.3571429 0.3333333 0.3571428 0.2777779 0.4285714 0.6666666 0.4285714 0.7222222 0.3571428 0.7222222 0.4285714 0.2777778 0.3571428 0.2777779 0.3571429 0.2222223 0.4285714 0.6666666 0.3571429 0.6666666 0.3571429 0.6111111 0.3571429 0.2222223 0.2857143 0.2222223 0.2857143 0.1666668 0.3571429 0.6111111 0.2857143 0.6111111 0.2857143 0.5555556 0.3571428 0.1666666 0.2857143 0.1666668 0.2857142 0.1111111 0.3571428 0.5555556 0.2857143 0.5555556 0.2857143 0.5 0.3571428 0.9444444 0.2857143 0.9444444 0.2857143 0.8888889 0.3571428 0.1111111 0.2857142 0.1111111 0.2857143 0.05555564 0.3571428 0.5 0.2857143 0.5 0.2857143 0.4444445 0.3571428 0.8333333 0.3571428 0.8888889 0.2857143 0.8888889 0.3571428 0.4444445 0.2857143 0.4444445 0.2857143 0.388889 0.3571429 0.7777777 0.3571428 0.8333333 0.2857143 0.8333333 0.3571429 0.388889 0.2857143 0.388889 0.2857143 0.3333333 0.3571428 0.7222222 0.3571429 0.7777777 0.2857143 0.7777777 0.3571429 0.3333333 0.2857143 0.3333333 0.2857143 0.2777779 0.3571428 0.7222222 0.2857143 0.7222222 0.2857143 0.6666666 0.3571428 0.2777779 0.2857143 0.2777779 0.2857143 0.2222223 0.3571429 0.6666666 0.2857143 0.6666666 0.2857143 0.6111111 0.2857143 0.2222223 0.2142857 0.2222223 0.2142857 0.1666668 0.2857143 0.6111111 0.2142857 0.6111111 0.2142857 0.5555556 0.2857143 0.1666668 0.2142857 0.1666668 0.2142857 0.1111111 0.2857143 0.5555556 0.2142857 0.5555556 0.2142857 0.5 0.2857143 0.9444444 0.2142857 0.9444444 0.2142857 0.8888889 0.2857142 0.1111111 0.2142857 0.1111111 0.2142857 0.05555564 0.2857143 0.5 0.2142857 0.5 0.2142857 0.4444445 0.2857143 0.8333333 0.2857143 0.8888889 0.2142857 0.8888889 0.2857143 0.4444445 0.2142857 0.4444445 0.2142857 0.388889 0.2857143 0.7777777 0.2857143 0.8333333 0.2142857 0.8333333 0.2857143 0.388889 0.2142857 0.388889 0.2142857 0.3333333 0.2857143 0.7222222 0.2857143 0.7777777 0.2142857 0.7777777 0.2857143 0.3333333 0.2142857 0.3333333 0.2142857 0.2777779 0.2857143 0.7222222 0.2142857 0.7222222 0.2142857 0.6666666 0.2857143 0.2777779 0.2142857 0.2777779 0.2142857 0.2222223 0.2857143 0.6666666 0.2142857 0.6666666 0.2142857 0.6111111 0.2142857 0.2222223 0.1428571 0.2222223 0.1428571 0.1666666 0.2142857 0.5555556 0.2142857 0.6111111 0.1428571 0.6111111 0.2142857 0.1666668 0.1428571 0.1666666 0.1428571 0.1111111 0.2142857 0.5 0.2142857 0.5555556 0.1428571 0.5555556 0.2142857 0.9444444 0.1428571 0.9444444 0.1428571 0.8888889 0.2142857 0.1111111 0.1428571 0.1111111 0.1428571 0.05555564 0.2142857 0.4444445 0.2142857 0.5 0.1428571 0.5 0.2142857 0.8888889 0.1428571 0.8888889 0.1428571 0.8333333 0.2142857 0.388889 0.2142857 0.4444445 0.1428571 0.4444445 0.2142857 0.8333333 0.1428571 0.8333333 0.1428571 0.7777777 0.2142857 0.3333333 0.2142857 0.388889 0.1428571 0.388889 0.2142857 0.7777777 0.1428571 0.7777777 0.1428571 0.7222222 0.2142857 0.2777779 0.2142857 0.3333333 0.1428571 0.3333333 0.2142857 0.7222222 0.1428571 0.7222222 0.1428571 0.6666666 0.2142857 0.2222223 0.2142857 0.2777779 0.1428571 0.2777779 0.2142857 0.6666666 0.1428571 0.6666666 0.1428571 0.6111111 0.1428571 0.1666666 0.1428571 0.2222223 0.07142859 0.2222223 0.1428571 0.5555556 0.1428571 0.6111111 0.07142859 0.6111112 0.1428571 0.1666666 0.07142859 0.1666666 0.07142859 0.1111111 0.1428571 0.5 0.1428571 0.5555556 0.07142853 0.5555556 0.1428571 0.9444444 0.07142859 0.9444444 0.07142859 0.8888889 0.1428571 0.1111111 0.07142859 0.1111111 0.07142859 0.05555564 0.1428571 0.4444445 0.1428571 0.5 0.07142859 0.5 0.1428571 0.8888889 0.07142859 0.8888889 0.07142859 0.8333333 0.1428571 0.388889 0.1428571 0.4444445 0.07142853 0.4444445 0.1428571 0.8333333 0.07142859 0.8333333 0.07142859 0.7777777 0.1428571 0.3333333 0.1428571 0.388889 0.07142859 0.3888889 0.1428571 0.7777777 0.07142859 0.7777777 0.07142859 0.7222222 0.1428571 0.2777779 0.1428571 0.3333333 0.07142859 0.3333333 0.1428571 0.7222222 0.07142859 0.7222222 0.07142859 0.6666666 0.1428571 0.2222223 0.1428571 0.2777779 0.07142859 0.2777778 0.1428571 0.6666666 0.07142859 0.6666666 0.07142859 0.6111112 0.07142859 0.1666666 0.07142859 0.2222223 0 0.2222222 0.07142853 0.5555556 0.07142859 0.6111112 0 0.6111112 0.07142859 0.1111111 0.07142859 0.1666666 0 0.1666666 0.07142859 0.5 0.07142853 0.5555556 0 0.5555556 0.07142859 0.8888889 0.07142859 0.9444444 0 0.9444444 0.07142859 0.05555564 0.07142859 0.1111111 0 0.1111111 0.07142853 0.4444445 0.07142859 0.5 0 0.5 0.07142859 0.8888889 0 0.888889 0 0.8333333 0.07142859 0.3888889 0.07142853 0.4444445 0 0.4444445 0.07142859 0.8333333 0 0.8333333 0 0.7777777 0.07142859 0.3333333 0.07142859 0.3888889 0 0.3888889 0.07142859 0.7777777 0 0.7777777 0 0.7222222 0.07142859 0.2777778 0.07142859 0.3333333 0 0.3333333 0.07142859 0.7222222 0 0.7222222 0 0.6666666 0.07142859 0.2222223 0.07142859 0.2777778 0 0.2777778 0.07142859 0.6666666 0 0.6666666 0 0.6111112 1 0.1666666 1 0.2222222 0.9285715 0.2222222 1 0.5555556 1 0.6111112 0.9285714 0.6111112 1 0.1111111 1 0.1666666 0.9285715 0.1666666 1 0.5555556 0.9285714 0.5555556 0.9285714 0.5 1 0.888889 1 0.9444444 0.9285715 0.9444444 1 0.05555564 1 0.1111111 0.9285714 0.1111111 1 0.5 0.9285714 0.5 0.9285714 0.4444445 1 0.888889 0.9285715 0.888889 0.9285714 0.8333334 1 0.4444445 0.9285714 0.4444445 0.9285714 0.3888889 1 0.7777777 1 0.8333333 0.9285714 0.8333334 1 0.3333333 1 0.3888889 0.9285714 0.3888889 1 0.7222222 1 0.7777777 0.9285715 0.7777778 1 0.2777778 1 0.3333333 0.9285715 0.3333333 1 0.6666666 1 0.7222222 0.9285714 0.7222222 1 0.2222222 1 0.2777778 0.9285714 0.2777778 1 0.6111112 1 0.6666666 0.9285715 0.6666666 0.9285715 0.1666666 0.9285715 0.2222222 0.8571429 0.2222222 0.9285714 0.6111112 0.8571428 0.6111112 0.8571428 0.5555556 0.9285714 0.1111111 0.9285715 0.1666666 0.8571428 0.1666666 0.9285714 0.5555556 0.8571428 0.5555556 0.8571428 0.5 0.9285715 0.888889 0.9285715 0.9444444 0.8571429 0.9444445 0.9285715 0.05555564 0.9285714 0.1111111 0.8571428 0.1111111 0.9285714 0.5 0.8571428 0.5 0.8571428 0.4444444 0.9285714 0.8333334 0.9285715 0.888889 0.8571429 0.888889 0.9285714 0.4444445 0.8571428 0.4444444 0.8571428 0.3888889 0.9285715 0.7777778 0.9285714 0.8333334 0.8571428 0.8333334 0.9285714 0.3888889 0.8571428 0.3888889 0.8571428 0.3333333 0.9285714 0.7222222 0.9285715 0.7777778 0.8571429 0.7777778 0.9285714 0.2777778 0.9285715 0.3333333 0.8571428 0.3333333 0.9285715 0.6666666 0.9285714 0.7222222 0.8571428 0.7222222 0.9285715 0.2222222 0.9285714 0.2777778 0.8571428 0.2777778 0.9285714 0.6111112 0.9285715 0.6666666 0.8571428 0.6666666 0.8571428 0.1666666 0.8571429 0.2222222 0.7857143 0.2222222 0.8571428 0.6111112 0.7857143 0.6111112 0.7857142 0.5555556 0.8571428 0.1111111 0.8571428 0.1666666 0.7857143 0.1666666 0.8571428 0.5555556 0.7857142 0.5555556 0.7857143 0.5 0.8571429 0.888889 0.8571429 0.9444445 0.7857143 0.9444445 0.8571429 0.05555564 0.8571428 0.1111111 0.7857143 0.1111111 0.8571428 0.5 0.7857143 0.5 0.7857142 0.4444444 0.8571428 0.8333334 0.8571429 0.888889 0.7857143 0.888889 0.8571428 0.4444444 0.7857142 0.4444444 0.7857143 0.3888889 0.8571429 0.7777778 0.8571428 0.8333334 0.7857143 0.8333334 0.8571428 0.3333333 0.8571428 0.3888889 0.7857143 0.3888889 0.8571428 0.7222222 0.8571429 0.7777778 0.7857143 0.7777778 0.8571428 0.2777778 0.8571428 0.3333333 0.7857143 0.3333333 0.8571428 0.6666666 0.8571428 0.7222222 0.7857143 0.7222222 0.8571429 0.2222222 0.8571428 0.2777778 0.7857143 0.2777778 0.8571428 0.6111112 0.8571428 0.6666666 0.7857143 0.6666666 0.7857143 0.1666666 0.7857143 0.2222222 0.7142857 0.2222222 0.7857143 0.6111112 0.7142857 0.6111112 0.7142856 0.5555556 0.7857143 0.1111111 0.7857143 0.1666666 0.7142857 0.1666666 0.7857142 0.5555556 0.7142856 0.5555556 0.7142857 0.5 0.7857143 0.888889 0.7857143 0.9444445 0.7142857 0.9444445 0.7857143 0.05555564 0.7857143 0.1111111 0.7142857 0.1111111 0.7857143 0.5 0.7142857 0.5 0.7142857 0.4444445 0.7857143 0.8333334 0.7857143 0.888889 0.7142857 0.888889 0.7857143 0.3888889 0.7857142 0.4444444 0.7142857 0.4444445 0.7857143 0.7777778 0.7857143 0.8333334 0.7142857 0.8333333 0.7857143 0.3333333 0.7857143 0.3888889 0.7142857 0.3888889 0.7857143 0.7222222 0.7857143 0.7777778 0.7142857 0.7777778 0.7857143 0.2777778 0.7857143 0.3333333 0.7142857 0.3333333 0.7857143 0.6666666 0.7857143 0.7222222 0.7142857 0.7222222 0.7857143 0.2222222 0.7857143 0.2777778 0.7142857 0.2777778 0.7857143 0.6111112 0.7857143 0.6666666 0.7142857 0.6666666 0.7142857 0.4444445 0.6428571 0.4444445 0.6428571 0.3888889 0.7142857 0.7777778 0.7142857 0.8333333 0.6428571 0.8333333 0.7142857 0.3888889 0.6428571 0.3888889 0.6428571 0.3333333 0.7142857 0.7222222 0.7142857 0.7777778 0.6428571 0.7777778 0.7142857 0.3333333 0.6428571 0.3333333 0.6428571 0.2777778 0.7142857 0.6666666 0.7142857 0.7222222 0.6428571 0.7222222 0.7142857 0.2777778 0.6428571 0.2777778 0.6428571 0.2222222 0.7142857 0.6111112 0.7142857 0.6666666 0.6428571 0.6666666 0.7142857 0.2222222 0.6428571 0.2222222 0.6428571 0.1666666 0.7142857 0.6111112 0.6428571 0.6111112 0.6428571 0.5555556 0.7142857 0.1111111 0.7142857 0.1666666 0.6428571 0.1666666 0.7142856 0.5555556 0.6428571 0.5555556 0.6428571 0.5 0.7142857 0.888889 0.7142857 0.9444445 0.6428571 0.9444445 0.7142857 0.05555564 0.7142857 0.1111111 0.6428571 0.1111111 0.7142857 0.5 0.6428571 0.5 0.6428571 0.4444445 0.7142857 0.8333333 0.7142857 0.888889 0.6428571 0.8888889 0.6428571 0.2222222 0.5714285 0.2222222 0.5714285 0.1666666 0.6428571 0.6111112 0.5714285 0.6111112 0.5714285 0.5555556 0.6428571 0.1666666 0.5714285 0.1666666 0.5714285 0.1111111 0.6428571 0.5555556 0.5714285 0.5555556 0.5714286 0.5 0.6428571 0.8888889 0.6428571 0.9444445 0.5714285 0.9444445 0.6428571 0.1111111 0.5714285 0.1111111 0.5714285 0.05555564 0.6428571 0.5 0.5714286 0.5 0.5714285 0.4444445 0.6428571 0.8333333 0.6428571 0.8888889 0.5714285 0.8888889 0.6428571 0.4444445 0.5714285 0.4444445 0.5714285 0.3888889 0.6428571 0.7777778 0.6428571 0.8333333 0.5714285 0.8333333 0.6428571 0.3888889 0.5714285 0.3888889 0.5714285 0.3333333 0.6428571 0.7222222 0.6428571 0.7777778 0.5714285 0.7777778 0.6428571 0.3333333 0.5714285 0.3333333 0.5714285 0.2777778 0.6428571 0.6666666 0.6428571 0.7222222 0.5714285 0.7222222 0.6428571 0.2777778 0.5714285 0.2777778 0.5714285 0.2222222 0.6428571 0.6111112 0.6428571 0.6666666 0.5714286 0.6666666 0.5714285 0.2222222 0.5 0.2222223 0.5 0.1666666 0.5714285 0.5555556 0.5714285 0.6111112 0.5 0.6111112 0.5714285 0.1666666 0.5 0.1666666 0.5 0.1111111 0.5714286 0.5 0.5714285 0.5555556 0.5 0.5555556 0.5714285 0.8888889 0.5714285 0.9444445 0.4999999 0.9444445 0.5714285 0.1111111 0.5 0.1111111 0.5 0.05555564 0.5714285 0.4444445 0.5714286 0.5 0.5 0.5 0.5714285 0.8333333 0.5714285 0.8888889 0.5 0.8888889 0.5714285 0.4444445 0.5 0.4444445 0.5 0.3888889 0.5714285 0.7777778 0.5714285 0.8333333 0.5 0.8333333 0.5714285 0.3888889 0.5 0.3888889 0.5 0.3333333 0.5714285 0.7222222 0.5714285 0.7777778 0.5 0.7777778 0.5714285 0.3333333 0.5 0.3333333 0.5 0.2777778 0.5714286 0.6666666 0.5714285 0.7222222 0.5 0.7222222 0.5714285 0.2777778 0.5 0.2777778 0.5 0.2222223 0.5714285 0.6111112 0.5714286 0.6666666 0.5 0.6666666 0.5 0.2222223 0.4285714 0.2222223 0.4285714 0.1666666 0.5 0.5555556 0.5 0.6111112 0.4285714 0.6111111 0.5 0.1666666 0.4285714 0.1666666 0.4285714 0.1111111 0.5 0.5 0.5 0.5555556 0.4285714 0.5555556 0.4999999 0.9444445 0.4285714 0.9444444 0.4285714 0.8888889 0.5 0.1111111 0.4285714 0.1111111 0.4285714 0.05555564 0.5 0.4444445 0.5 0.5 0.4285714 0.5 0.5 0.8333333 0.5 0.8888889 0.4285714 0.8888889 0.5 0.3888889 0.5 0.4444445 0.4285714 0.4444445 0.5 0.8333333 0.4285714 0.8333333 0.4285714 0.7777777 0.5 0.3888889 0.4285714 0.388889 0.4285714 0.3333333 0.5 0.7777778 0.4285714 0.7777777 0.4285714 0.7222222 0.5 0.3333333 0.4285714 0.3333333 0.4285714 0.2777778 0.5 0.7222222 0.4285714 0.7222222 0.4285714 0.6666666 0.5 0.2777778 0.4285714 0.2777778 0.4285714 0.2222223 0.5 0.6111112 0.5 0.6666666 0.4285714 0.6666666 0.4285714 0.1666666 0.4285714 0.2222223 0.3571429 0.2222223 0.4285714 0.5555556 0.4285714 0.6111111 0.3571429 0.6111111 0.4285714 0.1111111 0.4285714 0.1666666 0.3571428 0.1666666 0.4285714 0.5 0.4285714 0.5555556 0.3571428 0.5555556 0.4285714 0.9444444 0.3571428 0.9444444 0.3571428 0.8888889 0.4285714 0.05555564 0.4285714 0.1111111 0.3571428 0.1111111 0.4285714 0.4444445 0.4285714 0.5 0.3571428 0.5 0.4285714 0.8888889 0.3571428 0.8888889 0.3571428 0.8333333 0.4285714 0.388889 0.4285714 0.4444445 0.3571428 0.4444445 0.4285714 0.8333333 0.3571428 0.8333333 0.3571429 0.7777777 0.4285714 0.3333333 0.4285714 0.388889 0.3571429 0.388889 0.4285714 0.7777777 0.3571429 0.7777777 0.3571428 0.7222222 0.4285714 0.2777778 0.4285714 0.3333333 0.3571429 0.3333333 0.4285714 0.7222222 0.3571428 0.7222222 0.3571429 0.6666666 0.4285714 0.2222223 0.4285714 0.2777778 0.3571428 0.2777779 0.4285714 0.6111111 0.4285714 0.6666666 0.3571429 0.6666666 0.3571428 0.1666666 0.3571429 0.2222223 0.2857143 0.2222223 0.3571429 0.6111111 0.2857143 0.6111111 0.2857143 0.5555556 0.3571428 0.1111111 0.3571428 0.1666666 0.2857143 0.1666668 0.3571428 0.5555556 0.2857143 0.5555556 0.2857143 0.5 0.3571428 0.9444444 0.2857143 0.9444444 0.2857143 0.8888889 0.3571428 0.05555564 0.3571428 0.1111111 0.2857142 0.1111111 0.3571428 0.5 0.2857143 0.5 0.2857143 0.4444445 0.3571428 0.8888889 0.2857143 0.8888889 0.2857143 0.8333333 0.3571429 0.388889 0.3571428 0.4444445 0.2857143 0.4444445 0.3571429 0.7777777 0.3571428 0.8333333 0.2857143 0.8333333 0.3571429 0.3333333 0.3571429 0.388889 0.2857143 0.388889 0.3571428 0.7222222 0.3571429 0.7777777 0.2857143 0.7777777 0.3571428 0.2777779 0.3571429 0.3333333 0.2857143 0.3333333 0.3571428 0.7222222 0.2857143 0.7222222 0.2857143 0.6666666 0.3571429 0.2222223 0.3571428 0.2777779 0.2857143 0.2777779 0.3571429 0.6666666 0.2857143 0.6666666 0.2857143 0.6111111 0.2857143 0.2222223 0.2142857 0.2222223 0.2142857 0.1666668 0.2857143 0.6111111 0.2142857 0.6111111 0.2142857 0.5555556 0.2857143 0.1666668 0.2142857 0.1666668 0.2142857 0.1111111 0.2857143 0.5555556 0.2142857 0.5555556 0.2142857 0.5 0.2857143 0.9444444 0.2142857 0.9444444 0.2142857 0.8888889 0.2857142 0.1111111 0.2142857 0.1111111 0.2142857 0.05555564 0.2857143 0.5 0.2142857 0.5 0.2142857 0.4444445 0.2857143 0.8888889 0.2142857 0.8888889 0.2142857 0.8333333 0.2857143 0.388889 0.2857143 0.4444445 0.2142857 0.4444445 0.2857143 0.7777777 0.2857143 0.8333333 0.2142857 0.8333333 0.2857143 0.3333333 0.2857143 0.388889 0.2142857 0.388889 0.2857143 0.7777777 0.2142857 0.7777777 0.2142857 0.7222222 0.2857143 0.2777779 0.2857143 0.3333333 0.2142857 0.3333333 0.2857143 0.7222222 0.2142857 0.7222222 0.2142857 0.6666666 0.2857143 0.2777779 0.2142857 0.2777779 0.2142857 0.2222223 0.2857143 0.6666666 0.2142857 0.6666666 0.2142857 0.6111111 0.2142857 0.2222223 0.1428571 0.2222223 0.1428571 0.1666666 0.2142857 0.6111111 0.1428571 0.6111111 0.1428571 0.5555556 0.2142857 0.1666668 0.1428571 0.1666666 0.1428571 0.1111111 0.2142857 0.5555556 0.1428571 0.5555556 0.1428571 0.5 0.2142857 0.8888889 0.2142857 0.9444444 0.1428571 0.9444444 0.2142857 0.1111111 0.1428571 0.1111111 0.1428571 0.05555564 0.2142857 0.5 0.1428571 0.5 0.1428571 0.4444445 0.2142857 0.8333333 0.2142857 0.8888889 0.1428571 0.8888889 0.2142857 0.4444445 0.1428571 0.4444445 0.1428571 0.388889 0.2142857 0.7777777 0.2142857 0.8333333 0.1428571 0.8333333 0.2142857 0.388889 0.1428571 0.388889 0.1428571 0.3333333 0.2142857 0.7222222 0.2142857 0.7777777 0.1428571 0.7777777 0.2142857 0.3333333 0.1428571 0.3333333 0.1428571 0.2777779 0.2142857 0.6666666 0.2142857 0.7222222 0.1428571 0.7222222 0.2142857 0.2777779 0.1428571 0.2777779 0.1428571 0.2222223 0.2142857 0.6666666 0.1428571 0.6666666 0.1428571 0.6111111 0.1428571 0.2222223 0.07142859 0.2222223 0.07142859 0.1666666 0.1428571 0.6111111 0.07142859 0.6111112 0.07142853 0.5555556 0.1428571 0.1666666 0.07142859 0.1666666 0.07142859 0.1111111 0.1428571 0.5555556 0.07142853 0.5555556 0.07142859 0.5 0.1428571 0.8888889 0.1428571 0.9444444 0.07142859 0.9444444 0.1428571 0.1111111 0.07142859 0.1111111 0.07142859 0.05555564 0.1428571 0.5 0.07142859 0.5 0.07142853 0.4444445 0.1428571 0.8333333 0.1428571 0.8888889 0.07142859 0.8888889 0.1428571 0.4444445 0.07142853 0.4444445 0.07142859 0.3888889 0.1428571 0.7777777 0.1428571 0.8333333 0.07142859 0.8333333 0.1428571 0.388889 0.07142859 0.3888889 0.07142859 0.3333333 0.1428571 0.7222222 0.1428571 0.7777777 0.07142859 0.7777777 0.1428571 0.3333333 0.07142859 0.3333333 0.07142859 0.2777778 0.1428571 0.6666666 0.1428571 0.7222222 0.07142859 0.7222222 0.1428571 0.2777779 0.07142859 0.2777778 0.07142859 0.2222223 0.1428571 0.6666666 0.07142859 0.6666666 0.07142859 0.6111112 0.07142859 0.2222223 0 0.2222222 0 0.1666666 0.07142859 0.6111112 0 0.6111112 0 0.5555556 0.07142859 0.1666666 0 0.1666666 0 0.1111111 0.07142853 0.5555556 0 0.5555556 0 0.5 0.07142859 0.8888889 0.07142859 0.9444444 0 0.9444444 0.07142859 0.1111111 0 0.1111111 0 0.05555564 0.07142859 0.5 0 0.5 0 0.4444445 0.07142859 0.8333333 0.07142859 0.8888889 0 0.888889 0.07142853 0.4444445 0 0.4444445 0 0.3888889 0.07142859 0.7777777 0.07142859 0.8333333 0 0.8333333 0.07142859 0.3888889 0 0.3888889 0 0.3333333 0.07142859 0.7222222 0.07142859 0.7777777 0 0.7777777 0.07142859 0.3333333 0 0.3333333 0 0.2777778 0.07142859 0.6666666 0.07142859 0.7222222 0 0.7222222 0.07142859 0.2777778 0 0.2777778 0 0.2222222 0.07142859 0.6666666 0 0.6666666 0 0.6111112 1 0.1666666 1 0.2222222 0.9285715 0.2222222 1 0.6111112 0.9285714 0.6111112 0.9285714 0.5555556 1 0.1111111 1 0.1666666 0.9285715 0.1666666 1 0.5 1 0.5555556 0.9285714 0.5555556 1 0.888889 1 0.9444444 0.9285715 0.9444444 1 0.05555564 1 0.1111111 0.9285714 0.1111111 1 0.5 0.9285714 0.5 0.9285714 0.4444445 1 0.8333333 1 0.888889 0.9285715 0.888889 1 0.4444445 0.9285714 0.4444445 0.9285714 0.3888889 1 0.8333333 0.9285714 0.8333334 0.9285715 0.7777778 1 0.3333333 1 0.3888889 0.9285714 0.3888889 1 0.7777777 0.9285715 0.7777778 0.9285714 0.7222222 1 0.2777778 1 0.3333333 0.9285715 0.3333333 1 0.7222222 0.9285714 0.7222222 0.9285715 0.6666666 1 0.2222222 1 0.2777778 0.9285714 0.2777778 1 0.6666666 0.9285715 0.6666666 0.9285714 0.6111112 0.9285715 0.1666666 0.9285715 0.2222222 0.8571429 0.2222222 0.9285714 0.5555556 0.9285714 0.6111112 0.8571428 0.6111112 0.9285714 0.1111111 0.9285715 0.1666666 0.8571428 0.1666666 0.9285714 0.5 0.9285714 0.5555556 0.8571428 0.5555556 0.9285715 0.9444444 0.8571429 0.9444445 0.8571429 0.888889 0.9285715 0.05555564 0.9285714 0.1111111 0.8571428 0.1111111 0.9285714 0.4444445 0.9285714 0.5 0.8571428 0.5 0.9285715 0.888889 0.8571429 0.888889 0.8571428 0.8333334 0.9285714 0.3888889 0.9285714 0.4444445 0.8571428 0.4444444 0.9285714 0.8333334 0.8571428 0.8333334 0.8571429 0.7777778 0.9285715 0.3333333 0.9285714 0.3888889 0.8571428 0.3888889 0.9285715 0.7777778 0.8571429 0.7777778 0.8571428 0.7222222 0.9285714 0.2777778 0.9285715 0.3333333 0.8571428 0.3333333 0.9285714 0.7222222 0.8571428 0.7222222 0.8571428 0.6666666 0.9285715 0.2222222 0.9285714 0.2777778 0.8571428 0.2777778 0.9285714 0.6111112 0.9285715 0.6666666 0.8571428 0.6666666 0.8571428 0.1666666 0.8571429 0.2222222 0.7857143 0.2222222 0.8571428 0.5555556 0.8571428 0.6111112 0.7857143 0.6111112 0.8571428 0.1111111 0.8571428 0.1666666 0.7857143 0.1666666 0.8571428 0.5 0.8571428 0.5555556 0.7857142 0.5555556 0.8571429 0.9444445 0.7857143 0.9444445 0.7857143 0.888889 0.8571429 0.05555564 0.8571428 0.1111111 0.7857143 0.1111111 0.8571428 0.4444444 0.8571428 0.5 0.7857143 0.5 0.8571429 0.888889 0.7857143 0.888889 0.7857143 0.8333334 0.8571428 0.3888889 0.8571428 0.4444444 0.7857142 0.4444444 0.8571428 0.8333334 0.7857143 0.8333334 0.7857143 0.7777778 0.8571428 0.3333333 0.8571428 0.3888889 0.7857143 0.3888889 0.8571429 0.7777778 0.7857143 0.7777778 0.7857143 0.7222222 0.8571428 0.2777778 0.8571428 0.3333333 0.7857143 0.3333333 0.8571428 0.7222222 0.7857143 0.7222222 0.7857143 0.6666666 0.8571429 0.2222222 0.8571428 0.2777778 0.7857143 0.2777778 0.8571428 0.6111112 0.8571428 0.6666666 0.7857143 0.6666666 0.7857143 0.1666666 0.7857143 0.2222222 0.7142857 0.2222222 0.7857142 0.5555556 0.7857143 0.6111112 0.7142857 0.6111112 0.7857143 0.1111111 0.7857143 0.1666666 0.7142857 0.1666666 0.7857143 0.5 0.7857142 0.5555556 0.7142856 0.5555556 0.7857143 0.888889 0.7857143 0.9444445 0.7142857 0.9444445 0.7857143 0.05555564 0.7857143 0.1111111 0.7142857 0.1111111 0.7857142 0.4444444 0.7857143 0.5 0.7142857 0.5 0.7857143 0.888889 0.7142857 0.888889 0.7142857 0.8333333 0.7857143 0.3888889 0.7857142 0.4444444 0.7142857 0.4444445 0.7857143 0.8333334 0.7142857 0.8333333 0.7142857 0.7777778 0.7857143 0.3333333 0.7857143 0.3888889 0.7142857 0.3888889 0.7857143 0.7777778 0.7142857 0.7777778 0.7142857 0.7222222 0.7857143 0.2777778 0.7857143 0.3333333 0.7142857 0.3333333 0.7857143 0.7222222 0.7142857 0.7222222 0.7142857 0.6666666 0.7857143 0.2222222 0.7857143 0.2777778 0.7142857 0.2777778 0.7857143 0.6111112 0.7857143 0.6666666 0.7142857 0.6666666 0.7142857 0.4444445 0.6428571 0.4444445 0.6428571 0.3888889 0.7142857 0.7777778 0.7142857 0.8333333 0.6428571 0.8333333 0.7142857 0.3333333 0.7142857 0.3888889 0.6428571 0.3888889 0.7142857 0.7222222 0.7142857 0.7777778 0.6428571 0.7777778 0.7142857 0.3333333 0.6428571 0.3333333 0.6428571 0.2777778 0.7142857 0.6666666 0.7142857 0.7222222 0.6428571 0.7222222 0.7142857 0.2777778 0.6428571 0.2777778 0.6428571 0.2222222 0.7142857 0.6111112 0.7142857 0.6666666 0.6428571 0.6666666 0.7142857 0.2222222 0.6428571 0.2222222 0.6428571 0.1666666 0.7142857 0.6111112 0.6428571 0.6111112 0.6428571 0.5555556 0.7142857 0.1111111 0.7142857 0.1666666 0.6428571 0.1666666 0.7142856 0.5555556 0.6428571 0.5555556 0.6428571 0.5 0.7142857 0.888889 0.7142857 0.9444445 0.6428571 0.9444445 0.7142857 0.05555564 0.7142857 0.1111111 0.6428571 0.1111111 0.7142857 0.5 0.6428571 0.5 0.6428571 0.4444445 0.7142857 0.8333333 0.7142857 0.888889 0.6428571 0.8888889 0.6428571 0.2222222 0.5714285 0.2222222 0.5714285 0.1666666 0.6428571 0.6111112 0.5714285 0.6111112 0.5714285 0.5555556 0.6428571 0.1666666 0.5714285 0.1666666 0.5714285 0.1111111 0.6428571 0.5555556 0.5714285 0.5555556 0.5714286 0.5 0.6428571 0.8888889 0.6428571 0.9444445 0.5714285 0.9444445 0.6428571 0.05555564 0.6428571 0.1111111 0.5714285 0.1111111 0.6428571 0.5 0.5714286 0.5 0.5714285 0.4444445 0.6428571 0.8333333 0.6428571 0.8888889 0.5714285 0.8888889 0.6428571 0.4444445 0.5714285 0.4444445 0.5714285 0.3888889 0.6428571 0.7777778 0.6428571 0.8333333 0.5714285 0.8333333 0.6428571 0.3888889 0.5714285 0.3888889 0.5714285 0.3333333 0.6428571 0.7222222 0.6428571 0.7777778 0.5714285 0.7777778 0.6428571 0.3333333 0.5714285 0.3333333 0.5714285 0.2777778 0.6428571 0.6666666 0.6428571 0.7222222 0.5714285 0.7222222 0.6428571 0.2777778 0.5714285 0.2777778 0.5714285 0.2222222 0.6428571 0.6111112 0.6428571 0.6666666 0.5714286 0.6666666 0.5714285 0.2222222 0.5 0.2222223 0.5 0.1666666 0.5714285 0.5555556 0.5714285 0.6111112 0.5 0.6111112 0.5714285 0.1666666 0.5 0.1666666 0.5 0.1111111 0.5714286 0.5 0.5714285 0.5555556 0.5 0.5555556 0.5714285 0.8888889 0.5714285 0.9444445 0.4999999 0.9444445 0.5714285 0.1111111 0.5 0.1111111 0.5 0.05555564 0.5714285 0.4444445 0.5714286 0.5 0.5 0.5 0.5714285 0.8333333 0.5714285 0.8888889 0.5 0.8888889 0.5714285 0.4444445 0.5 0.4444445 0.5 0.3888889 0.5714285 0.7777778 0.5714285 0.8333333 0.5 0.8333333 0.5714285 0.3888889 0.5 0.3888889 0.5 0.3333333 0.5714285 0.7222222 0.5714285 0.7777778 0.5 0.7777778 0.5714285 0.3333333 0.5 0.3333333 0.5 0.2777778 0.5714286 0.6666666 0.5714285 0.7222222 0.5 0.7222222 0.5714285 0.2777778 0.5 0.2777778 0.5 0.2222223 0.5714285 0.6111112 0.5714286 0.6666666 0.5 0.6666666 0.5 0.2222223 0.4285714 0.2222223 0.4285714 0.1666666 0.5 0.5555556 0.5 0.6111112 0.4285714 0.6111111 0.5 0.1666666 0.4285714 0.1666666 0.4285714 0.1111111 0.5 0.5 0.5 0.5555556 0.4285714 0.5555556 0.4999999 0.9444445 0.4285714 0.9444444 0.4285714 0.8888889 0.5 0.1111111 0.4285714 0.1111111 0.4285714 0.05555564 0.5 0.4444445 0.5 0.5 0.4285714 0.5 0.5 0.8888889 0.4285714 0.8888889 0.4285714 0.8333333 0.5 0.3888889 0.5 0.4444445 0.4285714 0.4444445 0.5 0.8333333 0.4285714 0.8333333 0.4285714 0.7777777 0.5 0.3888889 0.4285714 0.388889 0.4285714 0.3333333 0.5 0.7777778 0.4285714 0.7777777 0.4285714 0.7222222 0.5 0.3333333 0.4285714 0.3333333 0.4285714 0.2777778 0.5 0.6666666 0.5 0.7222222 0.4285714 0.7222222 0.5 0.2777778 0.4285714 0.2777778 0.4285714 0.2222223 0.5 0.6111112 0.5 0.6666666 0.4285714 0.6666666 0.4285714 0.1666666 0.4285714 0.2222223 0.3571429 0.2222223 0.4285714 0.5555556 0.4285714 0.6111111 0.3571429 0.6111111 0.4285714 0.1111111 0.4285714 0.1666666 0.3571428 0.1666666 0.4285714 0.5 0.4285714 0.5555556 0.3571428 0.5555556 0.4285714 0.9444444 0.3571428 0.9444444 0.3571428 0.8888889 0.4285714 0.05555564 0.4285714 0.1111111 0.3571428 0.1111111 0.4285714 0.4444445 0.4285714 0.5 0.3571428 0.5 0.4285714 0.8888889 0.3571428 0.8888889 0.3571428 0.8333333 0.4285714 0.388889 0.4285714 0.4444445 0.3571428 0.4444445 0.4285714 0.8333333 0.3571428 0.8333333 0.3571429 0.7777777 0.4285714 0.3333333 0.4285714 0.388889 0.3571429 0.388889 0.4285714 0.7777777 0.3571429 0.7777777 0.3571428 0.7222222 0.4285714 0.2777778 0.4285714 0.3333333 0.3571429 0.3333333 0.4285714 0.7222222 0.3571428 0.7222222 0.3571429 0.6666666 0.4285714 0.2222223 0.4285714 0.2777778 0.3571428 0.2777779 0.4285714 0.6111111 0.4285714 0.6666666 0.3571429 0.6666666 0.3571429 0.2222223 0.2857143 0.2222223 0.2857143 0.1666668 0.3571429 0.6111111 0.2857143 0.6111111 0.2857143 0.5555556 0.3571428 0.1111111 0.3571428 0.1666666 0.2857143 0.1666668 0.3571428 0.5555556 0.2857143 0.5555556 0.2857143 0.5 0.3571428 0.9444444 0.2857143 0.9444444 0.2857143 0.8888889 0.3571428 0.05555564 0.3571428 0.1111111 0.2857142 0.1111111 0.3571428 0.5 0.2857143 0.5 0.2857143 0.4444445 0.3571428 0.8888889 0.2857143 0.8888889 0.2857143 0.8333333 0.3571428 0.4444445 0.2857143 0.4444445 0.2857143 0.388889 0.3571429 0.7777777 0.3571428 0.8333333 0.2857143 0.8333333 0.3571429 0.3333333 0.3571429 0.388889 0.2857143 0.388889 0.3571428 0.7222222 0.3571429 0.7777777 0.2857143 0.7777777 0.3571428 0.2777779 0.3571429 0.3333333 0.2857143 0.3333333 0.3571428 0.7222222 0.2857143 0.7222222 0.2857143 0.6666666 0.3571428 0.2777779 0.2857143 0.2777779 0.2857143 0.2222223 0.3571429 0.6666666 0.2857143 0.6666666 0.2857143 0.6111111 0.2857143 0.2222223 0.2142857 0.2222223 0.2142857 0.1666668 0.2857143 0.6111111 0.2142857 0.6111111 0.2142857 0.5555556 0.2857143 0.1666668 0.2142857 0.1666668 0.2142857 0.1111111 0.2857143 0.5555556 0.2142857 0.5555556 0.2142857 0.5 0.2857143 0.9444444 0.2142857 0.9444444 0.2142857 0.8888889 0.2857142 0.1111111 0.2142857 0.1111111 0.2142857 0.05555564 0.2857143 0.5 0.2142857 0.5 0.2142857 0.4444445 0.2857143 0.8888889 0.2142857 0.8888889 0.2142857 0.8333333 0.2857143 0.4444445 0.2142857 0.4444445 0.2142857 0.388889 0.2857143 0.7777777 0.2857143 0.8333333 0.2142857 0.8333333 0.2857143 0.3333333 0.2857143 0.388889 0.2142857 0.388889 0.2857143 0.7777777 0.2142857 0.7777777 0.2142857 0.7222222 0.2857143 0.2777779 0.2857143 0.3333333 0.2142857 0.3333333 0.2857143 0.7222222 0.2142857 0.7222222 0.2142857 0.6666666 0.2857143 0.2777779 0.2142857 0.2777779 0.2142857 0.2222223 0.2857143 0.6666666 0.2142857 0.6666666 0.2142857 0.6111111 0.2142857 0.2222223 0.1428571 0.2222223 0.1428571 0.1666666 0.2142857 0.6111111 0.1428571 0.6111111 0.1428571 0.5555556 0.2142857 0.1666668 0.1428571 0.1666666 0.1428571 0.1111111 0.2142857 0.5555556 0.1428571 0.5555556 0.1428571 0.5 0.2142857 0.8888889 0.2142857 0.9444444 0.1428571 0.9444444 0.2142857 0.1111111 0.1428571 0.1111111 0.1428571 0.05555564 0.2142857 0.5 0.1428571 0.5 0.1428571 0.4444445 0.2142857 0.8333333 0.2142857 0.8888889 0.1428571 0.8888889 0.2142857 0.388889 0.2142857 0.4444445 0.1428571 0.4444445 0.2142857 0.7777777 0.2142857 0.8333333 0.1428571 0.8333333 0.2142857 0.388889 0.1428571 0.388889 0.1428571 0.3333333 0.2142857 0.7222222 0.2142857 0.7777777 0.1428571 0.7777777 0.2142857 0.3333333 0.1428571 0.3333333 0.1428571 0.2777779 0.2142857 0.7222222 0.1428571 0.7222222 0.1428571 0.6666666 0.2142857 0.2777779 0.1428571 0.2777779 0.1428571 0.2222223 0.2142857 0.6666666 0.1428571 0.6666666 0.1428571 0.6111111 0.1428571 0.2222223 0.07142859 0.2222223 0.07142859 0.1666666 0.1428571 0.6111111 0.07142859 0.6111112 0.07142853 0.5555556 0.1428571 0.1666666 0.07142859 0.1666666 0.07142859 0.1111111 0.1428571 0.5555556 0.07142853 0.5555556 0.07142859 0.5 0.1428571 0.8888889 0.1428571 0.9444444 0.07142859 0.9444444 0.1428571 0.1111111 0.07142859 0.1111111 0.07142859 0.05555564 0.1428571 0.5 0.07142859 0.5 0.07142853 0.4444445 0.1428571 0.8333333 0.1428571 0.8888889 0.07142859 0.8888889 0.1428571 0.4444445 0.07142853 0.4444445 0.07142859 0.3888889 0.1428571 0.7777777 0.1428571 0.8333333 0.07142859 0.8333333 0.1428571 0.388889 0.07142859 0.3888889 0.07142859 0.3333333 0.1428571 0.7222222 0.1428571 0.7777777 0.07142859 0.7777777 0.1428571 0.3333333 0.07142859 0.3333333 0.07142859 0.2777778 0.1428571 0.6666666 0.1428571 0.7222222 0.07142859 0.7222222 0.1428571 0.2777779 0.07142859 0.2777778 0.07142859 0.2222223 0.1428571 0.6666666 0.07142859 0.6666666 0.07142859 0.6111112 0.07142859 0.2222223 0 0.2222222 0 0.1666666 0.07142859 0.6111112 0 0.6111112 0 0.5555556 0.07142859 0.1666666 0 0.1666666 0 0.1111111 0.07142853 0.5555556 0 0.5555556 0 0.5 0.07142859 0.8888889 0.07142859 0.9444444 0 0.9444444 0.07142859 0.1111111 0 0.1111111 0 0.05555564 0.07142859 0.5 0 0.5 0 0.4444445 0.07142859 0.8333333 0.07142859 0.8888889 0 0.888889 0.07142853 0.4444445 0 0.4444445 0 0.3888889 0.07142859 0.7777777 0.07142859 0.8333333 0 0.8333333 0.07142859 0.3888889 0 0.3888889 0 0.3333333 0.07142859 0.7222222 0.07142859 0.7777777 0 0.7777777 0.07142859 0.3333333 0 0.3333333 0 0.2777778 0.07142859 0.6666666 0.07142859 0.7222222 0 0.7222222 0.07142859 0.2777778 0 0.2777778 0 0.2222222 0.07142859 0.6666666 0 0.6666666 0 0.6111112 1 0.1666666 1 0.2222222 0.9285715 0.2222222 1 0.6111112 0.9285714 0.6111112 0.9285714 0.5555556 1 0.1111111 1 0.1666666 0.9285715 0.1666666 1 0.5555556 0.9285714 0.5555556 0.9285714 0.5 1 0.888889 1 0.9444444 0.9285715 0.9444444 1 0.05555564 1 0.1111111 0.9285714 0.1111111 1 0.5 0.9285714 0.5 0.9285714 0.4444445 1 0.888889 0.9285715 0.888889 0.9285714 0.8333334 1 0.4444445 0.9285714 0.4444445 0.9285714 0.3888889 1 0.7777777 1 0.8333333 0.9285714 0.8333334 1 0.3888889 0.9285714 0.3888889 0.9285715 0.3333333 1 0.7222222 1 0.7777777 0.9285715 0.7777778 1 0.2777778 1 0.3333333 0.9285715 0.3333333 1 0.6666666 1 0.7222222 0.9285714 0.7222222 1 0.2222222 1 0.2777778 0.9285714 0.2777778 1 0.6666666 0.9285715 0.6666666 0.9285714 0.6111112 0.9285715 0.1666666 0.9285715 0.2222222 0.8571429 0.2222222 0.9285714 0.5555556 0.9285714 0.6111112 0.8571428 0.6111112 0.9285714 0.1111111 0.9285715 0.1666666 0.8571428 0.1666666 0.9285714 0.5 0.9285714 0.5555556 0.8571428 0.5555556 0.9285715 0.888889 0.9285715 0.9444444 0.8571429 0.9444445 0.9285715 0.05555564 0.9285714 0.1111111 0.8571428 0.1111111 0.9285714 0.4444445 0.9285714 0.5 0.8571428 0.5 0.9285715 0.888889 0.8571429 0.888889 0.8571428 0.8333334 0.9285714 0.3888889 0.9285714 0.4444445 0.8571428 0.4444444 0.9285714 0.8333334 0.8571428 0.8333334 0.8571429 0.7777778 0.9285715 0.3333333 0.9285714 0.3888889 0.8571428 0.3888889 0.9285715 0.7777778 0.8571429 0.7777778 0.8571428 0.7222222 0.9285714 0.2777778 0.9285715 0.3333333 0.8571428 0.3333333 0.9285714 0.7222222 0.8571428 0.7222222 0.8571428 0.6666666 0.9285715 0.2222222 0.9285714 0.2777778 0.8571428 0.2777778 0.9285714 0.6111112 0.9285715 0.6666666 0.8571428 0.6666666 0.8571428 0.1666666 0.8571429 0.2222222 0.7857143 0.2222222 0.8571428 0.5555556 0.8571428 0.6111112 0.7857143 0.6111112 0.8571428 0.1111111 0.8571428 0.1666666 0.7857143 0.1666666 0.8571428 0.5 0.8571428 0.5555556 0.7857142 0.5555556 0.8571429 0.888889 0.8571429 0.9444445 0.7857143 0.9444445 0.8571429 0.05555564 0.8571428 0.1111111 0.7857143 0.1111111 0.8571428 0.4444444 0.8571428 0.5 0.7857143 0.5 0.8571429 0.888889 0.7857143 0.888889 0.7857143 0.8333334 0.8571428 0.3888889 0.8571428 0.4444444 0.7857142 0.4444444 0.8571428 0.8333334 0.7857143 0.8333334 0.7857143 0.7777778 0.8571428 0.3333333 0.8571428 0.3888889 0.7857143 0.3888889 0.8571429 0.7777778 0.7857143 0.7777778 0.7857143 0.7222222 0.8571428 0.2777778 0.8571428 0.3333333 0.7857143 0.3333333 0.8571428 0.7222222 0.7857143 0.7222222 0.7857143 0.6666666 0.8571429 0.2222222 0.8571428 0.2777778 0.7857143 0.2777778 0.8571428 0.6111112 0.8571428 0.6666666 0.7857143 0.6666666 0.7857143 0.1666666 0.7857143 0.2222222 0.7142857 0.2222222 0.7857142 0.5555556 0.7857143 0.6111112 0.7142857 0.6111112 0.7857143 0.1111111 0.7857143 0.1666666 0.7142857 0.1666666 0.7857143 0.5 0.7857142 0.5555556 0.7142856 0.5555556 0.7857143 0.888889 0.7857143 0.9444445 0.7142857 0.9444445 0.7857143 0.05555564 0.7857143 0.1111111 0.7142857 0.1111111 0.7857142 0.4444444 0.7857143 0.5 0.7142857 0.5 0.7857143 0.888889 0.7142857 0.888889 0.7142857 0.8333333 0.7857143 0.3888889 0.7857142 0.4444444 0.7142857 0.4444445 0.7857143 0.8333334 0.7142857 0.8333333 0.7142857 0.7777778 0.7857143 0.3333333 0.7857143 0.3888889 0.7142857 0.3888889 0.7857143 0.7777778 0.7142857 0.7777778 0.7142857 0.7222222 0.7857143 0.2777778 0.7857143 0.3333333 0.7142857 0.3333333 0.7857143 0.6666666 0.7857143 0.7222222 0.7142857 0.7222222 0.7857143 0.2222222 0.7857143 0.2777778 0.7142857 0.2777778 0.7857143 0.6111112 0.7857143 0.6666666 0.7142857 0.6666666 0.7142857 0.4444445 0.6428571 0.4444445 0.6428571 0.3888889 0.7142857 0.7777778 0.7142857 0.8333333 0.6428571 0.8333333 0.7142857 0.3888889 0.6428571 0.3888889 0.6428571 0.3333333 0.7142857 0.7222222 0.7142857 0.7777778 0.6428571 0.7777778 0.7142857 0.3333333 0.6428571 0.3333333 0.6428571 0.2777778 0.7142857 0.6666666 0.7142857 0.7222222 0.6428571 0.7222222 0.7142857 0.2777778 0.6428571 0.2777778 0.6428571 0.2222222 0.7142857 0.6111112 0.7142857 0.6666666 0.6428571 0.6666666 0.7142857 0.2222222 0.6428571 0.2222222 0.6428571 0.1666666 0.7142857 0.6111112 0.6428571 0.6111112 0.6428571 0.5555556 0.7142857 0.1666666 0.6428571 0.1666666 0.6428571 0.1111111 0.7142856 0.5555556 0.6428571 0.5555556 0.6428571 0.5 0.7142857 0.888889 0.7142857 0.9444445 0.6428571 0.9444445 0.7142857 0.05555564 0.7142857 0.1111111 0.6428571 0.1111111 0.7142857 0.5 0.6428571 0.5 0.6428571 0.4444445 0.7142857 0.8333333 0.7142857 0.888889 0.6428571 0.8888889 0.6428571 0.2222222 0.5714285 0.2222222 0.5714285 0.1666666 0.6428571 0.6111112 0.5714285 0.6111112 0.5714285 0.5555556 0.6428571 0.1666666 0.5714285 0.1666666 0.5714285 0.1111111 0.6428571 0.5555556 0.5714285 0.5555556 0.5714286 0.5 0.6428571 0.8888889 0.6428571 0.9444445 0.5714285 0.9444445 0.6428571 0.1111111 0.5714285 0.1111111 0.5714285 0.05555564 0.6428571 0.5 0.5714286 0.5 0.5714285 0.4444445 0.6428571 0.8333333 0.6428571 0.8888889 0.5714285 0.8888889 0.6428571 0.4444445 0.5714285 0.4444445 0.5714285 0.3888889 0.6428571 0.7777778 0.6428571 0.8333333 0.5714285 0.8333333 0.6428571 0.3888889 0.5714285 0.3888889 0.5714285 0.3333333 0.6428571 0.7222222 0.6428571 0.7777778 0.5714285 0.7777778 0.6428571 0.3333333 0.5714285 0.3333333 0.5714285 0.2777778 0.6428571 0.6666666 0.6428571 0.7222222 0.5714285 0.7222222 0.6428571 0.2777778 0.5714285 0.2777778 0.5714285 0.2222222 0.6428571 0.6111112 0.6428571 0.6666666 0.5714286 0.6666666 0.5714285 0.2222222 0.5 0.2222223 0.5 0.1666666 0.5714285 0.5555556 0.5714285 0.6111112 0.5 0.6111112 0.5714285 0.1666666 0.5 0.1666666 0.5 0.1111111 0.5714286 0.5 0.5714285 0.5555556 0.5 0.5555556 0.5714285 0.8888889 0.5714285 0.9444445 0.4999999 0.9444445 0.5714285 0.1111111 0.5 0.1111111 0.5 0.05555564 0.5714286 0.5 0.5 0.5 0.5 0.4444445 0.5714285 0.8333333 0.5714285 0.8888889 0.5 0.8888889 0.5714285 0.4444445 0.5 0.4444445 0.5 0.3888889 0.5714285 0.7777778 0.5714285 0.8333333 0.5 0.8333333 0.5714285 0.3888889 0.5 0.3888889 0.5 0.3333333 0.5714285 0.7222222 0.5714285 0.7777778 0.5 0.7777778 0.5714285 0.3333333 0.5 0.3333333 0.5 0.2777778 0.5714286 0.6666666 0.5714285 0.7222222 0.5 0.7222222 0.5714285 0.2777778 0.5 0.2777778 0.5 0.2222223 0.5714285 0.6111112 0.5714286 0.6666666 0.5 0.6666666 0.5 0.2222223 0.4285714 0.2222223 0.4285714 0.1666666 0.5 0.5555556 0.5 0.6111112 0.4285714 0.6111111 0.5 0.1666666 0.4285714 0.1666666 0.4285714 0.1111111 0.5 0.5 0.5 0.5555556 0.4285714 0.5555556 0.4999999 0.9444445 0.4285714 0.9444444 0.4285714 0.8888889 0.5 0.1111111 0.4285714 0.1111111 0.4285714 0.05555564 0.5 0.4444445 0.5 0.5 0.4285714 0.5 0.5 0.8333333 0.5 0.8888889 0.4285714 0.8888889 0.5 0.3888889 0.5 0.4444445 0.4285714 0.4444445 0.5 0.8333333 0.4285714 0.8333333 0.4285714 0.7777777 0.5 0.3888889 0.4285714 0.388889 0.4285714 0.3333333 0.5 0.7777778 0.4285714 0.7777777 0.4285714 0.7222222 0.5 0.3333333 0.4285714 0.3333333 0.4285714 0.2777778 0.5 0.7222222 0.4285714 0.7222222 0.4285714 0.6666666 0.5 0.2777778 0.4285714 0.2777778 0.4285714 0.2222223 0.5 0.6111112 0.5 0.6666666 0.4285714 0.6666666 0.4285714 0.1666666 0.4285714 0.2222223 0.3571429 0.2222223 0.4285714 0.5555556 0.4285714 0.6111111 0.3571429 0.6111111 0.4285714 0.1111111 0.4285714 0.1666666 0.3571428 0.1666666 0.4285714 0.5 0.4285714 0.5555556 0.3571428 0.5555556 0.4285714 0.9444444 0.3571428 0.9444444 0.3571428 0.8888889 0.4285714 0.05555564 0.4285714 0.1111111 0.3571428 0.1111111 0.4285714 0.4444445 0.4285714 0.5 0.3571428 0.5 0.4285714 0.8888889 0.3571428 0.8888889 0.3571428 0.8333333 0.4285714 0.388889 0.4285714 0.4444445 0.3571428 0.4444445 0.4285714 0.8333333 0.3571428 0.8333333 0.3571429 0.7777777 0.4285714 0.3333333 0.4285714 0.388889 0.3571429 0.388889 0.4285714 0.7777777 0.3571429 0.7777777 0.3571428 0.7222222 0.4285714 0.2777778 0.4285714 0.3333333 0.3571429 0.3333333 0.4285714 0.7222222 0.3571428 0.7222222 0.3571429 0.6666666 0.4285714 0.2222223 0.4285714 0.2777778 0.3571428 0.2777779 0.4285714 0.6666666 0.3571429 0.6666666 0.3571429 0.6111111 0.3571428 0.1666666 0.3571429 0.2222223 0.2857143 0.2222223 0.3571429 0.6111111 0.2857143 0.6111111 0.2857143 0.5555556 0.3571428 0.1111111 0.3571428 0.1666666 0.2857143 0.1666668 0.3571428 0.5555556 0.2857143 0.5555556 0.2857143 0.5 0.3571428 0.9444444 0.2857143 0.9444444 0.2857143 0.8888889 0.3571428 0.05555564 0.3571428 0.1111111 0.2857142 0.1111111 0.3571428 0.5 0.2857143 0.5 0.2857143 0.4444445 0.3571428 0.8888889 0.2857143 0.8888889 0.2857143 0.8333333 0.3571429 0.388889 0.3571428 0.4444445 0.2857143 0.4444445 0.3571428 0.8333333 0.2857143 0.8333333 0.2857143 0.7777777 0.3571429 0.3333333 0.3571429 0.388889 0.2857143 0.388889 0.3571429 0.7777777 0.2857143 0.7777777 0.2857143 0.7222222 0.3571428 0.2777779 0.3571429 0.3333333 0.2857143 0.3333333 0.3571428 0.7222222 0.2857143 0.7222222 0.2857143 0.6666666 0.3571429 0.2222223 0.3571428 0.2777779 0.2857143 0.2777779 0.3571429 0.6666666 0.2857143 0.6666666 0.2857143 0.6111111 0.2857143 0.2222223 0.2142857 0.2222223 0.2142857 0.1666668 0.2857143 0.6111111 0.2142857 0.6111111 0.2142857 0.5555556 0.2857143 0.1666668 0.2142857 0.1666668 0.2142857 0.1111111 0.2857143 0.5555556 0.2142857 0.5555556 0.2142857 0.5 0.2857143 0.9444444 0.2142857 0.9444444 0.2142857 0.8888889 0.2857143 0.05555564 0.2857142 0.1111111 0.2142857 0.1111111 0.2857143 0.5 0.2142857 0.5 0.2142857 0.4444445 0.2857143 0.8888889 0.2142857 0.8888889 0.2142857 0.8333333 0.2857143 0.388889 0.2857143 0.4444445 0.2142857 0.4444445 0.2857143 0.8333333 0.2142857 0.8333333 0.2142857 0.7777777 0.2857143 0.3333333 0.2857143 0.388889 0.2142857 0.388889 0.2857143 0.7777777 0.2142857 0.7777777 0.2142857 0.7222222 0.2857143 0.2777779 0.2857143 0.3333333 0.2142857 0.3333333 0.2857143 0.7222222 0.2142857 0.7222222 0.2142857 0.6666666 0.2857143 0.2777779 0.2142857 0.2777779 0.2142857 0.2222223 0.2857143 0.6666666 0.2142857 0.6666666 0.2142857 0.6111111 0.2142857 0.2222223 0.1428571 0.2222223 0.1428571 0.1666666 0.2142857 0.6111111 0.1428571 0.6111111 0.1428571 0.5555556 0.2142857 0.1666668 0.1428571 0.1666666 0.1428571 0.1111111 0.2142857 0.5555556 0.1428571 0.5555556 0.1428571 0.5 0.2142857 0.8888889 0.2142857 0.9444444 0.1428571 0.9444444 0.2142857 0.1111111 0.1428571 0.1111111 0.1428571 0.05555564 0.2142857 0.5 0.1428571 0.5 0.1428571 0.4444445 0.2142857 0.8333333 0.2142857 0.8888889 0.1428571 0.8888889 0.2142857 0.4444445 0.1428571 0.4444445 0.1428571 0.388889 0.2142857 0.7777777 0.2142857 0.8333333 0.1428571 0.8333333 0.2142857 0.388889 0.1428571 0.388889 0.1428571 0.3333333 0.2142857 0.7222222 0.2142857 0.7777777 0.1428571 0.7777777 0.2142857 0.3333333 0.1428571 0.3333333 0.1428571 0.2777779 0.2142857 0.6666666 0.2142857 0.7222222 0.1428571 0.7222222 0.2142857 0.2777779 0.1428571 0.2777779 0.1428571 0.2222223 0.2142857 0.6666666 0.1428571 0.6666666 0.1428571 0.6111111 0.1428571 0.2222223 0.07142859 0.2222223 0.07142859 0.1666666 0.1428571 0.6111111 0.07142859 0.6111112 0.07142853 0.5555556 0.1428571 0.1666666 0.07142859 0.1666666 0.07142859 0.1111111 0.1428571 0.5555556 0.07142853 0.5555556 0.07142859 0.5 0.1428571 0.8888889 0.1428571 0.9444444 0.07142859 0.9444444 0.1428571 0.1111111 0.07142859 0.1111111 0.07142859 0.05555564 0.1428571 0.5 0.07142859 0.5 0.07142853 0.4444445 0.1428571 0.8333333 0.1428571 0.8888889 0.07142859 0.8888889 0.1428571 0.4444445 0.07142853 0.4444445 0.07142859 0.3888889 0.1428571 0.7777777 0.1428571 0.8333333 0.07142859 0.8333333 0.1428571 0.388889 0.07142859 0.3888889 0.07142859 0.3333333 0.1428571 0.7222222 0.1428571 0.7777777 0.07142859 0.7777777 0.1428571 0.3333333 0.07142859 0.3333333 0.07142859 0.2777778 0.1428571 0.6666666 0.1428571 0.7222222 0.07142859 0.7222222 0.1428571 0.2777779 0.07142859 0.2777778 0.07142859 0.2222223 0.1428571 0.6666666 0.07142859 0.6666666 0.07142859 0.6111112 0.07142859 0.2222223 0 0.2222222 0 0.1666666 0.07142859 0.6111112 0 0.6111112 0 0.5555556 0.07142859 0.1666666 0 0.1666666 0 0.1111111 0.07142853 0.5555556 0 0.5555556 0 0.5 0.07142859 0.8888889 0.07142859 0.9444444 0 0.9444444 0.07142859 0.1111111 0 0.1111111 0 0.05555564 0.07142859 0.5 0 0.5 0 0.4444445 0.07142859 0.8333333 0.07142859 0.8888889 0 0.888889 0.07142853 0.4444445 0 0.4444445 0 0.3888889 0.07142859 0.7777777 0.07142859 0.8333333 0 0.8333333 0.07142859 0.3888889 0 0.3888889 0 0.3333333 0.07142859 0.7222222 0.07142859 0.7777777 0 0.7777777 0.07142859 0.3333333 0 0.3333333 0 0.2777778 0.07142859 0.6666666 0.07142859 0.7222222 0 0.7222222 0.07142859 0.2777778 0 0.2777778 0 0.2222222 0.07142859 0.6666666 0 0.6666666 0 0.6111112 1 0.1666666 1 0.2222222 0.9285715 0.2222222 1 0.5555556 1 0.6111112 0.9285714 0.6111112 1 0.1111111 1 0.1666666 0.9285715 0.1666666 1 0.5555556 0.9285714 0.5555556 0.9285714 0.5 1 0.888889 1 0.9444444 0.9285715 0.9444444 1 0.05555564 1 0.1111111 0.9285714 0.1111111 1 0.5 0.9285714 0.5 0.9285714 0.4444445 1 0.8333333 1 0.888889 0.9285715 0.888889 1 0.4444445 0.9285714 0.4444445 0.9285714 0.3888889 1 0.7777777 1 0.8333333 0.9285714 0.8333334 1 0.3333333 1 0.3888889 0.9285714 0.3888889 1 0.7222222 1 0.7777777 0.9285715 0.7777778 1 0.2777778 1 0.3333333 0.9285715 0.3333333 1 0.6666666 1 0.7222222 0.9285714 0.7222222 1 0.2222222 1 0.2777778 0.9285714 0.2777778 1 0.6111112 1 0.6666666 0.9285715 0.6666666 0.9285715 0.1666666 0.9285715 0.2222222 0.8571429 0.2222222 0.9285714 0.5555556 0.9285714 0.6111112 0.8571428 0.6111112 0.9285714 0.1111111 0.9285715 0.1666666 0.8571428 0.1666666 0.9285714 0.5 0.9285714 0.5555556 0.8571428 0.5555556 0.9285715 0.9444444 0.8571429 0.9444445 0.8571429 0.888889 0.9285715 0.05555564 0.9285714 0.1111111 0.8571428 0.1111111 0.9285714 0.4444445 0.9285714 0.5 0.8571428 0.5 0.9285715 0.888889 0.8571429 0.888889 0.8571428 0.8333334 0.9285714 0.3888889 0.9285714 0.4444445 0.8571428 0.4444444 0.9285714 0.8333334 0.8571428 0.8333334 0.8571429 0.7777778 0.9285715 0.3333333 0.9285714 0.3888889 0.8571428 0.3888889 0.9285715 0.7777778 0.8571429 0.7777778 0.8571428 0.7222222 0.9285714 0.2777778 0.9285715 0.3333333 0.8571428 0.3333333 0.9285714 0.7222222 0.8571428 0.7222222 0.8571428 0.6666666 0.9285715 0.2222222 0.9285714 0.2777778 0.8571428 0.2777778 0.9285714 0.6111112 0.9285715 0.6666666 0.8571428 0.6666666 0.8571428 0.1666666 0.8571429 0.2222222 0.7857143 0.2222222 0.8571428 0.5555556 0.8571428 0.6111112 0.7857143 0.6111112 0.8571428 0.1111111 0.8571428 0.1666666 0.7857143 0.1666666 0.8571428 0.5 0.8571428 0.5555556 0.7857142 0.5555556 0.8571429 0.9444445 0.7857143 0.9444445 0.7857143 0.888889 0.8571429 0.05555564 0.8571428 0.1111111 0.7857143 0.1111111 0.8571428 0.4444444 0.8571428 0.5 0.7857143 0.5 0.8571429 0.888889 0.7857143 0.888889 0.7857143 0.8333334 0.8571428 0.3888889 0.8571428 0.4444444 0.7857142 0.4444444 0.8571428 0.8333334 0.7857143 0.8333334 0.7857143 0.7777778 0.8571428 0.3333333 0.8571428 0.3888889 0.7857143 0.3888889 0.8571429 0.7777778 0.7857143 0.7777778 0.7857143 0.7222222 0.8571428 0.2777778 0.8571428 0.3333333 0.7857143 0.3333333 0.8571428 0.7222222 0.7857143 0.7222222 0.7857143 0.6666666 0.8571429 0.2222222 0.8571428 0.2777778 0.7857143 0.2777778 0.8571428 0.6111112 0.8571428 0.6666666 0.7857143 0.6666666 0.7857143 0.1666666 0.7857143 0.2222222 0.7142857 0.2222222 0.7857142 0.5555556 0.7857143 0.6111112 0.7142857 0.6111112 0.7857143 0.1111111 0.7857143 0.1666666 0.7142857 0.1666666 0.7857143 0.5 0.7857142 0.5555556 0.7142856 0.5555556 0.7857143 0.9444445 0.7142857 0.9444445 0.7142857 0.888889 0.7857143 0.05555564 0.7857143 0.1111111 0.7142857 0.1111111 0.7857142 0.4444444 0.7857143 0.5 0.7142857 0.5 0.7857143 0.888889 0.7142857 0.888889 0.7142857 0.8333333 0.7857143 0.3888889 0.7857142 0.4444444 0.7142857 0.4444445 0.7857143 0.8333334 0.7142857 0.8333333 0.7142857 0.7777778 0.7857143 0.3333333 0.7857143 0.3888889 0.7142857 0.3888889 0.7857143 0.7777778 0.7142857 0.7777778 0.7142857 0.7222222 0.7857143 0.2777778 0.7857143 0.3333333 0.7142857 0.3333333 0.7857143 0.7222222 0.7142857 0.7222222 0.7142857 0.6666666 0.7857143 0.2222222 0.7857143 0.2777778 0.7142857 0.2777778 0.7857143 0.6111112 0.7857143 0.6666666 0.7142857 0.6666666</float_array>
          <technique_common>
            <accessor source="#fruits-mesh-map-0-array" count="17136" stride="2">
              <param name="S" type="float"/>
              <param name="T" type="float"/>
            </accessor>
          </technique_common>
        </source>
        <vertices id="fruits-mesh-vertices">
          <input semantic="POSITION" source="#fruits-mesh-positions"/>
        </vertices>
        <triangles count="5712">
          <input semantic="VERTEX" source="#fruits-mesh-vertices" offset="0"/>
          <input semantic="NORMAL" source="#fruits-mesh-normals" offset="1"/>
          <input semantic="TEXCOORD" source="#fruits-mesh-map-0" offset="2" set="0"/>
          <p>9 0 0 25 1 1 26 2 2 2 3 3 19 4 4 3 5 5 10 6 6 26 2 7 27 7 8 3 5 9 20 8 10 4 9 11 11 10 12 27 7 13 28 11 14 4 9 15 21 12 16 5 13 17 12 14 18 28 11 19 29 15 20 6 16 21 21 12 22 22 17 23 13 18 24 29 15 25 30 19 26 239 20 27 22 17 28 23 21 29 0 22 30 152 23 31 16 24 32 14 25 33 30 19 34 31 26 35 7 27 36 23 21 37 24 28 38 0 22 39 17 29 40 1 30 41 15 31 42 31 26 43 32 32 44 8 33 45 24 28 46 25 1 47 1 30 48 18 34 49 2 3 50 204 35 51 15 31 52 32 32 53 30 19 54 46 36 55 47 37 56 23 21 57 39 38 58 40 39 59 16 24 60 152 23 61 33 40 62 31 26 63 47 37 64 48 41 65 24 28 66 40 39 67 41 42 68 16 24 69 34 43 70 17 29 71 32 32 72 48 41 73 49 44 74 25 1 75 41 42 76 42 45 77 17 29 78 35 46 79 18 34 80 204 35 81 32 32 82 49 44 83 26 2 84 42 45 85 43 47 86 18 34 87 36 48 88 19 4 89 27 7 90 43 47 91 44 49 92 19 4 93 37 50 94 20 8 95 28 11 96 44 49 97 45 51 98 20 8 99 38 52 100 21 12 101 29 15 102 45 51 103 46 36 104 22 17 105 38 52 106 39 38 107 47 37 108 63 53 109 64 54 110 40 39 111 56 55 112 57 56 113 33 40 114 152 23 115 50 57 116 48 41 117 64 54 118 65 58 119 41 42 120 57 56 121 58 59 122 33 40 123 51 60 124 34 43 125 49 44 126 65 58 127 66 61 128 42 45 129 58 59 130 59 62 131 34 43 132 52 63 133 35 46 134 204 35 135 49 44 136 66 61 137 43 47 138 59 62 139 60 64 140 35 46 141 53 65 142 36 48 143 44 49 144 60 64 145 61 66 146 36 48 147 54 67 148 37 50 149 45 51 150 61 66 151 62 68 152 37 50 153 55 69 154 38 52 155 46 36 156 62 68 157 63 53 158 39 38 159 55 69 160 56 55 161 63 53 162 81 70 163 64 54 164 57 56 165 73 71 166 74 72 167 50 57 168 152 23 169 67 73 170 64 54 171 82 74 172 65 58 173 58 59 174 74 72 175 75 75 176 50 57 177 68 76 178 51 60 179 65 58 180 83 77 181 66 61 182 59 62 183 75 75 184 76 78 185 51 60 186 69 79 187 52 63 188 204 35 189 66 61 190 83 77 191 60 64 192 76 78 193 77 80 194 52 63 195 70 81 196 53 65 197 61 66 198 77 80 199 78 82 200 53 65 201 71 83 202 54 67 203 61 66 204 79 84 205 62 68 206 55 69 207 71 83 208 72 85 209 62 68 210 80 86 211 63 53 212 56 55 213 72 85 214 73 71 215 80 86 216 98 87 217 81 70 218 73 71 219 91 88 220 74 72 221 67 73 222 152 23 223 84 89 224 81 70 225 99 90 226 82 74 227 74 72 228 92 91 229 75 75 230 68 76 231 84 89 232 85 92 233 82 74 234 100 93 235 83 77 236 75 75 237 93 94 238 76 78 239 69 79 240 85 92 241 86 95 242 204 35 243 83 77 244 100 93 245 76 78 246 94 96 247 77 80 248 70 81 249 86 95 250 87 97 251 77 80 252 95 98 253 78 82 254 71 83 255 87 97 256 88 99 257 78 82 258 96 100 259 79 84 260 72 85 261 88 99 262 89 101 263 79 84 264 97 102 265 80 86 266 72 85 267 90 103 268 73 71 269 97 102 270 115 104 271 98 87 272 90 103 273 108 105 274 91 88 275 84 89 276 152 23 277 101 106 278 98 87 279 116 107 280 99 90 281 91 88 282 109 108 283 92 91 284 85 92 285 101 106 286 102 109 287 99 90 288 117 110 289 100 93 290 92 91 291 110 111 292 93 94 293 86 95 294 102 109 295 103 112 296 204 35 297 100 93 298 117 110 299 93 94 300 111 113 301 94 96 302 87 97 303 103 112 304 104 114 305 94 96 306 112 115 307 95 98 308 88 99 309 104 114 310 105 116 311 95 98 312 113 117 313 96 100 314 89 101 315 105 116 316 106 118 317 96 100 318 114 119 319 97 102 320 89 101 321 107 120 322 90 103 323 114 119 324 132 121 325 115 104 326 107 120 327 125 122 328 108 105 329 101 106 330 152 23 331 118 123 332 115 104 333 133 124 334 116 107 335 108 105 336 126 125 337 109 108 338 102 109 339 118 123 340 119 126 341 116 107 342 134 127 343 117 110 344 109 108 345 127 128 346 110 111 347 103 112 348 119 126 349 120 129 350 204 35 351 117 110 352 134 127 353 110 111 354 128 130 355 111 113 356 104 114 357 120 129 358 121 131 359 111 113 360 129 132 361 112 115 362 105 116 363 121 131 364 122 133 365 112 115 366 130 134 367 113 117 368 106 118 369 122 133 370 123 135 371 113 117 372 131 136 373 114 119 374 106 118 375 124 137 376 107 120 377 131 136 378 149 138 379 132 121 380 124 137 381 142 139 382 125 122 383 118 123 384 152 23 385 135 140 386 132 121 387 150 141 388 133 124 389 126 125 390 142 139 391 143 142 392 118 123 393 136 143 394 119 126 395 133 124 396 151 144 397 134 127 398 127 128 399 143 142 400 144 145 401 119 126 402 137 146 403 120 129 404 204 35 405 134 127 406 151 144 407 128 130 408 144 145 409 145 147 410 120 129 411 138 148 412 121 131 413 129 132 414 145 147 415 146 149 416 121 131 417 139 150 418 122 133 419 130 134 420 146 149 421 147 151 422 122 133 423 140 152 424 123 135 425 131 136 426 147 151 427 148 153 428 123 135 429 141 154 430 124 137 431 149 138 432 166 155 433 167 156 434 142 139 435 159 157 436 160 158 437 135 140 438 152 23 439 153 159 440 150 141 441 167 156 442 168 160 443 143 142 444 160 158 445 161 161 446 135 140 447 154 162 448 136 143 449 150 141 450 169 163 451 151 144 452 144 145 453 161 161 454 162 164 455 136 143 456 155 165 457 137 146 458 204 35 459 151 144 460 169 163 461 145 147 462 162 164 463 163 166 464 137 146 465 156 167 466 138 148 467 146 149 468 163 166 469 164 168 470 138 148 471 157 169 472 139 150 473 147 151 474 164 168 475 165 170 476 139 150 477 158 171 478 140 152 479 148 153 480 165 170 481 166 155 482 140 152 483 159 157 484 141 154 485 167 156 486 183 172 487 184 173 488 160 158 489 176 174 490 177 175 491 153 159 492 152 23 493 170 176 494 168 160 495 184 173 496 185 177 497 161 161 498 177 175 499 178 178 500 153 159 501 171 179 502 154 162 503 169 163 504 185 177 505 186 180 506 162 164 507 178 178 508 179 181 509 154 162 510 172 182 511 155 165 512 204 35 513 169 163 514 186 180 515 163 166 516 179 181 517 180 183 518 155 165 519 173 184 520 156 167 521 164 168 522 180 183 523 181 185 524 156 167 525 174 186 526 157 169 527 165 170 528 181 185 529 182 187 530 157 169 531 175 188 532 158 171 533 166 155 534 182 187 535 183 172 536 158 171 537 176 174 538 159 157 539 184 173 540 200 189 541 201 190 542 177 175 543 193 191 544 194 192 545 170 176 546 152 23 547 187 193 548 185 177 549 201 190 550 202 194 551 178 178 552 194 192 553 195 195 554 171 179 555 187 193 556 188 196 557 186 180 558 202 194 559 203 197 560 178 178 561 196 198 562 179 181 563 172 182 564 188 196 565 189 199 566 204 35 567 186 180 568 203 197 569 179 181 570 197 200 571 180 183 572 172 182 573 190 201 574 173 184 575 181 185 576 197 200 577 198 202 578 173 184 579 191 203 580 174 186 581 182 187 582 198 202 583 199 204 584 174 186 585 192 205 586 175 188 587 183 172 588 199 204 589 200 189 590 176 174 591 192 205 592 193 191 593 201 190 594 218 206 595 219 207 596 193 191 597 212 208 598 194 192 599 187 193 600 152 23 601 205 209 602 202 194 603 219 207 604 220 210 605 194 192 606 213 211 607 195 195 608 188 196 609 205 209 610 206 212 611 202 194 612 221 213 613 203 197 614 195 195 615 214 214 616 196 198 617 189 199 618 206 212 619 207 215 620 204 35 621 203 197 622 221 213 623 196 198 624 215 216 625 197 200 626 190 201 627 207 215 628 208 217 629 197 200 630 216 218 631 198 202 632 191 203 633 208 217 634 209 219 635 199 204 636 216 218 637 217 220 638 192 205 639 209 219 640 210 221 641 200 189 642 217 220 643 218 206 644 193 191 645 210 221 646 211 222 647 219 207 648 235 223 649 236 224 650 211 222 651 229 225 652 212 208 653 205 209 654 152 23 655 222 226 656 220 210 657 236 224 658 237 227 659 212 208 660 230 228 661 213 211 662 206 212 663 222 226 664 223 229 665 221 213 666 237 227 667 238 230 668 213 211 669 231 231 670 214 214 671 207 215 672 223 229 673 224 232 674 204 35 675 221 213 676 238 230 677 214 214 678 232 233 679 215 216 680 208 217 681 224 232 682 225 234 683 215 216 684 233 235 685 216 218 686 209 219 687 225 234 688 226 236 689 216 218 690 234 237 691 217 220 692 210 221 693 226 236 694 227 238 695 218 206 696 234 237 697 235 223 698 211 222 699 227 238 700 228 239 701 236 224 702 12 14 703 13 18 704 229 225 705 6 16 706 239 20 707 222 226 708 152 23 709 0 22 710 237 227 711 13 18 712 14 25 713 229 225 714 7 27 715 230 228 716 223 229 717 0 22 718 1 30 719 238 230 720 14 25 721 15 31 722 230 228 723 8 33 724 231 231 725 224 232 726 1 30 727 2 3 728 204 35 729 238 230 730 15 31 731 231 231 732 9 0 733 232 233 734 225 234 735 2 3 736 3 5 737 232 233 738 10 6 739 233 235 740 226 236 741 3 5 742 4 9 743 234 237 744 10 6 745 11 10 746 227 238 747 4 9 748 5 13 749 234 237 750 12 14 751 235 223 752 228 239 753 5 13 754 6 16 755 248 240 756 266 241 757 249 242 758 243 243 759 258 244 760 259 245 761 249 242 762 267 246 763 250 247 764 244 248 765 259 245 766 260 249 767 250 247 768 268 250 769 251 251 770 245 252 771 260 249 772 261 253 773 251 251 774 269 254 775 252 255 776 246 256 777 261 253 778 262 257 779 252 255 780 270 258 781 253 259 782 246 256 783 263 260 784 479 261 785 240 262 786 392 263 787 256 264 788 253 259 789 271 265 790 254 266 791 479 261 792 264 267 793 247 268 794 241 269 795 256 264 796 257 270 797 254 266 798 272 271 799 255 272 800 247 268 801 265 273 802 248 240 803 242 274 804 257 270 805 258 244 806 444 275 807 255 272 808 272 271 809 269 254 810 287 276 811 270 258 812 262 257 813 280 277 814 263 260 815 256 264 816 392 263 817 273 278 818 270 258 819 288 279 820 271 265 821 263 260 822 281 280 823 264 267 824 257 270 825 273 278 826 274 281 827 271 265 828 289 282 829 272 271 830 264 267 831 282 283 832 265 273 833 258 244 834 274 281 835 275 284 836 444 275 837 272 271 838 289 282 839 265 273 840 283 285 841 266 241 842 259 245 843 275 284 844 276 286 845 266 241 846 284 287 847 267 246 848 260 249 849 276 286 850 277 288 851 267 246 852 285 289 853 268 250 854 261 253 855 277 288 856 278 290 857 268 250 858 286 291 859 269 254 860 262 257 861 278 290 862 279 292 863 286 291 864 304 293 865 287 276 866 280 277 867 296 294 868 297 295 869 273 278 870 392 263 871 290 296 872 287 276 873 305 297 874 288 279 875 281 280 876 297 295 877 298 298 878 274 281 879 290 296 880 291 299 881 288 279 882 306 300 883 289 282 884 281 280 885 299 301 886 282 283 887 275 284 888 291 299 889 292 302 890 444 275 891 289 282 892 306 300 893 282 283 894 300 303 895 283 285 896 276 286 897 292 302 898 293 304 899 283 285 900 301 305 901 284 287 902 276 286 903 294 306 904 277 288 905 284 287 906 302 307 907 285 289 908 277 288 909 295 308 910 278 290 911 285 289 912 303 309 913 286 291 914 278 290 915 296 294 916 279 292 917 303 309 918 321 310 919 304 293 920 296 294 921 314 311 922 297 295 923 290 296 924 392 263 925 307 312 926 304 293 927 322 313 928 305 297 929 297 295 930 315 314 931 298 298 932 290 296 933 308 315 934 291 299 935 305 297 936 323 316 937 306 300 938 299 301 939 315 314 940 316 317 941 291 299 942 309 318 943 292 302 944 444 275 945 306 300 946 323 316 947 300 303 948 316 317 949 317 319 950 292 302 951 310 320 952 293 304 953 301 305 954 317 319 955 318 321 956 294 306 957 310 320 958 311 322 959 302 307 960 318 321 961 319 323 962 294 306 963 312 324 964 295 308 965 302 307 966 320 325 967 303 309 968 295 308 969 313 326 970 296 294 971 321 310 972 337 327 973 338 328 974 314 311 975 330 329 976 331 330 977 307 312 978 392 263 979 324 331 980 322 313 981 338 328 982 339 332 983 314 311 984 332 333 985 315 314 986 307 312 987 325 334 988 308 315 989 323 316 990 339 332 991 340 335 992 315 314 993 333 336 994 316 317 995 308 315 996 326 337 997 309 318 998 444 275 999 323 316 1000 340 335 1001 317 319 1002 333 336 1003 334 338 1004 309 318 1005 327 339 1006 310 320 1007 318 321 1008 334 338 1009 335 340 1010 310 320 1011 328 341 1012 311 322 1013 319 323 1014 335 340 1015 336 342 1016 311 322 1017 329 343 1018 312 324 1019 320 325 1020 336 342 1021 337 327 1022 313 326 1023 329 343 1024 330 329 1025 338 328 1026 354 344 1027 355 345 1028 330 329 1029 348 346 1030 331 330 1031 324 331 1032 392 263 1033 341 347 1034 339 332 1035 355 345 1036 356 348 1037 331 330 1038 349 349 1039 332 333 1040 324 331 1041 342 350 1042 325 334 1043 340 335 1044 356 348 1045 357 351 1046 332 333 1047 350 352 1048 333 336 1049 325 334 1050 343 353 1051 326 337 1052 444 275 1053 340 335 1054 357 351 1055 334 338 1056 350 352 1057 351 354 1058 326 337 1059 344 355 1060 327 339 1061 335 340 1062 351 354 1063 352 356 1064 327 339 1065 345 357 1066 328 341 1067 336 342 1068 352 356 1069 353 358 1070 328 341 1071 346 359 1072 329 343 1073 337 327 1074 353 358 1075 354 344 1076 329 343 1077 347 360 1078 330 329 1079 354 344 1080 372 361 1081 355 345 1082 347 360 1083 365 362 1084 348 346 1085 341 347 1086 392 263 1087 358 363 1088 355 345 1089 373 364 1090 356 348 1091 348 346 1092 366 365 1093 349 349 1094 341 347 1095 359 366 1096 342 350 1097 357 351 1098 373 364 1099 374 367 1100 349 349 1101 367 368 1102 350 352 1103 342 350 1104 360 369 1105 343 353 1106 444 275 1107 357 351 1108 374 367 1109 351 354 1110 367 368 1111 368 370 1112 343 353 1113 361 371 1114 344 355 1115 352 356 1116 368 370 1117 369 372 1118 344 355 1119 362 373 1120 345 357 1121 353 358 1122 369 372 1123 370 374 1124 345 357 1125 363 375 1126 346 359 1127 354 344 1128 370 374 1129 371 376 1130 346 359 1131 364 377 1132 347 360 1133 371 376 1134 389 378 1135 372 361 1136 364 377 1137 382 379 1138 365 362 1139 358 363 1140 392 263 1141 375 380 1142 372 361 1143 390 381 1144 373 364 1145 365 362 1146 383 382 1147 366 365 1148 359 366 1149 375 380 1150 376 383 1151 373 364 1152 391 384 1153 374 367 1154 366 365 1155 384 385 1156 367 368 1157 360 369 1158 376 383 1159 377 386 1160 444 275 1161 374 367 1162 391 384 1163 367 368 1164 385 387 1165 368 370 1166 361 371 1167 377 386 1168 378 388 1169 368 370 1170 386 389 1171 369 372 1172 362 373 1173 378 388 1174 379 390 1175 369 372 1176 387 391 1177 370 374 1178 363 375 1179 379 390 1180 380 392 1181 370 374 1182 388 393 1183 371 376 1184 363 375 1185 381 394 1186 364 377 1187 388 393 1188 407 395 1189 389 378 1190 381 394 1191 400 396 1192 382 379 1193 375 380 1194 392 263 1195 393 397 1196 389 378 1197 408 398 1198 390 381 1199 382 379 1200 401 399 1201 383 382 1202 376 383 1203 393 397 1204 394 400 1205 390 381 1206 409 401 1207 391 384 1208 383 382 1209 402 402 1210 384 385 1211 377 386 1212 394 400 1213 395 403 1214 444 275 1215 391 384 1216 409 401 1217 384 385 1218 403 404 1219 385 387 1220 378 388 1221 395 403 1222 396 405 1223 385 387 1224 404 406 1225 386 389 1226 379 390 1227 396 405 1228 397 407 1229 386 389 1230 405 408 1231 387 391 1232 380 392 1233 397 407 1234 398 409 1235 387 391 1236 406 410 1237 388 393 1238 380 392 1239 399 411 1240 381 394 1241 406 410 1242 424 412 1243 407 395 1244 399 411 1245 417 413 1246 400 396 1247 393 397 1248 392 263 1249 410 414 1250 407 395 1251 425 415 1252 408 398 1253 400 396 1254 418 416 1255 401 399 1256 394 400 1257 410 414 1258 411 417 1259 408 398 1260 426 418 1261 409 401 1262 401 399 1263 419 419 1264 402 402 1265 395 403 1266 411 417 1267 412 420 1268 444 275 1269 409 401 1270 426 418 1271 402 402 1272 420 421 1273 403 404 1274 396 405 1275 412 420 1276 413 422 1277 403 404 1278 421 423 1279 404 406 1280 397 407 1281 413 422 1282 414 424 1283 404 406 1284 422 425 1285 405 408 1286 398 409 1287 414 424 1288 415 426 1289 405 408 1290 423 427 1291 406 410 1292 398 409 1293 416 428 1294 399 411 1295 424 412 1296 440 429 1297 441 430 1298 417 413 1299 433 431 1300 434 432 1301 410 414 1302 392 263 1303 427 433 1304 425 415 1305 441 430 1306 442 434 1307 418 416 1308 434 432 1309 435 435 1310 411 417 1311 427 433 1312 428 436 1313 426 418 1314 442 434 1315 443 437 1316 419 419 1317 435 435 1318 436 438 1319 412 420 1320 428 436 1321 429 439 1322 444 275 1323 426 418 1324 443 437 1325 420 421 1326 436 438 1327 437 440 1328 412 420 1329 430 441 1330 413 422 1331 421 423 1332 437 440 1333 438 442 1334 413 422 1335 431 443 1336 414 424 1337 422 425 1338 438 442 1339 439 444 1340 414 424 1341 432 445 1342 415 426 1343 423 427 1344 439 444 1345 440 429 1346 416 428 1347 432 445 1348 433 431 1349 441 430 1350 458 446 1351 459 447 1352 434 432 1353 451 448 1354 452 449 1355 427 433 1356 392 263 1357 445 450 1358 442 434 1359 459 447 1360 460 451 1361 435 435 1362 452 449 1363 453 452 1364 427 433 1365 446 453 1366 428 436 1367 443 437 1368 460 451 1369 461 454 1370 436 438 1371 453 452 1372 454 455 1373 428 436 1374 447 456 1375 429 439 1376 444 275 1377 443 437 1378 461 454 1379 437 440 1380 454 455 1381 455 457 1382 429 439 1383 448 458 1384 430 441 1385 438 442 1386 455 457 1387 456 459 1388 430 441 1389 449 460 1390 431 443 1391 439 444 1392 456 459 1393 457 461 1394 431 443 1395 450 462 1396 432 445 1397 440 429 1398 457 461 1399 458 446 1400 433 431 1401 450 462 1402 451 448 1403 459 447 1404 475 463 1405 476 464 1406 452 449 1407 468 465 1408 469 466 1409 445 450 1410 392 263 1411 462 467 1412 460 451 1413 476 464 1414 477 468 1415 453 452 1416 469 466 1417 470 469 1418 445 450 1419 463 470 1420 446 453 1421 461 454 1422 477 468 1423 478 471 1424 454 455 1425 470 469 1426 471 472 1427 446 453 1428 464 473 1429 447 456 1430 444 275 1431 461 454 1432 478 471 1433 455 457 1434 471 472 1435 472 474 1436 447 456 1437 465 475 1438 448 458 1439 456 459 1440 472 474 1441 473 476 1442 448 458 1443 466 477 1444 449 460 1445 457 461 1446 473 476 1447 474 478 1448 449 460 1449 467 479 1450 450 462 1451 458 446 1452 474 478 1453 475 463 1454 451 448 1455 467 479 1456 468 465 1457 476 464 1458 252 255 1459 253 259 1460 469 466 1461 246 256 1462 479 261 1463 462 467 1464 392 263 1465 240 262 1466 477 468 1467 253 259 1468 254 266 1469 470 469 1470 479 261 1471 247 268 1472 462 467 1473 241 269 1474 463 470 1475 478 471 1476 254 266 1477 255 272 1478 471 472 1479 247 268 1480 248 240 1481 463 470 1482 242 274 1483 464 473 1484 444 275 1485 478 471 1486 255 272 1487 472 474 1488 248 240 1489 249 242 1490 464 473 1491 243 243 1492 465 475 1493 473 476 1494 249 242 1495 250 247 1496 465 475 1497 244 248 1498 466 477 1499 474 478 1500 250 247 1501 251 251 1502 466 477 1503 245 252 1504 467 479 1505 475 463 1506 251 251 1507 252 255 1508 468 465 1509 245 252 1510 246 256 1511 489 480 1512 505 481 1513 506 482 1514 482 483 1515 499 484 1516 483 485 1517 490 486 1518 506 482 1519 507 487 1520 483 485 1521 500 488 1522 484 489 1523 491 490 1524 507 487 1525 508 491 1526 484 489 1527 501 492 1528 485 493 1529 492 494 1530 508 491 1531 509 495 1532 486 496 1533 501 492 1534 502 497 1535 493 498 1536 509 495 1537 510 499 1538 719 500 1539 502 497 1540 503 501 1541 480 502 1542 632 503 1543 496 504 1544 494 505 1545 510 499 1546 511 506 1547 487 507 1548 503 501 1549 504 508 1550 480 502 1551 497 509 1552 481 510 1553 495 511 1554 511 506 1555 512 512 1556 488 513 1557 504 508 1558 505 481 1559 481 510 1560 498 514 1561 482 483 1562 684 515 1563 495 511 1564 512 512 1565 510 499 1566 526 516 1567 527 517 1568 503 501 1569 519 518 1570 520 519 1571 496 504 1572 632 503 1573 513 520 1574 511 506 1575 527 517 1576 528 521 1577 504 508 1578 520 519 1579 521 522 1580 496 504 1581 514 523 1582 497 509 1583 512 512 1584 528 521 1585 529 524 1586 505 481 1587 521 522 1588 522 525 1589 497 509 1590 515 526 1591 498 514 1592 684 515 1593 512 512 1594 529 524 1595 506 482 1596 522 525 1597 523 527 1598 498 514 1599 516 528 1600 499 484 1601 507 487 1602 523 527 1603 524 529 1604 499 484 1605 517 530 1606 500 488 1607 508 491 1608 524 529 1609 525 531 1610 500 488 1611 518 532 1612 501 492 1613 509 495 1614 525 531 1615 526 516 1616 502 497 1617 518 532 1618 519 518 1619 527 517 1620 543 533 1621 544 534 1622 520 519 1623 536 535 1624 537 536 1625 513 520 1626 632 503 1627 530 537 1628 528 521 1629 544 534 1630 545 538 1631 521 522 1632 537 536 1633 538 539 1634 513 520 1635 531 540 1636 514 523 1637 529 524 1638 545 538 1639 546 541 1640 522 525 1641 538 539 1642 539 542 1643 514 523 1644 532 543 1645 515 526 1646 684 515 1647 529 524 1648 546 541 1649 523 527 1650 539 542 1651 540 544 1652 515 526 1653 533 545 1654 516 528 1655 524 529 1656 540 544 1657 541 546 1658 516 528 1659 534 547 1660 517 530 1661 525 531 1662 541 546 1663 542 548 1664 517 530 1665 535 549 1666 518 532 1667 526 516 1668 542 548 1669 543 533 1670 519 518 1671 535 549 1672 536 535 1673 543 533 1674 561 550 1675 544 534 1676 537 536 1677 553 551 1678 554 552 1679 530 537 1680 632 503 1681 547 553 1682 544 534 1683 562 554 1684 545 538 1685 538 539 1686 554 552 1687 555 555 1688 530 537 1689 548 556 1690 531 540 1691 545 538 1692 563 557 1693 546 541 1694 539 542 1695 555 555 1696 556 558 1697 532 543 1698 548 556 1699 549 559 1700 684 515 1701 546 541 1702 563 557 1703 540 544 1704 556 558 1705 557 560 1706 532 543 1707 550 561 1708 533 545 1709 540 544 1710 558 562 1711 541 546 1712 533 545 1713 551 563 1714 534 547 1715 541 546 1716 559 564 1717 542 548 1718 534 547 1719 552 565 1720 535 549 1721 542 548 1722 560 566 1723 543 533 1724 536 535 1725 552 565 1726 553 551 1727 560 566 1728 578 567 1729 561 550 1730 553 551 1731 571 568 1732 554 552 1733 547 553 1734 632 503 1735 564 569 1736 561 550 1737 579 570 1738 562 554 1739 554 552 1740 572 571 1741 555 555 1742 547 553 1743 565 572 1744 548 556 1745 562 554 1746 580 573 1747 563 557 1748 555 555 1749 573 574 1750 556 558 1751 549 559 1752 565 572 1753 566 575 1754 684 515 1755 563 557 1756 580 573 1757 556 558 1758 574 576 1759 557 560 1760 550 561 1761 566 575 1762 567 577 1763 557 560 1764 575 578 1765 558 562 1766 551 563 1767 567 577 1768 568 579 1769 558 562 1770 576 580 1771 559 564 1772 552 565 1773 568 579 1774 569 581 1775 559 564 1776 577 582 1777 560 566 1778 552 565 1779 570 583 1780 553 551 1781 577 582 1782 595 584 1783 578 567 1784 570 583 1785 588 585 1786 571 568 1787 564 569 1788 632 503 1789 581 586 1790 578 567 1791 596 587 1792 579 570 1793 571 568 1794 589 588 1795 572 571 1796 565 572 1797 581 586 1798 582 589 1799 579 570 1800 597 590 1801 580 573 1802 572 571 1803 590 591 1804 573 574 1805 566 575 1806 582 589 1807 583 592 1808 684 515 1809 580 573 1810 597 590 1811 573 574 1812 591 593 1813 574 576 1814 567 577 1815 583 592 1816 584 594 1817 574 576 1818 592 595 1819 575 578 1820 568 579 1821 584 594 1822 585 596 1823 575 578 1824 593 597 1825 576 580 1826 569 581 1827 585 596 1828 586 598 1829 576 580 1830 594 599 1831 577 582 1832 569 581 1833 587 600 1834 570 583 1835 594 599 1836 612 601 1837 595 584 1838 587 600 1839 605 602 1840 588 585 1841 581 586 1842 632 503 1843 598 603 1844 595 584 1845 613 604 1846 596 587 1847 588 585 1848 606 605 1849 589 588 1850 582 589 1851 598 603 1852 599 606 1853 596 587 1854 614 607 1855 597 590 1856 589 588 1857 607 608 1858 590 591 1859 583 592 1860 599 606 1861 600 609 1862 684 515 1863 597 590 1864 614 607 1865 590 591 1866 608 610 1867 591 593 1868 584 594 1869 600 609 1870 601 611 1871 591 593 1872 609 612 1873 592 595 1874 585 596 1875 601 611 1876 602 613 1877 592 595 1878 610 614 1879 593 597 1880 586 598 1881 602 613 1882 603 615 1883 593 597 1884 611 616 1885 594 599 1886 586 598 1887 604 617 1888 587 600 1889 611 616 1890 629 618 1891 612 601 1892 605 602 1893 621 619 1894 622 620 1895 598 603 1896 632 503 1897 615 621 1898 612 601 1899 630 622 1900 613 604 1901 606 605 1902 622 620 1903 623 623 1904 598 603 1905 616 624 1906 599 606 1907 613 604 1908 631 625 1909 614 607 1910 607 608 1911 623 623 1912 624 626 1913 599 606 1914 617 627 1915 600 609 1916 684 515 1917 614 607 1918 631 625 1919 608 610 1920 624 626 1921 625 628 1922 600 609 1923 618 629 1924 601 611 1925 609 612 1926 625 628 1927 626 630 1928 601 611 1929 619 631 1930 602 613 1931 610 614 1932 626 630 1933 627 632 1934 602 613 1935 620 633 1936 603 615 1937 611 616 1938 627 632 1939 628 634 1940 603 615 1941 621 619 1942 604 617 1943 629 618 1944 646 635 1945 647 636 1946 622 620 1947 639 637 1948 640 638 1949 615 621 1950 632 503 1951 633 639 1952 630 622 1953 647 636 1954 648 640 1955 623 623 1956 640 638 1957 641 641 1958 615 621 1959 634 642 1960 616 624 1961 630 622 1962 649 643 1963 631 625 1964 624 626 1965 641 641 1966 642 644 1967 616 624 1968 635 645 1969 617 627 1970 684 515 1971 631 625 1972 649 643 1973 625 628 1974 642 644 1975 643 646 1976 617 627 1977 636 647 1978 618 629 1979 626 630 1980 643 646 1981 644 648 1982 618 629 1983 637 649 1984 619 631 1985 627 632 1986 644 648 1987 645 650 1988 619 631 1989 638 651 1990 620 633 1991 628 634 1992 645 650 1993 646 635 1994 620 633 1995 639 637 1996 621 619 1997 647 636 1998 663 652 1999 664 653 2000 640 638 2001 656 654 2002 657 655 2003 633 639 2004 632 503 2005 650 656 2006 648 640 2007 664 653 2008 665 657 2009 641 641 2010 657 655 2011 658 658 2012 633 639 2013 651 659 2014 634 642 2015 649 643 2016 665 657 2017 666 660 2018 642 644 2019 658 658 2020 659 661 2021 634 642 2022 652 662 2023 635 645 2024 684 515 2025 649 643 2026 666 660 2027 643 646 2028 659 661 2029 660 663 2030 635 645 2031 653 664 2032 636 647 2033 644 648 2034 660 663 2035 661 665 2036 636 647 2037 654 666 2038 637 649 2039 645 650 2040 661 665 2041 662 667 2042 637 649 2043 655 668 2044 638 651 2045 646 635 2046 662 667 2047 663 652 2048 638 651 2049 656 654 2050 639 637 2051 664 653 2052 680 669 2053 681 670 2054 657 655 2055 673 671 2056 674 672 2057 650 656 2058 632 503 2059 667 673 2060 665 657 2061 681 670 2062 682 674 2063 657 655 2064 675 675 2065 658 658 2066 651 659 2067 667 673 2068 668 676 2069 666 660 2070 682 674 2071 683 677 2072 658 658 2073 676 678 2074 659 661 2075 652 662 2076 668 676 2077 669 679 2078 684 515 2079 666 660 2080 683 677 2081 659 661 2082 677 680 2083 660 663 2084 653 664 2085 669 679 2086 670 681 2087 661 665 2088 677 680 2089 678 682 2090 654 666 2091 670 681 2092 671 683 2093 662 667 2094 678 682 2095 679 684 2096 655 668 2097 671 683 2098 672 685 2099 663 652 2100 679 684 2101 680 669 2102 656 654 2103 672 685 2104 673 671 2105 681 670 2106 698 686 2107 699 687 2108 673 671 2109 692 688 2110 674 672 2111 667 673 2112 632 503 2113 685 689 2114 682 674 2115 699 687 2116 700 690 2117 674 672 2118 693 691 2119 675 675 2120 668 676 2121 685 689 2122 686 692 2123 682 674 2124 701 693 2125 683 677 2126 675 675 2127 694 694 2128 676 678 2129 669 679 2130 686 692 2131 687 695 2132 684 515 2133 683 677 2134 701 693 2135 676 678 2136 695 696 2137 677 680 2138 670 681 2139 687 695 2140 688 697 2141 677 680 2142 696 698 2143 678 682 2144 671 683 2145 688 697 2146 689 699 2147 678 682 2148 697 700 2149 679 684 2150 672 685 2151 689 699 2152 690 701 2153 680 669 2154 697 700 2155 698 686 2156 673 671 2157 690 701 2158 691 702 2159 699 687 2160 715 703 2161 716 704 2162 691 702 2163 709 705 2164 692 688 2165 685 689 2166 632 503 2167 702 706 2168 700 690 2169 716 704 2170 717 707 2171 692 688 2172 710 708 2173 693 691 2174 686 692 2175 702 706 2176 703 709 2177 701 693 2178 717 707 2179 718 710 2180 693 691 2181 711 711 2182 694 694 2183 687 695 2184 703 709 2185 704 712 2186 684 515 2187 701 693 2188 718 710 2189 694 694 2190 712 713 2191 695 696 2192 688 697 2193 704 712 2194 705 714 2195 695 696 2196 713 715 2197 696 698 2198 689 699 2199 705 714 2200 706 716 2201 696 698 2202 714 717 2203 697 700 2204 690 701 2205 706 716 2206 707 718 2207 697 700 2208 715 703 2209 698 686 2210 691 702 2211 707 718 2212 708 719 2213 716 704 2214 492 494 2215 493 498 2216 708 719 2217 719 500 2218 709 705 2219 702 706 2220 632 503 2221 480 502 2222 717 707 2223 493 498 2224 494 505 2225 709 705 2226 487 507 2227 710 708 2228 703 709 2229 480 502 2230 481 510 2231 718 710 2232 494 505 2233 495 511 2234 710 708 2235 488 513 2236 711 711 2237 704 712 2238 481 510 2239 482 483 2240 684 515 2241 718 710 2242 495 511 2243 711 711 2244 489 480 2245 712 713 2246 705 714 2247 482 483 2248 483 485 2249 712 713 2250 490 486 2251 713 715 2252 706 716 2253 483 485 2254 484 489 2255 713 715 2256 491 490 2257 714 717 2258 707 718 2259 484 489 2260 485 493 2261 714 717 2262 492 494 2263 715 703 2264 708 719 2265 485 493 2266 486 496 2267 729 720 2268 745 721 2269 746 722 2270 723 723 2271 738 724 2272 739 725 2273 729 720 2274 747 726 2275 730 727 2276 724 728 2277 739 725 2278 740 729 2279 730 727 2280 748 730 2281 731 731 2282 724 728 2283 741 732 2284 725 733 2285 732 734 2286 748 730 2287 749 735 2288 725 733 2289 742 736 2290 726 737 2291 733 738 2292 749 735 2293 750 739 2294 726 737 2295 743 740 2296 959 741 2297 720 742 2298 872 743 2299 736 744 2300 734 745 2301 750 739 2302 751 746 2303 959 741 2304 744 747 2305 727 748 2306 720 742 2307 737 749 2308 721 750 2309 735 751 2310 751 746 2311 752 752 2312 728 753 2313 744 747 2314 745 721 2315 722 754 2316 737 749 2317 738 724 2318 924 755 2319 735 751 2320 752 752 2321 750 739 2322 766 756 2323 767 757 2324 742 736 2325 760 758 2326 743 740 2327 736 744 2328 872 743 2329 753 759 2330 751 746 2331 767 757 2332 768 760 2333 743 740 2334 761 761 2335 744 747 2336 736 744 2337 754 762 2338 737 749 2339 752 752 2340 768 760 2341 769 763 2342 745 721 2343 761 761 2344 762 764 2345 738 724 2346 754 762 2347 755 765 2348 924 755 2349 752 752 2350 769 763 2351 746 722 2352 762 764 2353 763 766 2354 739 725 2355 755 765 2356 756 767 2357 746 722 2358 764 768 2359 747 726 2360 740 729 2361 756 767 2362 757 769 2363 747 726 2364 765 770 2365 748 730 2366 741 732 2367 757 769 2368 758 771 2369 748 730 2370 766 756 2371 749 735 2372 741 732 2373 759 772 2374 742 736 2375 767 757 2376 783 773 2377 784 774 2378 759 772 2379 777 775 2380 760 758 2381 753 759 2382 872 743 2383 770 776 2384 768 760 2385 784 774 2386 785 777 2387 760 758 2388 778 778 2389 761 761 2390 753 759 2391 771 779 2392 754 762 2393 769 763 2394 785 777 2395 786 780 2396 762 764 2397 778 778 2398 779 781 2399 755 765 2400 771 779 2401 772 782 2402 924 755 2403 769 763 2404 786 780 2405 763 766 2406 779 781 2407 780 783 2408 756 767 2409 772 782 2410 773 784 2411 763 766 2412 781 785 2413 764 768 2414 757 769 2415 773 784 2416 774 786 2417 764 768 2418 782 787 2419 765 770 2420 758 771 2421 774 786 2422 775 788 2423 765 770 2424 783 773 2425 766 756 2426 758 771 2427 776 789 2428 759 772 2429 783 773 2430 801 790 2431 784 774 2432 776 789 2433 794 791 2434 777 775 2435 770 776 2436 872 743 2437 787 792 2438 784 774 2439 802 793 2440 785 777 2441 777 775 2442 795 794 2443 778 778 2444 770 776 2445 788 795 2446 771 779 2447 785 777 2448 803 796 2449 786 780 2450 778 778 2451 796 797 2452 779 781 2453 772 782 2454 788 795 2455 789 798 2456 924 755 2457 786 780 2458 803 796 2459 780 783 2460 796 797 2461 797 799 2462 773 784 2463 789 798 2464 790 800 2465 781 785 2466 797 799 2467 798 801 2468 774 786 2469 790 800 2470 791 802 2471 782 787 2472 798 801 2473 799 803 2474 774 786 2475 792 804 2476 775 788 2477 783 773 2478 799 803 2479 800 805 2480 775 788 2481 793 806 2482 776 789 2483 800 805 2484 818 807 2485 801 790 2486 794 791 2487 810 808 2488 811 809 2489 787 792 2490 872 743 2491 804 810 2492 801 790 2493 819 811 2494 802 793 2495 795 794 2496 811 809 2497 812 812 2498 787 792 2499 805 813 2500 788 795 2501 802 793 2502 820 814 2503 803 796 2504 796 797 2505 812 812 2506 813 815 2507 788 795 2508 806 816 2509 789 798 2510 924 755 2511 803 796 2512 820 814 2513 797 799 2514 813 815 2515 814 817 2516 789 798 2517 807 818 2518 790 800 2519 798 801 2520 814 817 2521 815 819 2522 791 802 2523 807 818 2524 808 820 2525 799 803 2526 815 819 2527 816 821 2528 792 804 2529 808 820 2530 809 822 2531 800 805 2532 816 821 2533 817 823 2534 792 804 2535 810 808 2536 793 806 2537 817 823 2538 835 824 2539 818 807 2540 811 809 2541 827 825 2542 828 826 2543 804 810 2544 872 743 2545 821 827 2546 818 807 2547 836 828 2548 819 811 2549 812 812 2550 828 826 2551 829 829 2552 805 813 2553 821 827 2554 822 830 2555 819 811 2556 837 831 2557 820 814 2558 813 815 2559 829 829 2560 830 832 2561 805 813 2562 823 833 2563 806 816 2564 924 755 2565 820 814 2566 837 831 2567 814 817 2568 830 832 2569 831 834 2570 806 816 2571 824 835 2572 807 818 2573 815 819 2574 831 834 2575 832 836 2576 807 818 2577 825 837 2578 808 820 2579 816 821 2580 832 836 2581 833 838 2582 809 822 2583 825 837 2584 826 839 2585 816 821 2586 834 840 2587 817 823 2588 810 808 2589 826 839 2590 827 825 2591 834 840 2592 852 841 2593 835 824 2594 828 826 2595 844 842 2596 845 843 2597 821 827 2598 872 743 2599 838 844 2600 835 824 2601 853 845 2602 836 828 2603 829 829 2604 845 843 2605 846 846 2606 821 827 2607 839 847 2608 822 830 2609 836 828 2610 854 848 2611 837 831 2612 829 829 2613 847 849 2614 830 832 2615 822 830 2616 840 850 2617 823 833 2618 924 755 2619 837 831 2620 854 848 2621 830 832 2622 848 851 2623 831 834 2624 823 833 2625 841 852 2626 824 835 2627 832 836 2628 848 851 2629 849 853 2630 824 835 2631 842 854 2632 825 837 2633 833 838 2634 849 853 2635 850 855 2636 826 839 2637 842 854 2638 843 856 2639 833 838 2640 851 857 2641 834 840 2642 827 825 2643 843 856 2644 844 842 2645 851 857 2646 869 858 2647 852 841 2648 844 842 2649 862 859 2650 845 843 2651 838 844 2652 872 743 2653 855 860 2654 852 841 2655 870 861 2656 853 845 2657 845 843 2658 863 862 2659 846 846 2660 838 844 2661 856 863 2662 839 847 2663 853 845 2664 871 864 2665 854 848 2666 847 849 2667 863 862 2668 864 865 2669 839 847 2670 857 866 2671 840 850 2672 924 755 2673 854 848 2674 871 864 2675 848 851 2676 864 865 2677 865 867 2678 841 852 2679 857 866 2680 858 868 2681 848 851 2682 866 869 2683 849 853 2684 842 854 2685 858 868 2686 859 870 2687 849 853 2688 867 871 2689 850 855 2690 843 856 2691 859 870 2692 860 872 2693 851 857 2694 867 871 2695 868 873 2696 843 856 2697 861 874 2698 844 842 2699 869 858 2700 886 875 2701 887 876 2702 861 874 2703 880 877 2704 862 859 2705 855 860 2706 872 743 2707 873 878 2708 869 858 2709 888 879 2710 870 861 2711 862 859 2712 881 880 2713 863 862 2714 855 860 2715 874 881 2716 856 863 2717 870 861 2718 889 882 2719 871 864 2720 864 865 2721 881 880 2722 882 883 2723 856 863 2724 875 884 2725 857 866 2726 924 755 2727 871 864 2728 889 882 2729 865 867 2730 882 883 2731 883 885 2732 858 868 2733 875 884 2734 876 886 2735 865 867 2736 884 887 2737 866 869 2738 859 870 2739 876 886 2740 877 888 2741 866 869 2742 885 889 2743 867 871 2744 860 872 2745 877 888 2746 878 890 2747 868 873 2748 885 889 2749 886 875 2750 860 872 2751 879 891 2752 861 874 2753 887 876 2754 903 892 2755 904 893 2756 880 877 2757 896 894 2758 897 895 2759 873 878 2760 872 743 2761 890 896 2762 888 879 2763 904 893 2764 905 897 2765 880 877 2766 898 898 2767 881 880 2768 873 878 2769 891 899 2770 874 881 2771 889 882 2772 905 897 2773 906 900 2774 882 883 2775 898 898 2776 899 901 2777 875 884 2778 891 899 2779 892 902 2780 924 755 2781 889 882 2782 906 900 2783 883 885 2784 899 901 2785 900 903 2786 876 886 2787 892 902 2788 893 904 2789 883 885 2790 901 905 2791 884 887 2792 877 888 2793 893 904 2794 894 906 2795 884 887 2796 902 907 2797 885 889 2798 878 890 2799 894 906 2800 895 908 2801 885 889 2802 903 892 2803 886 875 2804 878 890 2805 896 894 2806 879 891 2807 904 893 2808 920 909 2809 921 910 2810 897 895 2811 913 911 2812 914 912 2813 890 896 2814 872 743 2815 907 913 2816 905 897 2817 921 910 2818 922 914 2819 898 898 2820 914 912 2821 915 915 2822 891 899 2823 907 913 2824 908 916 2825 906 900 2826 922 914 2827 923 917 2828 898 898 2829 916 918 2830 899 901 2831 892 902 2832 908 916 2833 909 919 2834 924 755 2835 906 900 2836 923 917 2837 899 901 2838 917 920 2839 900 903 2840 892 902 2841 910 921 2842 893 904 2843 900 903 2844 918 922 2845 901 905 2846 893 904 2847 911 923 2848 894 906 2849 901 905 2850 919 924 2851 902 907 2852 894 906 2853 912 925 2854 895 908 2855 903 892 2856 919 924 2857 920 909 2858 896 894 2859 912 925 2860 913 911 2861 921 910 2862 938 926 2863 939 927 2864 914 912 2865 931 928 2866 932 929 2867 907 913 2868 872 743 2869 925 930 2870 922 914 2871 939 927 2872 940 931 2873 915 915 2874 932 929 2875 933 932 2876 908 916 2877 925 930 2878 926 933 2879 923 917 2880 940 931 2881 941 934 2882 915 915 2883 934 935 2884 916 918 2885 909 919 2886 926 933 2887 927 936 2888 924 755 2889 923 917 2890 941 934 2891 916 918 2892 935 937 2893 917 920 2894 909 919 2895 928 938 2896 910 921 2897 918 922 2898 935 937 2899 936 939 2900 910 921 2901 929 940 2902 911 923 2903 919 924 2904 936 939 2905 937 941 2906 911 923 2907 930 942 2908 912 925 2909 920 909 2910 937 941 2911 938 926 2912 913 911 2913 930 942 2914 931 928 2915 939 927 2916 955 943 2917 956 944 2918 932 929 2919 948 945 2920 949 946 2921 925 930 2922 872 743 2923 942 947 2924 940 931 2925 956 944 2926 957 948 2927 933 932 2928 949 946 2929 950 949 2930 926 933 2931 942 947 2932 943 950 2933 941 934 2934 957 948 2935 958 951 2936 933 932 2937 951 952 2938 934 935 2939 927 936 2940 943 950 2941 944 953 2942 924 755 2943 941 934 2944 958 951 2945 934 935 2946 952 954 2947 935 937 2948 927 936 2949 945 955 2950 928 938 2951 935 937 2952 953 956 2953 936 939 2954 928 938 2955 946 957 2956 929 940 2957 936 939 2958 954 958 2959 937 941 2960 929 940 2961 947 959 2962 930 942 2963 937 941 2964 955 943 2965 938 926 2966 931 928 2967 947 959 2968 948 945 2969 956 944 2970 732 734 2971 733 738 2972 949 946 2973 726 737 2974 959 741 2975 942 947 2976 872 743 2977 720 742 2978 957 948 2979 733 738 2980 734 745 2981 950 949 2982 959 741 2983 727 748 2984 943 950 2985 720 742 2986 721 750 2987 958 951 2988 734 745 2989 735 751 2990 950 949 2991 728 753 2992 951 952 2993 944 953 2994 721 750 2995 722 754 2996 924 755 2997 958 951 2998 735 751 2999 951 952 3000 729 720 3001 952 954 3002 944 953 3003 723 723 3004 945 955 3005 953 956 3006 729 720 3007 730 727 3008 945 955 3009 724 728 3010 946 957 3011 954 958 3012 730 727 3013 731 731 3014 946 957 3015 725 733 3016 947 959 3017 955 943 3018 731 731 3019 732 734 3020 948 945 3021 725 733 3022 726 737 3023 969 960 3024 985 961 3025 986 962 3026 962 963 3027 979 964 3028 963 965 3029 969 960 3030 987 966 3031 970 967 3032 963 965 3033 980 968 3034 964 969 3035 971 970 3036 987 966 3037 988 971 3038 964 969 3039 981 972 3040 965 973 3041 972 974 3042 988 971 3043 989 975 3044 965 973 3045 982 976 3046 966 977 3047 973 978 3048 989 975 3049 990 979 3050 966 977 3051 983 980 3052 1199 981 3053 960 982 3054 1112 983 3055 976 984 3056 974 985 3057 990 979 3058 991 986 3059 1199 981 3060 984 987 3061 967 988 3062 961 989 3063 976 984 3064 977 990 3065 975 991 3066 991 986 3067 992 992 3068 968 993 3069 984 987 3070 985 961 3071 962 963 3072 977 990 3073 978 994 3074 1164 995 3075 975 991 3076 992 992 3077 990 979 3078 1006 996 3079 1007 997 3080 982 976 3081 1000 998 3082 983 980 3083 976 984 3084 1112 983 3085 993 999 3086 991 986 3087 1007 997 3088 1008 1000 3089 983 980 3090 1001 1001 3091 984 987 3092 976 984 3093 994 1002 3094 977 990 3095 992 992 3096 1008 1000 3097 1009 1003 3098 985 961 3099 1001 1001 3100 1002 1004 3101 978 994 3102 994 1002 3103 995 1005 3104 1164 995 3105 992 992 3106 1009 1003 3107 986 962 3108 1002 1004 3109 1003 1006 3110 979 964 3111 995 1005 3112 996 1007 3113 986 962 3114 1004 1008 3115 987 966 3116 980 968 3117 996 1007 3118 997 1009 3119 987 966 3120 1005 1010 3121 988 971 3122 980 968 3123 998 1011 3124 981 972 3125 988 971 3126 1006 996 3127 989 975 3128 981 972 3129 999 1012 3130 982 976 3131 1007 997 3132 1023 1013 3133 1024 1014 3134 999 1012 3135 1017 1015 3136 1000 998 3137 993 999 3138 1112 983 3139 1010 1016 3140 1008 1000 3141 1024 1014 3142 1025 1017 3143 1000 998 3144 1018 1018 3145 1001 1001 3146 993 999 3147 1011 1019 3148 994 1002 3149 1009 1003 3150 1025 1017 3151 1026 1020 3152 1002 1004 3153 1018 1018 3154 1019 1021 3155 995 1005 3156 1011 1019 3157 1012 1022 3158 1164 995 3159 1009 1003 3160 1026 1020 3161 1003 1006 3162 1019 1021 3163 1020 1023 3164 996 1007 3165 1012 1022 3166 1013 1024 3167 1003 1006 3168 1021 1025 3169 1004 1008 3170 997 1009 3171 1013 1024 3172 1014 1026 3173 1004 1008 3174 1022 1027 3175 1005 1010 3176 998 1011 3177 1014 1026 3178 1015 1028 3179 1005 1010 3180 1023 1013 3181 1006 996 3182 998 1011 3183 1016 1029 3184 999 1012 3185 1023 1013 3186 1041 1030 3187 1024 1014 3188 1016 1029 3189 1034 1031 3190 1017 1015 3191 1010 1016 3192 1112 983 3193 1027 1032 3194 1024 1014 3195 1042 1033 3196 1025 1017 3197 1017 1015 3198 1035 1034 3199 1018 1018 3200 1010 1016 3201 1028 1035 3202 1011 1019 3203 1025 1017 3204 1043 1036 3205 1026 1020 3206 1019 1021 3207 1035 1034 3208 1036 1037 3209 1012 1022 3210 1028 1035 3211 1029 1038 3212 1164 995 3213 1026 1020 3214 1043 1036 3215 1020 1023 3216 1036 1037 3217 1037 1039 3218 1013 1024 3219 1029 1038 3220 1030 1040 3221 1021 1025 3222 1037 1039 3223 1038 1041 3224 1014 1026 3225 1030 1040 3226 1031 1042 3227 1022 1027 3228 1038 1041 3229 1039 1043 3230 1014 1026 3231 1032 1044 3232 1015 1028 3233 1023 1013 3234 1039 1043 3235 1040 1045 3236 1016 1029 3237 1032 1044 3238 1033 1046 3239 1040 1045 3240 1058 1047 3241 1041 1030 3242 1034 1031 3243 1050 1048 3244 1051 1049 3245 1027 1032 3246 1112 983 3247 1044 1050 3248 1041 1030 3249 1059 1051 3250 1042 1033 3251 1035 1034 3252 1051 1049 3253 1052 1052 3254 1027 1032 3255 1045 1053 3256 1028 1035 3257 1042 1033 3258 1060 1054 3259 1043 1036 3260 1036 1037 3261 1052 1052 3262 1053 1055 3263 1028 1035 3264 1046 1056 3265 1029 1038 3266 1164 995 3267 1043 1036 3268 1060 1054 3269 1037 1039 3270 1053 1055 3271 1054 1057 3272 1029 1038 3273 1047 1058 3274 1030 1040 3275 1038 1041 3276 1054 1057 3277 1055 1059 3278 1031 1042 3279 1047 1058 3280 1048 1060 3281 1039 1043 3282 1055 1059 3283 1056 1061 3284 1032 1044 3285 1048 1060 3286 1049 1062 3287 1039 1043 3288 1057 1063 3289 1040 1045 3290 1032 1044 3291 1050 1048 3292 1033 1046 3293 1057 1063 3294 1075 1064 3295 1058 1047 3296 1051 1049 3297 1067 1065 3298 1068 1066 3299 1044 1050 3300 1112 983 3301 1061 1067 3302 1058 1047 3303 1076 1068 3304 1059 1051 3305 1052 1052 3306 1068 1066 3307 1069 1069 3308 1044 1050 3309 1062 1070 3310 1045 1053 3311 1059 1051 3312 1077 1071 3313 1060 1054 3314 1052 1052 3315 1070 1072 3316 1053 1055 3317 1045 1053 3318 1063 1073 3319 1046 1056 3320 1164 995 3321 1060 1054 3322 1077 1071 3323 1053 1055 3324 1071 1074 3325 1054 1057 3326 1046 1056 3327 1064 1075 3328 1047 1058 3329 1055 1059 3330 1071 1074 3331 1072 1076 3332 1047 1058 3333 1065 1077 3334 1048 1060 3335 1056 1061 3336 1072 1076 3337 1073 1078 3338 1049 1062 3339 1065 1077 3340 1066 1079 3341 1056 1061 3342 1074 1080 3343 1057 1063 3344 1049 1062 3345 1067 1065 3346 1050 1048 3347 1074 1080 3348 1092 1081 3349 1075 1064 3350 1068 1066 3351 1084 1082 3352 1085 1083 3353 1061 1067 3354 1112 983 3355 1078 1084 3356 1075 1064 3357 1093 1085 3358 1076 1068 3359 1069 1069 3360 1085 1083 3361 1086 1086 3362 1061 1067 3363 1079 1087 3364 1062 1070 3365 1076 1068 3366 1094 1088 3367 1077 1071 3368 1069 1069 3369 1087 1089 3370 1070 1072 3371 1062 1070 3372 1080 1090 3373 1063 1073 3374 1164 995 3375 1077 1071 3376 1094 1088 3377 1070 1072 3378 1088 1091 3379 1071 1074 3380 1063 1073 3381 1081 1092 3382 1064 1075 3383 1072 1076 3384 1088 1091 3385 1089 1093 3386 1065 1077 3387 1081 1092 3388 1082 1094 3389 1073 1078 3390 1089 1093 3391 1090 1095 3392 1066 1079 3393 1082 1094 3394 1083 1096 3395 1073 1078 3396 1091 1097 3397 1074 1080 3398 1067 1065 3399 1083 1096 3400 1084 1082 3401 1091 1097 3402 1109 1098 3403 1092 1081 3404 1085 1083 3405 1101 1099 3406 1102 1100 3407 1078 1084 3408 1112 983 3409 1095 1101 3410 1092 1081 3411 1110 1102 3412 1093 1085 3413 1085 1083 3414 1103 1103 3415 1086 1086 3416 1078 1084 3417 1096 1104 3418 1079 1087 3419 1093 1085 3420 1111 1105 3421 1094 1088 3422 1087 1089 3423 1103 1103 3424 1104 1106 3425 1079 1087 3426 1097 1107 3427 1080 1090 3428 1164 995 3429 1094 1088 3430 1111 1105 3431 1088 1091 3432 1104 1106 3433 1105 1108 3434 1081 1092 3435 1097 1107 3436 1098 1109 3437 1088 1091 3438 1106 1110 3439 1089 1093 3440 1082 1094 3441 1098 1109 3442 1099 1111 3443 1089 1093 3444 1107 1112 3445 1090 1095 3446 1083 1096 3447 1099 1111 3448 1100 1113 3449 1091 1097 3450 1107 1112 3451 1108 1114 3452 1083 1096 3453 1101 1099 3454 1084 1082 3455 1108 1114 3456 1127 1115 3457 1109 1098 3458 1102 1100 3459 1119 1116 3460 1120 1117 3461 1095 1101 3462 1112 983 3463 1113 1118 3464 1109 1098 3465 1128 1119 3466 1110 1102 3467 1103 1103 3468 1120 1117 3469 1121 1120 3470 1095 1101 3471 1114 1121 3472 1096 1104 3473 1110 1102 3474 1129 1122 3475 1111 1105 3476 1104 1106 3477 1121 1120 3478 1122 1123 3479 1096 1104 3480 1115 1124 3481 1097 1107 3482 1164 995 3483 1111 1105 3484 1129 1122 3485 1105 1108 3486 1122 1123 3487 1123 1125 3488 1098 1109 3489 1115 1124 3490 1116 1126 3491 1106 1110 3492 1123 1125 3493 1124 1127 3494 1099 1111 3495 1116 1126 3496 1117 1128 3497 1107 1112 3498 1124 1127 3499 1125 1129 3500 1100 1113 3501 1117 1128 3502 1118 1130 3503 1108 1114 3504 1125 1129 3505 1126 1131 3506 1100 1113 3507 1119 1116 3508 1101 1099 3509 1127 1115 3510 1143 1132 3511 1144 1133 3512 1120 1117 3513 1136 1134 3514 1137 1135 3515 1113 1118 3516 1112 983 3517 1130 1136 3518 1128 1119 3519 1144 1133 3520 1145 1137 3521 1121 1120 3522 1137 1135 3523 1138 1138 3524 1114 1121 3525 1130 1136 3526 1131 1139 3527 1128 1119 3528 1146 1140 3529 1129 1122 3530 1122 1123 3531 1138 1138 3532 1139 1141 3533 1114 1121 3534 1132 1142 3535 1115 1124 3536 1164 995 3537 1129 1122 3538 1146 1140 3539 1123 1125 3540 1139 1141 3541 1140 1143 3542 1116 1126 3543 1132 1142 3544 1133 1144 3545 1123 1125 3546 1141 1145 3547 1124 1127 3548 1116 1126 3549 1134 1146 3550 1117 1128 3551 1124 1127 3552 1142 1147 3553 1125 1129 3554 1117 1128 3555 1135 1148 3556 1118 1130 3557 1126 1131 3558 1142 1147 3559 1143 1132 3560 1118 1130 3561 1136 1134 3562 1119 1116 3563 1144 1133 3564 1160 1149 3565 1161 1150 3566 1137 1135 3567 1153 1151 3568 1154 1152 3569 1130 1136 3570 1112 983 3571 1147 1153 3572 1145 1137 3573 1161 1150 3574 1162 1154 3575 1138 1138 3576 1154 1152 3577 1155 1155 3578 1131 1139 3579 1147 1153 3580 1148 1156 3581 1146 1140 3582 1162 1154 3583 1163 1157 3584 1138 1138 3585 1156 1158 3586 1139 1141 3587 1132 1142 3588 1148 1156 3589 1149 1159 3590 1164 995 3591 1146 1140 3592 1163 1157 3593 1139 1141 3594 1157 1160 3595 1140 1143 3596 1132 1142 3597 1150 1161 3598 1133 1144 3599 1140 1143 3600 1158 1162 3601 1141 1145 3602 1133 1144 3603 1151 1163 3604 1134 1146 3605 1141 1145 3606 1159 1164 3607 1142 1147 3608 1134 1146 3609 1152 1165 3610 1135 1148 3611 1143 1132 3612 1159 1164 3613 1160 1149 3614 1136 1134 3615 1152 1165 3616 1153 1151 3617 1161 1150 3618 1178 1166 3619 1179 1167 3620 1153 1151 3621 1172 1168 3622 1154 1152 3623 1147 1153 3624 1112 983 3625 1165 1169 3626 1162 1154 3627 1179 1167 3628 1180 1170 3629 1154 1152 3630 1173 1171 3631 1155 1155 3632 1148 1156 3633 1165 1169 3634 1166 1172 3635 1163 1157 3636 1180 1170 3637 1181 1173 3638 1155 1155 3639 1174 1174 3640 1156 1158 3641 1149 1159 3642 1166 1172 3643 1167 1175 3644 1164 995 3645 1163 1157 3646 1181 1173 3647 1156 1158 3648 1175 1176 3649 1157 1160 3650 1149 1159 3651 1168 1177 3652 1150 1161 3653 1158 1162 3654 1175 1176 3655 1176 1178 3656 1151 1163 3657 1168 1177 3658 1169 1179 3659 1159 1164 3660 1176 1178 3661 1177 1180 3662 1151 1163 3663 1170 1181 3664 1152 1165 3665 1160 1149 3666 1177 1180 3667 1178 1166 3668 1153 1151 3669 1170 1181 3670 1171 1182 3671 1179 1167 3672 1195 1183 3673 1196 1184 3674 1171 1182 3675 1189 1185 3676 1172 1168 3677 1165 1169 3678 1112 983 3679 1182 1186 3680 1180 1170 3681 1196 1184 3682 1197 1187 3683 1172 1168 3684 1190 1188 3685 1173 1171 3686 1166 1172 3687 1182 1186 3688 1183 1189 3689 1181 1173 3690 1197 1187 3691 1198 1190 3692 1173 1171 3693 1191 1191 3694 1174 1174 3695 1167 1175 3696 1183 1189 3697 1184 1192 3698 1164 995 3699 1181 1173 3700 1198 1190 3701 1174 1174 3702 1192 1193 3703 1175 1176 3704 1167 1175 3705 1185 1194 3706 1168 1177 3707 1175 1176 3708 1193 1195 3709 1176 1178 3710 1168 1177 3711 1186 1196 3712 1169 1179 3713 1176 1178 3714 1194 1197 3715 1177 1180 3716 1169 1179 3717 1187 1198 3718 1170 1181 3719 1178 1166 3720 1194 1197 3721 1195 1183 3722 1171 1182 3723 1187 1198 3724 1188 1199 3725 1196 1184 3726 972 974 3727 973 978 3728 1188 1199 3729 1199 981 3730 1189 1185 3731 1182 1186 3732 1112 983 3733 960 982 3734 1197 1187 3735 973 978 3736 974 985 3737 1190 1188 3738 1199 981 3739 967 988 3740 1183 1189 3741 960 982 3742 961 989 3743 1198 1190 3744 974 985 3745 975 991 3746 1190 1188 3747 968 993 3748 1191 1191 3749 1184 1192 3750 961 989 3751 962 963 3752 1164 995 3753 1198 1190 3754 975 991 3755 1191 1191 3756 969 960 3757 1192 1193 3758 1184 1192 3759 963 965 3760 1185 1194 3761 1193 1195 3762 969 960 3763 970 967 3764 1185 1194 3765 964 969 3766 1186 1196 3767 1194 1197 3768 970 967 3769 971 970 3770 1186 1196 3771 965 973 3772 1187 1198 3773 1195 1183 3774 971 970 3775 972 974 3776 1188 1199 3777 965 973 3778 966 977 3779 1208 1200 3780 1226 1201 3781 1209 1202 3782 1202 1203 3783 1219 1204 3784 1203 1205 3785 1209 1202 3786 1227 1206 3787 1210 1207 3788 1204 1208 3789 1219 1204 3790 1220 1209 3791 1211 1210 3792 1227 1206 3793 1228 1211 3794 1204 1208 3795 1221 1212 3796 1205 1213 3797 1212 1214 3798 1228 1211 3799 1229 1215 3800 1206 1216 3801 1221 1212 3802 1222 1217 3803 1213 1218 3804 1229 1215 3805 1230 1219 3806 1206 1216 3807 1223 1220 3808 1439 1221 3809 1200 1222 3810 1352 1223 3811 1216 1224 3812 1214 1225 3813 1230 1219 3814 1231 1226 3815 1207 1227 3816 1223 1220 3817 1224 1228 3818 1201 1229 3819 1216 1224 3820 1217 1230 3821 1215 1231 3822 1231 1226 3823 1232 1232 3824 1207 1227 3825 1225 1233 3826 1208 1200 3827 1202 1203 3828 1217 1230 3829 1218 1234 3830 1404 1235 3831 1215 1231 3832 1232 1232 3833 1229 1215 3834 1247 1236 3835 1230 1219 3836 1223 1220 3837 1239 1237 3838 1240 1238 3839 1216 1224 3840 1352 1223 3841 1233 1239 3842 1231 1226 3843 1247 1236 3844 1248 1240 3845 1224 1228 3846 1240 1238 3847 1241 1241 3848 1217 1230 3849 1233 1239 3850 1234 1242 3851 1232 1232 3852 1248 1240 3853 1249 1243 3854 1224 1228 3855 1242 1244 3856 1225 1233 3857 1218 1234 3858 1234 1242 3859 1235 1245 3860 1404 1235 3861 1232 1232 3862 1249 1243 3863 1225 1233 3864 1243 1246 3865 1226 1201 3866 1218 1234 3867 1236 1247 3868 1219 1204 3869 1227 1206 3870 1243 1246 3871 1244 1248 3872 1219 1204 3873 1237 1249 3874 1220 1209 3875 1228 1211 3876 1244 1248 3877 1245 1250 3878 1220 1209 3879 1238 1251 3880 1221 1212 3881 1228 1211 3882 1246 1252 3883 1229 1215 3884 1222 1217 3885 1238 1251 3886 1239 1237 3887 1246 1252 3888 1264 1253 3889 1247 1236 3890 1239 1237 3891 1257 1254 3892 1240 1238 3893 1233 1239 3894 1352 1223 3895 1250 1255 3896 1248 1240 3897 1264 1253 3898 1265 1256 3899 1240 1238 3900 1258 1257 3901 1241 1241 3902 1233 1239 3903 1251 1258 3904 1234 1242 3905 1249 1243 3906 1265 1256 3907 1266 1259 3908 1242 1244 3909 1258 1257 3910 1259 1260 3911 1235 1245 3912 1251 1258 3913 1252 1261 3914 1404 1235 3915 1249 1243 3916 1266 1259 3917 1242 1244 3918 1260 1262 3919 1243 1246 3920 1236 1247 3921 1252 1261 3922 1253 1263 3923 1244 1248 3924 1260 1262 3925 1261 1264 3926 1236 1247 3927 1254 1265 3928 1237 1249 3929 1245 1250 3930 1261 1264 3931 1262 1266 3932 1237 1249 3933 1255 1267 3934 1238 1251 3935 1245 1250 3936 1263 1268 3937 1246 1252 3938 1238 1251 3939 1256 1269 3940 1239 1237 3941 1263 1268 3942 1281 1270 3943 1264 1253 3944 1256 1269 3945 1274 1271 3946 1257 1254 3947 1250 1255 3948 1352 1223 3949 1267 1272 3950 1264 1253 3951 1282 1273 3952 1265 1256 3953 1257 1254 3954 1275 1274 3955 1258 1257 3956 1250 1255 3957 1268 1275 3958 1251 1258 3959 1265 1256 3960 1283 1276 3961 1266 1259 3962 1258 1257 3963 1276 1277 3964 1259 1260 3965 1252 1261 3966 1268 1275 3967 1269 1278 3968 1404 1235 3969 1266 1259 3970 1283 1276 3971 1260 1262 3972 1276 1277 3973 1277 1279 3974 1253 1263 3975 1269 1278 3976 1270 1280 3977 1261 1264 3978 1277 1279 3979 1278 1281 3980 1254 1265 3981 1270 1280 3982 1271 1282 3983 1262 1266 3984 1278 1281 3985 1279 1283 3986 1254 1265 3987 1272 1284 3988 1255 1267 3989 1263 1268 3990 1279 1283 3991 1280 1285 3992 1255 1267 3993 1273 1286 3994 1256 1269 3995 1280 1285 3996 1298 1287 3997 1281 1270 3998 1274 1271 3999 1290 1288 4000 1291 1289 4001 1267 1272 4002 1352 1223 4003 1284 1290 4004 1281 1270 4005 1299 1291 4006 1282 1273 4007 1274 1271 4008 1292 1292 4009 1275 1274 4010 1267 1272 4011 1285 1293 4012 1268 1275 4013 1283 1276 4014 1299 1291 4015 1300 1294 4016 1275 1274 4017 1293 1295 4018 1276 1277 4019 1268 1275 4020 1286 1296 4021 1269 1278 4022 1404 1235 4023 1283 1276 4024 1300 1294 4025 1276 1277 4026 1294 1297 4027 1277 1279 4028 1269 1278 4029 1287 1298 4030 1270 1280 4031 1278 1281 4032 1294 1297 4033 1295 1299 4034 1270 1280 4035 1288 1300 4036 1271 1282 4037 1279 1283 4038 1295 1299 4039 1296 1301 4040 1271 1282 4041 1289 1302 4042 1272 1284 4043 1280 1285 4044 1296 1301 4045 1297 1303 4046 1272 1284 4047 1290 1288 4048 1273 1286 4049 1297 1303 4050 1315 1304 4051 1298 1287 4052 1291 1289 4053 1307 1305 4054 1308 1306 4055 1284 1290 4056 1352 1223 4057 1301 1307 4058 1298 1287 4059 1316 1308 4060 1299 1291 4061 1292 1292 4062 1308 1306 4063 1309 1309 4064 1284 1290 4065 1302 1310 4066 1285 1293 4067 1300 1294 4068 1316 1308 4069 1317 1311 4070 1292 1292 4071 1310 1312 4072 1293 1295 4073 1285 1293 4074 1303 1313 4075 1286 1296 4076 1404 1235 4077 1300 1294 4078 1317 1311 4079 1293 1295 4080 1311 1314 4081 1294 1297 4082 1286 1296 4083 1304 1315 4084 1287 1298 4085 1294 1297 4086 1312 1316 4087 1295 1299 4088 1287 1298 4089 1305 1317 4090 1288 1300 4091 1295 1299 4092 1313 1318 4093 1296 1301 4094 1289 1302 4095 1305 1317 4096 1306 1319 4097 1296 1301 4098 1314 1320 4099 1297 1303 4100 1289 1302 4101 1307 1305 4102 1290 1288 4103 1314 1320 4104 1332 1321 4105 1315 1304 4106 1307 1305 4107 1325 1322 4108 1308 1306 4109 1301 1307 4110 1352 1223 4111 1318 1323 4112 1315 1304 4113 1333 1324 4114 1316 1308 4115 1308 1306 4116 1326 1325 4117 1309 1309 4118 1301 1307 4119 1319 1326 4120 1302 1310 4121 1316 1308 4122 1334 1327 4123 1317 1311 4124 1309 1309 4125 1327 1328 4126 1310 1312 4127 1302 1310 4128 1320 1329 4129 1303 1313 4130 1404 1235 4131 1317 1311 4132 1334 1327 4133 1310 1312 4134 1328 1330 4135 1311 1314 4136 1304 1315 4137 1320 1329 4138 1321 1331 4139 1312 1316 4140 1328 1330 4141 1329 1332 4142 1305 1317 4143 1321 1331 4144 1322 1333 4145 1313 1318 4146 1329 1332 4147 1330 1334 4148 1306 1319 4149 1322 1333 4150 1323 1335 4151 1313 1318 4152 1331 1336 4153 1314 1320 4154 1306 1319 4155 1324 1337 4156 1307 1305 4157 1331 1336 4158 1349 1338 4159 1332 1321 4160 1324 1337 4161 1342 1339 4162 1325 1322 4163 1318 1323 4164 1352 1223 4165 1335 1340 4166 1332 1321 4167 1350 1341 4168 1333 1324 4169 1325 1322 4170 1343 1342 4171 1326 1325 4172 1318 1323 4173 1336 1343 4174 1319 1326 4175 1333 1324 4176 1351 1344 4177 1334 1327 4178 1327 1328 4179 1343 1342 4180 1344 1345 4181 1319 1326 4182 1337 1346 4183 1320 1329 4184 1404 1235 4185 1334 1327 4186 1351 1344 4187 1328 1330 4188 1344 1345 4189 1345 1347 4190 1321 1331 4191 1337 1346 4192 1338 1348 4193 1328 1330 4194 1346 1349 4195 1329 1332 4196 1322 1333 4197 1338 1348 4198 1339 1350 4199 1329 1332 4200 1347 1351 4201 1330 1334 4202 1323 1335 4203 1339 1350 4204 1340 1352 4205 1330 1334 4206 1348 1353 4207 1331 1336 4208 1323 1335 4209 1341 1354 4210 1324 1337 4211 1348 1353 4212 1367 1355 4213 1349 1338 4214 1341 1354 4215 1360 1356 4216 1342 1339 4217 1335 1340 4218 1352 1223 4219 1353 1357 4220 1349 1338 4221 1368 1358 4222 1350 1341 4223 1342 1339 4224 1361 1359 4225 1343 1342 4226 1336 1343 4227 1353 1357 4228 1354 1360 4229 1350 1341 4230 1369 1361 4231 1351 1344 4232 1343 1342 4233 1362 1362 4234 1344 1345 4235 1337 1346 4236 1354 1360 4237 1355 1363 4238 1404 1235 4239 1351 1344 4240 1369 1361 4241 1344 1345 4242 1363 1364 4243 1345 1347 4244 1338 1348 4245 1355 1363 4246 1356 1365 4247 1346 1349 4248 1363 1364 4249 1364 1366 4250 1339 1350 4251 1356 1365 4252 1357 1367 4253 1347 1351 4254 1364 1366 4255 1365 1368 4256 1340 1352 4257 1357 1367 4258 1358 1369 4259 1347 1351 4260 1366 1370 4261 1348 1353 4262 1340 1352 4263 1359 1371 4264 1341 1354 4265 1366 1370 4266 1384 1372 4267 1367 1355 4268 1359 1371 4269 1377 1373 4270 1360 1356 4271 1353 1357 4272 1352 1223 4273 1370 1374 4274 1367 1355 4275 1385 1375 4276 1368 1358 4277 1360 1356 4278 1378 1376 4279 1361 1359 4280 1354 1360 4281 1370 1374 4282 1371 1377 4283 1368 1358 4284 1386 1378 4285 1369 1361 4286 1361 1359 4287 1379 1379 4288 1362 1362 4289 1355 1363 4290 1371 1377 4291 1372 1380 4292 1404 1235 4293 1369 1361 4294 1386 1378 4295 1362 1362 4296 1380 1381 4297 1363 1364 4298 1356 1365 4299 1372 1380 4300 1373 1382 4301 1363 1364 4302 1381 1383 4303 1364 1366 4304 1357 1367 4305 1373 1382 4306 1374 1384 4307 1364 1366 4308 1382 1385 4309 1365 1368 4310 1358 1369 4311 1374 1384 4312 1375 1386 4313 1365 1368 4314 1383 1387 4315 1366 1370 4316 1358 1369 4317 1376 1388 4318 1359 1371 4319 1384 1372 4320 1400 1389 4321 1401 1390 4322 1377 1373 4323 1393 1391 4324 1394 1392 4325 1370 1374 4326 1352 1223 4327 1387 1393 4328 1385 1375 4329 1401 1390 4330 1402 1394 4331 1378 1376 4332 1394 1392 4333 1395 1395 4334 1371 1377 4335 1387 1393 4336 1388 1396 4337 1386 1378 4338 1402 1394 4339 1403 1397 4340 1378 1376 4341 1396 1398 4342 1379 1379 4343 1372 1380 4344 1388 1396 4345 1389 1399 4346 1404 1235 4347 1386 1378 4348 1403 1397 4349 1379 1379 4350 1397 1400 4351 1380 1381 4352 1372 1380 4353 1390 1401 4354 1373 1382 4355 1381 1383 4356 1397 1400 4357 1398 1402 4358 1373 1382 4359 1391 1403 4360 1374 1384 4361 1382 1385 4362 1398 1402 4363 1399 1404 4364 1374 1384 4365 1392 1405 4366 1375 1386 4367 1383 1387 4368 1399 1404 4369 1400 1389 4370 1376 1388 4371 1392 1405 4372 1393 1391 4373 1401 1390 4374 1418 1406 4375 1419 1407 4376 1394 1392 4377 1411 1408 4378 1412 1409 4379 1387 1393 4380 1352 1223 4381 1405 1410 4382 1402 1394 4383 1419 1407 4384 1420 1411 4385 1395 1395 4386 1412 1409 4387 1413 1412 4388 1388 1396 4389 1405 1410 4390 1406 1413 4391 1403 1397 4392 1420 1411 4393 1421 1414 4394 1396 1398 4395 1413 1412 4396 1414 1415 4397 1389 1399 4398 1406 1413 4399 1407 1416 4400 1404 1235 4401 1403 1397 4402 1421 1414 4403 1397 1400 4404 1414 1415 4405 1415 1417 4406 1389 1399 4407 1408 1418 4408 1390 1401 4409 1398 1402 4410 1415 1417 4411 1416 1419 4412 1390 1401 4413 1409 1420 4414 1391 1403 4415 1399 1404 4416 1416 1419 4417 1417 1421 4418 1391 1403 4419 1410 1422 4420 1392 1405 4421 1400 1389 4422 1417 1421 4423 1418 1406 4424 1393 1391 4425 1410 1422 4426 1411 1408 4427 1419 1407 4428 1435 1423 4429 1436 1424 4430 1412 1409 4431 1428 1425 4432 1429 1426 4433 1405 1410 4434 1352 1223 4435 1422 1427 4436 1420 1411 4437 1436 1424 4438 1437 1428 4439 1413 1412 4440 1429 1426 4441 1430 1429 4442 1406 1413 4443 1422 1427 4444 1423 1430 4445 1421 1414 4446 1437 1428 4447 1438 1431 4448 1414 1415 4449 1430 1429 4450 1431 1432 4451 1407 1416 4452 1423 1430 4453 1424 1433 4454 1404 1235 4455 1421 1414 4456 1438 1431 4457 1415 1417 4458 1431 1432 4459 1432 1434 4460 1407 1416 4461 1425 1435 4462 1408 1418 4463 1416 1419 4464 1432 1434 4465 1433 1436 4466 1408 1418 4467 1426 1437 4468 1409 1420 4469 1416 1419 4470 1434 1438 4471 1417 1421 4472 1409 1420 4473 1427 1439 4474 1410 1422 4475 1418 1406 4476 1434 1438 4477 1435 1423 4478 1411 1408 4479 1427 1439 4480 1428 1425 4481 1436 1424 4482 1212 1214 4483 1213 1218 4484 1429 1426 4485 1206 1216 4486 1439 1221 4487 1422 1427 4488 1352 1223 4489 1200 1222 4490 1437 1428 4491 1213 1218 4492 1214 1225 4493 1430 1429 4494 1439 1221 4495 1207 1227 4496 1423 1430 4497 1200 1222 4498 1201 1229 4499 1438 1431 4500 1214 1225 4501 1215 1231 4502 1431 1432 4503 1207 1227 4504 1208 1200 4505 1424 1433 4506 1201 1229 4507 1202 1203 4508 1404 1235 4509 1438 1431 4510 1215 1231 4511 1432 1434 4512 1208 1200 4513 1209 1202 4514 1424 1433 4515 1203 1205 4516 1425 1435 4517 1433 1436 4518 1209 1202 4519 1210 1207 4520 1425 1435 4521 1204 1208 4522 1426 1437 4523 1434 1438 4524 1210 1207 4525 1211 1210 4526 1426 1437 4527 1205 1213 4528 1427 1439 4529 1435 1423 4530 1211 1210 4531 1212 1214 4532 1428 1425 4533 1205 1213 4534 1206 1216 4535 1449 1440 4536 1465 1441 4537 1466 1442 4538 1442 1443 4539 1459 1444 4540 1443 1445 4541 1450 1446 4542 1466 1442 4543 1467 1447 4544 1443 1445 4545 1460 1448 4546 1444 1449 4547 1451 1450 4548 1467 1447 4549 1468 1451 4550 1444 1449 4551 1461 1452 4552 1445 1453 4553 1452 1454 4554 1468 1451 4555 1469 1455 4556 1446 1456 4557 1461 1452 4558 1462 1457 4559 1453 1458 4560 1469 1455 4561 1470 1459 4562 1679 1460 4563 1462 1457 4564 1463 1461 4565 1440 1462 4566 1592 1463 4567 1456 1464 4568 1454 1465 4569 1470 1459 4570 1471 1466 4571 1447 1467 4572 1463 1461 4573 1464 1468 4574 1441 1469 4575 1456 1464 4576 1457 1470 4577 1455 1471 4578 1471 1466 4579 1472 1472 4580 1448 1473 4581 1464 1468 4582 1465 1441 4583 1441 1469 4584 1458 1474 4585 1442 1443 4586 1644 1475 4587 1455 1471 4588 1472 1472 4589 1470 1459 4590 1486 1476 4591 1487 1477 4592 1463 1461 4593 1479 1478 4594 1480 1479 4595 1456 1464 4596 1592 1463 4597 1473 1480 4598 1471 1466 4599 1487 1477 4600 1488 1481 4601 1464 1468 4602 1480 1479 4603 1481 1482 4604 1456 1464 4605 1474 1483 4606 1457 1470 4607 1472 1472 4608 1488 1481 4609 1489 1484 4610 1465 1441 4611 1481 1482 4612 1482 1485 4613 1457 1470 4614 1475 1486 4615 1458 1474 4616 1644 1475 4617 1472 1472 4618 1489 1484 4619 1466 1442 4620 1482 1485 4621 1483 1487 4622 1458 1474 4623 1476 1488 4624 1459 1444 4625 1467 1447 4626 1483 1487 4627 1484 1489 4628 1459 1444 4629 1477 1490 4630 1460 1448 4631 1468 1451 4632 1484 1489 4633 1485 1491 4634 1460 1448 4635 1478 1492 4636 1461 1452 4637 1469 1455 4638 1485 1491 4639 1486 1476 4640 1462 1457 4641 1478 1492 4642 1479 1478 4643 1487 1477 4644 1503 1493 4645 1504 1494 4646 1480 1479 4647 1496 1495 4648 1497 1496 4649 1473 1480 4650 1592 1463 4651 1490 1497 4652 1488 1481 4653 1504 1494 4654 1505 1498 4655 1481 1482 4656 1497 1496 4657 1498 1499 4658 1473 1480 4659 1491 1500 4660 1474 1483 4661 1489 1484 4662 1505 1498 4663 1506 1501 4664 1482 1485 4665 1498 1499 4666 1499 1502 4667 1474 1483 4668 1492 1503 4669 1475 1486 4670 1644 1475 4671 1489 1484 4672 1506 1501 4673 1483 1487 4674 1499 1502 4675 1500 1504 4676 1475 1486 4677 1493 1505 4678 1476 1488 4679 1484 1489 4680 1500 1504 4681 1501 1506 4682 1476 1488 4683 1494 1507 4684 1477 1490 4685 1485 1491 4686 1501 1506 4687 1502 1508 4688 1477 1490 4689 1495 1509 4690 1478 1492 4691 1486 1476 4692 1502 1508 4693 1503 1493 4694 1479 1478 4695 1495 1509 4696 1496 1495 4697 1503 1493 4698 1521 1510 4699 1504 1494 4700 1497 1496 4701 1513 1511 4702 1514 1512 4703 1490 1497 4704 1592 1463 4705 1507 1513 4706 1504 1494 4707 1522 1514 4708 1505 1498 4709 1498 1499 4710 1514 1512 4711 1515 1515 4712 1490 1497 4713 1508 1516 4714 1491 1500 4715 1505 1498 4716 1523 1517 4717 1506 1501 4718 1499 1502 4719 1515 1515 4720 1516 1518 4721 1492 1503 4722 1508 1516 4723 1509 1519 4724 1644 1475 4725 1506 1501 4726 1523 1517 4727 1500 1504 4728 1516 1518 4729 1517 1520 4730 1492 1503 4731 1510 1521 4732 1493 1505 4733 1500 1504 4734 1518 1522 4735 1501 1506 4736 1493 1505 4737 1511 1523 4738 1494 1507 4739 1501 1506 4740 1519 1524 4741 1502 1508 4742 1494 1507 4743 1512 1525 4744 1495 1509 4745 1502 1508 4746 1520 1526 4747 1503 1493 4748 1496 1495 4749 1512 1525 4750 1513 1511 4751 1520 1526 4752 1538 1527 4753 1521 1510 4754 1513 1511 4755 1531 1528 4756 1514 1512 4757 1507 1513 4758 1592 1463 4759 1524 1529 4760 1521 1510 4761 1539 1530 4762 1522 1514 4763 1514 1512 4764 1532 1531 4765 1515 1515 4766 1507 1513 4767 1525 1532 4768 1508 1516 4769 1522 1514 4770 1540 1533 4771 1523 1517 4772 1515 1515 4773 1533 1534 4774 1516 1518 4775 1509 1519 4776 1525 1532 4777 1526 1535 4778 1644 1475 4779 1523 1517 4780 1540 1533 4781 1516 1518 4782 1534 1536 4783 1517 1520 4784 1510 1521 4785 1526 1535 4786 1527 1537 4787 1517 1520 4788 1535 1538 4789 1518 1522 4790 1511 1523 4791 1527 1537 4792 1528 1539 4793 1518 1522 4794 1536 1540 4795 1519 1524 4796 1512 1525 4797 1528 1539 4798 1529 1541 4799 1519 1524 4800 1537 1542 4801 1520 1526 4802 1512 1525 4803 1530 1543 4804 1513 1511 4805 1537 1542 4806 1555 1544 4807 1538 1527 4808 1530 1543 4809 1548 1545 4810 1531 1528 4811 1524 1529 4812 1592 1463 4813 1541 1546 4814 1538 1527 4815 1556 1547 4816 1539 1530 4817 1531 1528 4818 1549 1548 4819 1532 1531 4820 1524 1529 4821 1542 1549 4822 1525 1532 4823 1539 1530 4824 1557 1550 4825 1540 1533 4826 1532 1531 4827 1550 1551 4828 1533 1534 4829 1526 1535 4830 1542 1549 4831 1543 1552 4832 1644 1475 4833 1540 1533 4834 1557 1550 4835 1533 1534 4836 1551 1553 4837 1534 1536 4838 1527 1537 4839 1543 1552 4840 1544 1554 4841 1534 1536 4842 1552 1555 4843 1535 1538 4844 1528 1539 4845 1544 1554 4846 1545 1556 4847 1535 1538 4848 1553 1557 4849 1536 1540 4850 1529 1541 4851 1545 1556 4852 1546 1558 4853 1536 1540 4854 1554 1559 4855 1537 1542 4856 1529 1541 4857 1547 1560 4858 1530 1543 4859 1554 1559 4860 1572 1561 4861 1555 1544 4862 1547 1560 4863 1565 1562 4864 1548 1545 4865 1541 1546 4866 1592 1463 4867 1558 1563 4868 1555 1544 4869 1573 1564 4870 1556 1547 4871 1548 1545 4872 1566 1565 4873 1549 1548 4874 1541 1546 4875 1559 1566 4876 1542 1549 4877 1556 1547 4878 1574 1567 4879 1557 1550 4880 1549 1548 4881 1567 1568 4882 1550 1551 4883 1543 1552 4884 1559 1566 4885 1560 1569 4886 1644 1475 4887 1557 1550 4888 1574 1567 4889 1550 1551 4890 1568 1570 4891 1551 1553 4892 1544 1554 4893 1560 1569 4894 1561 1571 4895 1551 1553 4896 1569 1572 4897 1552 1555 4898 1545 1556 4899 1561 1571 4900 1562 1573 4901 1552 1555 4902 1570 1574 4903 1553 1557 4904 1545 1556 4905 1563 1575 4906 1546 1558 4907 1553 1557 4908 1571 1576 4909 1554 1559 4910 1546 1558 4911 1564 1577 4912 1547 1560 4913 1571 1576 4914 1589 1578 4915 1572 1561 4916 1565 1562 4917 1581 1579 4918 1582 1580 4919 1558 1563 4920 1592 1463 4921 1575 1581 4922 1572 1561 4923 1590 1582 4924 1573 1564 4925 1566 1565 4926 1582 1580 4927 1583 1583 4928 1558 1563 4929 1576 1584 4930 1559 1566 4931 1573 1564 4932 1591 1585 4933 1574 1567 4934 1567 1568 4935 1583 1583 4936 1584 1586 4937 1559 1566 4938 1577 1587 4939 1560 1569 4940 1644 1475 4941 1574 1567 4942 1591 1585 4943 1568 1570 4944 1584 1586 4945 1585 1588 4946 1560 1569 4947 1578 1589 4948 1561 1571 4949 1569 1572 4950 1585 1588 4951 1586 1590 4952 1561 1571 4953 1579 1591 4954 1562 1573 4955 1570 1574 4956 1586 1590 4957 1587 1592 4958 1562 1573 4959 1580 1593 4960 1563 1575 4961 1571 1576 4962 1587 1592 4963 1588 1594 4964 1563 1575 4965 1581 1579 4966 1564 1577 4967 1589 1578 4968 1606 1595 4969 1607 1596 4970 1582 1580 4971 1599 1597 4972 1600 1598 4973 1575 1581 4974 1592 1463 4975 1593 1599 4976 1589 1578 4977 1608 1600 4978 1590 1582 4979 1583 1583 4980 1600 1598 4981 1601 1601 4982 1575 1581 4983 1594 1602 4984 1576 1584 4985 1590 1582 4986 1609 1603 4987 1591 1585 4988 1584 1586 4989 1601 1601 4990 1602 1604 4991 1576 1584 4992 1595 1605 4993 1577 1587 4994 1644 1475 4995 1591 1585 4996 1609 1603 4997 1585 1588 4998 1602 1604 4999 1603 1606 5000 1577 1587 5001 1596 1607 5002 1578 1589 5003 1586 1590 5004 1603 1606 5005 1604 1608 5006 1578 1589 5007 1597 1609 5008 1579 1591 5009 1587 1592 5010 1604 1608 5011 1605 1610 5012 1579 1591 5013 1598 1611 5014 1580 1593 5015 1588 1594 5016 1605 1610 5017 1606 1595 5018 1580 1593 5019 1599 1597 5020 1581 1579 5021 1607 1596 5022 1623 1612 5023 1624 1613 5024 1600 1598 5025 1616 1614 5026 1617 1615 5027 1593 1599 5028 1592 1463 5029 1610 1616 5030 1608 1600 5031 1624 1613 5032 1625 1617 5033 1601 1601 5034 1617 1615 5035 1618 1618 5036 1594 1602 5037 1610 1616 5038 1611 1619 5039 1609 1603 5040 1625 1617 5041 1626 1620 5042 1602 1604 5043 1618 1618 5044 1619 1621 5045 1594 1602 5046 1612 1622 5047 1595 1605 5048 1644 1475 5049 1609 1603 5050 1626 1620 5051 1603 1606 5052 1619 1621 5053 1620 1623 5054 1595 1605 5055 1613 1624 5056 1596 1607 5057 1604 1608 5058 1620 1623 5059 1621 1625 5060 1596 1607 5061 1614 1626 5062 1597 1609 5063 1605 1610 5064 1621 1625 5065 1622 1627 5066 1597 1609 5067 1615 1628 5068 1598 1611 5069 1606 1595 5070 1622 1627 5071 1623 1612 5072 1598 1611 5073 1616 1614 5074 1599 1597 5075 1624 1613 5076 1640 1629 5077 1641 1630 5078 1617 1615 5079 1633 1631 5080 1634 1632 5081 1610 1616 5082 1592 1463 5083 1627 1633 5084 1625 1617 5085 1641 1630 5086 1642 1634 5087 1617 1615 5088 1635 1635 5089 1618 1618 5090 1611 1619 5091 1627 1633 5092 1628 1636 5093 1626 1620 5094 1642 1634 5095 1643 1637 5096 1618 1618 5097 1636 1638 5098 1619 1621 5099 1612 1622 5100 1628 1636 5101 1629 1639 5102 1644 1475 5103 1626 1620 5104 1643 1637 5105 1619 1621 5106 1637 1640 5107 1620 1623 5108 1613 1624 5109 1629 1639 5110 1630 1641 5111 1621 1625 5112 1637 1640 5113 1638 1642 5114 1614 1626 5115 1630 1641 5116 1631 1643 5117 1622 1627 5118 1638 1642 5119 1639 1644 5120 1615 1628 5121 1631 1643 5122 1632 1645 5123 1623 1612 5124 1639 1644 5125 1640 1629 5126 1616 1614 5127 1632 1645 5128 1633 1631 5129 1641 1630 5130 1658 1646 5131 1659 1647 5132 1633 1631 5133 1652 1648 5134 1634 1632 5135 1627 1633 5136 1592 1463 5137 1645 1649 5138 1642 1634 5139 1659 1647 5140 1660 1650 5141 1634 1632 5142 1653 1651 5143 1635 1635 5144 1628 1636 5145 1645 1649 5146 1646 1652 5147 1643 1637 5148 1660 1650 5149 1661 1653 5150 1635 1635 5151 1654 1654 5152 1636 1638 5153 1629 1639 5154 1646 1652 5155 1647 1655 5156 1644 1475 5157 1643 1637 5158 1661 1653 5159 1636 1638 5160 1655 1656 5161 1637 1640 5162 1630 1641 5163 1647 1655 5164 1648 1657 5165 1637 1640 5166 1656 1658 5167 1638 1642 5168 1631 1643 5169 1648 1657 5170 1649 1659 5171 1639 1644 5172 1656 1658 5173 1657 1660 5174 1632 1645 5175 1649 1659 5176 1650 1661 5177 1640 1629 5178 1657 1660 5179 1658 1646 5180 1633 1631 5181 1650 1661 5182 1651 1662 5183 1659 1647 5184 1675 1663 5185 1676 1664 5186 1651 1662 5187 1669 1665 5188 1652 1648 5189 1645 1649 5190 1592 1463 5191 1662 1666 5192 1660 1650 5193 1676 1664 5194 1677 1667 5195 1652 1648 5196 1670 1668 5197 1653 1651 5198 1646 1652 5199 1662 1666 5200 1663 1669 5201 1661 1653 5202 1677 1667 5203 1678 1670 5204 1653 1651 5205 1671 1671 5206 1654 1654 5207 1647 1655 5208 1663 1669 5209 1664 1672 5210 1644 1475 5211 1661 1653 5212 1678 1670 5213 1654 1654 5214 1672 1673 5215 1655 1656 5216 1648 1657 5217 1664 1672 5218 1665 1674 5219 1655 1656 5220 1673 1675 5221 1656 1658 5222 1649 1659 5223 1665 1674 5224 1666 1676 5225 1657 1660 5226 1673 1675 5227 1674 1677 5228 1650 1661 5229 1666 1676 5230 1667 1678 5231 1658 1646 5232 1674 1677 5233 1675 1663 5234 1651 1662 5235 1667 1678 5236 1668 1679 5237 1676 1664 5238 1452 1454 5239 1453 1458 5240 1668 1679 5241 1679 1460 5242 1669 1665 5243 1662 1666 5244 1592 1463 5245 1440 1462 5246 1677 1667 5247 1453 1458 5248 1454 1465 5249 1669 1665 5250 1447 1467 5251 1670 1668 5252 1663 1669 5253 1440 1462 5254 1441 1469 5255 1678 1670 5256 1454 1465 5257 1455 1471 5258 1670 1668 5259 1448 1473 5260 1671 1671 5261 1664 1672 5262 1441 1469 5263 1442 1443 5264 1644 1475 5265 1678 1670 5266 1455 1471 5267 1671 1671 5268 1449 1440 5269 1672 1673 5270 1665 1674 5271 1442 1443 5272 1443 1445 5273 1673 1675 5274 1449 1440 5275 1450 1446 5276 1666 1676 5277 1443 1445 5278 1444 1449 5279 1674 1677 5280 1450 1446 5281 1451 1450 5282 1667 1678 5283 1444 1449 5284 1445 1453 5285 1675 1663 5286 1451 1450 5287 1452 1454 5288 1668 1679 5289 1445 1453 5290 1446 1456 5291 1689 1680 5292 1705 1681 5293 1706 1682 5294 1682 1683 5295 1699 1684 5296 1683 1685 5297 1690 1686 5298 1706 1682 5299 1707 1687 5300 1683 1685 5301 1700 1688 5302 1684 1689 5303 1691 1690 5304 1707 1687 5305 1708 1691 5306 1684 1689 5307 1701 1692 5308 1685 1693 5309 1692 1694 5310 1708 1691 5311 1709 1695 5312 1686 1696 5313 1701 1692 5314 1702 1697 5315 1693 1698 5316 1709 1695 5317 1710 1699 5318 1919 1700 5319 1702 1697 5320 1703 1701 5321 1680 1702 5322 1832 1703 5323 1696 1704 5324 1694 1705 5325 1710 1699 5326 1711 1706 5327 1687 1707 5328 1703 1701 5329 1704 1708 5330 1680 1702 5331 1697 1709 5332 1681 1710 5333 1695 1711 5334 1711 1706 5335 1712 1712 5336 1688 1713 5337 1704 1708 5338 1705 1681 5339 1681 1710 5340 1698 1714 5341 1682 1683 5342 1884 1715 5343 1695 1711 5344 1712 1712 5345 1710 1699 5346 1726 1716 5347 1727 1717 5348 1703 1701 5349 1719 1718 5350 1720 1719 5351 1696 1704 5352 1832 1703 5353 1713 1720 5354 1711 1706 5355 1727 1717 5356 1728 1721 5357 1704 1708 5358 1720 1719 5359 1721 1722 5360 1696 1704 5361 1714 1723 5362 1697 1709 5363 1712 1712 5364 1728 1721 5365 1729 1724 5366 1705 1681 5367 1721 1722 5368 1722 1725 5369 1697 1709 5370 1715 1726 5371 1698 1714 5372 1884 1715 5373 1712 1712 5374 1729 1724 5375 1706 1682 5376 1722 1725 5377 1723 1727 5378 1698 1714 5379 1716 1728 5380 1699 1684 5381 1707 1687 5382 1723 1727 5383 1724 1729 5384 1699 1684 5385 1717 1730 5386 1700 1688 5387 1708 1691 5388 1724 1729 5389 1725 1731 5390 1700 1688 5391 1718 1732 5392 1701 1692 5393 1709 1695 5394 1725 1731 5395 1726 1716 5396 1702 1697 5397 1718 1732 5398 1719 1718 5399 1727 1717 5400 1743 1733 5401 1744 1734 5402 1720 1719 5403 1736 1735 5404 1737 1736 5405 1713 1720 5406 1832 1703 5407 1730 1737 5408 1728 1721 5409 1744 1734 5410 1745 1738 5411 1721 1722 5412 1737 1736 5413 1738 1739 5414 1713 1720 5415 1731 1740 5416 1714 1723 5417 1729 1724 5418 1745 1738 5419 1746 1741 5420 1722 1725 5421 1738 1739 5422 1739 1742 5423 1714 1723 5424 1732 1743 5425 1715 1726 5426 1884 1715 5427 1729 1724 5428 1746 1741 5429 1723 1727 5430 1739 1742 5431 1740 1744 5432 1715 1726 5433 1733 1745 5434 1716 1728 5435 1724 1729 5436 1740 1744 5437 1741 1746 5438 1716 1728 5439 1734 1747 5440 1717 1730 5441 1725 1731 5442 1741 1746 5443 1742 1748 5444 1717 1730 5445 1735 1749 5446 1718 1732 5447 1726 1716 5448 1742 1748 5449 1743 1733 5450 1719 1718 5451 1735 1749 5452 1736 1735 5453 1743 1733 5454 1761 1750 5455 1744 1734 5456 1737 1736 5457 1753 1751 5458 1754 1752 5459 1730 1737 5460 1832 1703 5461 1747 1753 5462 1744 1734 5463 1762 1754 5464 1745 1738 5465 1738 1739 5466 1754 1752 5467 1755 1755 5468 1730 1737 5469 1748 1756 5470 1731 1740 5471 1745 1738 5472 1763 1757 5473 1746 1741 5474 1739 1742 5475 1755 1755 5476 1756 1758 5477 1731 1740 5478 1749 1759 5479 1732 1743 5480 1884 1715 5481 1746 1741 5482 1763 1757 5483 1740 1744 5484 1756 1758 5485 1757 1760 5486 1732 1743 5487 1750 1761 5488 1733 1745 5489 1740 1744 5490 1758 1762 5491 1741 1746 5492 1733 1745 5493 1751 1763 5494 1734 1747 5495 1741 1746 5496 1759 1764 5497 1742 1748 5498 1735 1749 5499 1751 1763 5500 1752 1765 5501 1742 1748 5502 1760 1766 5503 1743 1733 5504 1736 1735 5505 1752 1765 5506 1753 1751 5507 1760 1766 5508 1778 1767 5509 1761 1750 5510 1753 1751 5511 1771 1768 5512 1754 1752 5513 1747 1753 5514 1832 1703 5515 1764 1769 5516 1761 1750 5517 1779 1770 5518 1762 1754 5519 1754 1752 5520 1772 1771 5521 1755 1755 5522 1747 1753 5523 1765 1772 5524 1748 1756 5525 1762 1754 5526 1780 1773 5527 1763 1757 5528 1755 1755 5529 1773 1774 5530 1756 1758 5531 1749 1759 5532 1765 1772 5533 1766 1775 5534 1884 1715 5535 1763 1757 5536 1780 1773 5537 1756 1758 5538 1774 1776 5539 1757 1760 5540 1750 1761 5541 1766 1775 5542 1767 1777 5543 1757 1760 5544 1775 1778 5545 1758 1762 5546 1751 1763 5547 1767 1777 5548 1768 1779 5549 1758 1762 5550 1776 1780 5551 1759 1764 5552 1752 1765 5553 1768 1779 5554 1769 1781 5555 1759 1764 5556 1777 1782 5557 1760 1766 5558 1752 1765 5559 1770 1783 5560 1753 1751 5561 1777 1782 5562 1795 1784 5563 1778 1767 5564 1770 1783 5565 1788 1785 5566 1771 1768 5567 1764 1769 5568 1832 1703 5569 1781 1786 5570 1778 1767 5571 1796 1787 5572 1779 1770 5573 1771 1768 5574 1789 1788 5575 1772 1771 5576 1765 1772 5577 1781 1786 5578 1782 1789 5579 1779 1770 5580 1797 1790 5581 1780 1773 5582 1772 1771 5583 1790 1791 5584 1773 1774 5585 1766 1775 5586 1782 1789 5587 1783 1792 5588 1884 1715 5589 1780 1773 5590 1797 1790 5591 1773 1774 5592 1791 1793 5593 1774 1776 5594 1767 1777 5595 1783 1792 5596 1784 1794 5597 1774 1776 5598 1792 1795 5599 1775 1778 5600 1768 1779 5601 1784 1794 5602 1785 1796 5603 1775 1778 5604 1793 1797 5605 1776 1780 5606 1769 1781 5607 1785 1796 5608 1786 1798 5609 1776 1780 5610 1794 1799 5611 1777 1782 5612 1769 1781 5613 1787 1800 5614 1770 1783 5615 1794 1799 5616 1812 1801 5617 1795 1784 5618 1787 1800 5619 1805 1802 5620 1788 1785 5621 1781 1786 5622 1832 1703 5623 1798 1803 5624 1795 1784 5625 1813 1804 5626 1796 1787 5627 1788 1785 5628 1806 1805 5629 1789 1788 5630 1781 1786 5631 1799 1806 5632 1782 1789 5633 1796 1787 5634 1814 1807 5635 1797 1790 5636 1789 1788 5637 1807 1808 5638 1790 1791 5639 1783 1792 5640 1799 1806 5641 1800 1809 5642 1884 1715 5643 1797 1790 5644 1814 1807 5645 1790 1791 5646 1808 1810 5647 1791 1793 5648 1784 1794 5649 1800 1809 5650 1801 1811 5651 1791 1793 5652 1809 1812 5653 1792 1795 5654 1785 1796 5655 1801 1811 5656 1802 1813 5657 1792 1795 5658 1810 1814 5659 1793 1797 5660 1785 1796 5661 1803 1815 5662 1786 1798 5663 1793 1797 5664 1811 1816 5665 1794 1799 5666 1786 1798 5667 1804 1817 5668 1787 1800 5669 1811 1816 5670 1829 1818 5671 1812 1801 5672 1805 1802 5673 1821 1819 5674 1822 1820 5675 1798 1803 5676 1832 1703 5677 1815 1821 5678 1812 1801 5679 1830 1822 5680 1813 1804 5681 1806 1805 5682 1822 1820 5683 1823 1823 5684 1798 1803 5685 1816 1824 5686 1799 1806 5687 1813 1804 5688 1831 1825 5689 1814 1807 5690 1807 1808 5691 1823 1823 5692 1824 1826 5693 1799 1806 5694 1817 1827 5695 1800 1809 5696 1884 1715 5697 1814 1807 5698 1831 1825 5699 1808 1810 5700 1824 1826 5701 1825 1828 5702 1800 1809 5703 1818 1829 5704 1801 1811 5705 1809 1812 5706 1825 1828 5707 1826 1830 5708 1801 1811 5709 1819 1831 5710 1802 1813 5711 1810 1814 5712 1826 1830 5713 1827 1832 5714 1802 1813 5715 1820 1833 5716 1803 1815 5717 1811 1816 5718 1827 1832 5719 1828 1834 5720 1803 1815 5721 1821 1819 5722 1804 1817 5723 1829 1818 5724 1846 1835 5725 1847 1836 5726 1822 1820 5727 1839 1837 5728 1840 1838 5729 1815 1821 5730 1832 1703 5731 1833 1839 5732 1830 1822 5733 1847 1836 5734 1848 1840 5735 1823 1823 5736 1840 1838 5737 1841 1841 5738 1815 1821 5739 1834 1842 5740 1816 1824 5741 1830 1822 5742 1849 1843 5743 1831 1825 5744 1824 1826 5745 1841 1841 5746 1842 1844 5747 1816 1824 5748 1835 1845 5749 1817 1827 5750 1884 1715 5751 1831 1825 5752 1849 1843 5753 1825 1828 5754 1842 1844 5755 1843 1846 5756 1817 1827 5757 1836 1847 5758 1818 1829 5759 1826 1830 5760 1843 1846 5761 1844 1848 5762 1818 1829 5763 1837 1849 5764 1819 1831 5765 1827 1832 5766 1844 1848 5767 1845 1850 5768 1819 1831 5769 1838 1851 5770 1820 1833 5771 1828 1834 5772 1845 1850 5773 1846 1835 5774 1820 1833 5775 1839 1837 5776 1821 1819 5777 1847 1836 5778 1863 1852 5779 1864 1853 5780 1840 1838 5781 1856 1854 5782 1857 1855 5783 1833 1839 5784 1832 1703 5785 1850 1856 5786 1848 1840 5787 1864 1853 5788 1865 1857 5789 1841 1841 5790 1857 1855 5791 1858 1858 5792 1833 1839 5793 1851 1859 5794 1834 1842 5795 1849 1843 5796 1865 1857 5797 1866 1860 5798 1842 1844 5799 1858 1858 5800 1859 1861 5801 1834 1842 5802 1852 1862 5803 1835 1845 5804 1884 1715 5805 1849 1843 5806 1866 1860 5807 1843 1846 5808 1859 1861 5809 1860 1863 5810 1835 1845 5811 1853 1864 5812 1836 1847 5813 1844 1848 5814 1860 1863 5815 1861 1865 5816 1836 1847 5817 1854 1866 5818 1837 1849 5819 1845 1850 5820 1861 1865 5821 1862 1867 5822 1837 1849 5823 1855 1868 5824 1838 1851 5825 1846 1835 5826 1862 1867 5827 1863 1852 5828 1838 1851 5829 1856 1854 5830 1839 1837 5831 1864 1853 5832 1880 1869 5833 1881 1870 5834 1857 1855 5835 1873 1871 5836 1874 1872 5837 1850 1856 5838 1832 1703 5839 1867 1873 5840 1865 1857 5841 1881 1870 5842 1882 1874 5843 1857 1855 5844 1875 1875 5845 1858 1858 5846 1851 1859 5847 1867 1873 5848 1868 1876 5849 1866 1860 5850 1882 1874 5851 1883 1877 5852 1858 1858 5853 1876 1878 5854 1859 1861 5855 1852 1862 5856 1868 1876 5857 1869 1879 5858 1884 1715 5859 1866 1860 5860 1883 1877 5861 1859 1861 5862 1877 1880 5863 1860 1863 5864 1853 1864 5865 1869 1879 5866 1870 1881 5867 1861 1865 5868 1877 1880 5869 1878 1882 5870 1854 1866 5871 1870 1881 5872 1871 1883 5873 1862 1867 5874 1878 1882 5875 1879 1884 5876 1855 1868 5877 1871 1883 5878 1872 1885 5879 1863 1852 5880 1879 1884 5881 1880 1869 5882 1856 1854 5883 1872 1885 5884 1873 1871 5885 1881 1870 5886 1898 1886 5887 1899 1887 5888 1873 1871 5889 1892 1888 5890 1874 1872 5891 1867 1873 5892 1832 1703 5893 1885 1889 5894 1882 1874 5895 1899 1887 5896 1900 1890 5897 1874 1872 5898 1893 1891 5899 1875 1875 5900 1868 1876 5901 1885 1889 5902 1886 1892 5903 1882 1874 5904 1901 1893 5905 1883 1877 5906 1875 1875 5907 1894 1894 5908 1876 1878 5909 1869 1879 5910 1886 1892 5911 1887 1895 5912 1884 1715 5913 1883 1877 5914 1901 1893 5915 1876 1878 5916 1895 1896 5917 1877 1880 5918 1870 1881 5919 1887 1895 5920 1888 1897 5921 1877 1880 5922 1896 1898 5923 1878 1882 5924 1871 1883 5925 1888 1897 5926 1889 1899 5927 1878 1882 5928 1897 1900 5929 1879 1884 5930 1872 1885 5931 1889 1899 5932 1890 1901 5933 1880 1869 5934 1897 1900 5935 1898 1886 5936 1873 1871 5937 1890 1901 5938 1891 1902 5939 1899 1887 5940 1915 1903 5941 1916 1904 5942 1891 1902 5943 1909 1905 5944 1892 1888 5945 1885 1889 5946 1832 1703 5947 1902 1906 5948 1900 1890 5949 1916 1904 5950 1917 1907 5951 1892 1888 5952 1910 1908 5953 1893 1891 5954 1886 1892 5955 1902 1906 5956 1903 1909 5957 1901 1893 5958 1917 1907 5959 1918 1910 5960 1893 1891 5961 1911 1911 5962 1894 1894 5963 1887 1895 5964 1903 1909 5965 1904 1912 5966 1884 1715 5967 1901 1893 5968 1918 1910 5969 1894 1894 5970 1912 1913 5971 1895 1896 5972 1888 1897 5973 1904 1912 5974 1905 1914 5975 1895 1896 5976 1913 1915 5977 1896 1898 5978 1889 1899 5979 1905 1914 5980 1906 1916 5981 1896 1898 5982 1914 1917 5983 1897 1900 5984 1890 1901 5985 1906 1916 5986 1907 1918 5987 1898 1886 5988 1914 1917 5989 1915 1903 5990 1891 1902 5991 1907 1918 5992 1908 1919 5993 1916 1904 5994 1692 1694 5995 1693 1698 5996 1908 1919 5997 1919 1700 5998 1909 1905 5999 1902 1906 6000 1832 1703 6001 1680 1702 6002 1917 1907 6003 1693 1698 6004 1694 1705 6005 1909 1905 6006 1687 1707 6007 1910 1908 6008 1903 1909 6009 1680 1702 6010 1681 1710 6011 1918 1910 6012 1694 1705 6013 1695 1711 6014 1910 1908 6015 1688 1713 6016 1911 1911 6017 1904 1912 6018 1681 1710 6019 1682 1683 6020 1884 1715 6021 1918 1910 6022 1695 1711 6023 1911 1911 6024 1689 1680 6025 1912 1913 6026 1905 1914 6027 1682 1683 6028 1683 1685 6029 1912 1913 6030 1690 1686 6031 1913 1915 6032 1906 1916 6033 1683 1685 6034 1684 1689 6035 1913 1915 6036 1691 1690 6037 1914 1917 6038 1907 1918 6039 1684 1689 6040 1685 1693 6041 1914 1917 6042 1692 1694 6043 1915 1903 6044 1908 1919 6045 1685 1693 6046 1686 1696 6047 1929 1920 6048 1945 1921 6049 1946 1922 6050 1922 1923 6051 1939 1924 6052 1923 1925 6053 1930 1926 6054 1946 1922 6055 1947 1927 6056 1923 1925 6057 1940 1928 6058 1924 1929 6059 1931 1930 6060 1947 1927 6061 1948 1931 6062 1924 1929 6063 1941 1932 6064 1925 1933 6065 1932 1934 6066 1948 1931 6067 1949 1935 6068 1926 1936 6069 1941 1932 6070 1942 1937 6071 1933 1938 6072 1949 1935 6073 1950 1939 6074 2159 1940 6075 1942 1937 6076 1943 1941 6077 1920 1942 6078 2072 1943 6079 1936 1944 6080 1934 1945 6081 1950 1939 6082 1951 1946 6083 1927 1947 6084 1943 1941 6085 1944 1948 6086 1921 1949 6087 1936 1944 6088 1937 1950 6089 1935 1951 6090 1951 1946 6091 1952 1952 6092 1928 1953 6093 1944 1948 6094 1945 1921 6095 1921 1949 6096 1938 1954 6097 1922 1923 6098 2124 1955 6099 1935 1951 6100 1952 1952 6101 1950 1939 6102 1966 1956 6103 1967 1957 6104 1943 1941 6105 1959 1958 6106 1960 1959 6107 1936 1944 6108 2072 1943 6109 1953 1960 6110 1951 1946 6111 1967 1957 6112 1968 1961 6113 1944 1948 6114 1960 1959 6115 1961 1962 6116 1936 1944 6117 1954 1963 6118 1937 1950 6119 1952 1952 6120 1968 1961 6121 1969 1964 6122 1945 1921 6123 1961 1962 6124 1962 1965 6125 1937 1950 6126 1955 1966 6127 1938 1954 6128 2124 1955 6129 1952 1952 6130 1969 1964 6131 1946 1922 6132 1962 1965 6133 1963 1967 6134 1938 1954 6135 1956 1968 6136 1939 1924 6137 1947 1927 6138 1963 1967 6139 1964 1969 6140 1939 1924 6141 1957 1970 6142 1940 1928 6143 1948 1931 6144 1964 1969 6145 1965 1971 6146 1940 1928 6147 1958 1972 6148 1941 1932 6149 1949 1935 6150 1965 1971 6151 1966 1956 6152 1942 1937 6153 1958 1972 6154 1959 1958 6155 1967 1957 6156 1983 1973 6157 1984 1974 6158 1960 1959 6159 1976 1975 6160 1977 1976 6161 1953 1960 6162 2072 1943 6163 1970 1977 6164 1968 1961 6165 1984 1974 6166 1985 1978 6167 1961 1962 6168 1977 1976 6169 1978 1979 6170 1953 1960 6171 1971 1980 6172 1954 1963 6173 1969 1964 6174 1985 1978 6175 1986 1981 6176 1962 1965 6177 1978 1979 6178 1979 1982 6179 1954 1963 6180 1972 1983 6181 1955 1966 6182 2124 1955 6183 1969 1964 6184 1986 1981 6185 1963 1967 6186 1979 1982 6187 1980 1984 6188 1955 1966 6189 1973 1985 6190 1956 1968 6191 1964 1969 6192 1980 1984 6193 1981 1986 6194 1956 1968 6195 1974 1987 6196 1957 1970 6197 1965 1971 6198 1981 1986 6199 1982 1988 6200 1957 1970 6201 1975 1989 6202 1958 1972 6203 1966 1956 6204 1982 1988 6205 1983 1973 6206 1959 1958 6207 1975 1989 6208 1976 1975 6209 1983 1973 6210 2001 1990 6211 1984 1974 6212 1977 1976 6213 1993 1991 6214 1994 1992 6215 1970 1977 6216 2072 1943 6217 1987 1993 6218 1984 1974 6219 2002 1994 6220 1985 1978 6221 1978 1979 6222 1994 1992 6223 1995 1995 6224 1970 1977 6225 1988 1996 6226 1971 1980 6227 1985 1978 6228 2003 1997 6229 1986 1981 6230 1979 1982 6231 1995 1995 6232 1996 1998 6233 1971 1980 6234 1989 1999 6235 1972 1983 6236 2124 1955 6237 1986 1981 6238 2003 1997 6239 1980 1984 6240 1996 1998 6241 1997 2000 6242 1972 1983 6243 1990 2001 6244 1973 1985 6245 1980 1984 6246 1998 2002 6247 1981 1986 6248 1973 1985 6249 1991 2003 6250 1974 1987 6251 1981 1986 6252 1999 2004 6253 1982 1988 6254 1975 1989 6255 1991 2003 6256 1992 2005 6257 1982 1988 6258 2000 2006 6259 1983 1973 6260 1976 1975 6261 1992 2005 6262 1993 1991 6263 2000 2006 6264 2018 2007 6265 2001 1990 6266 1993 1991 6267 2011 2008 6268 1994 1992 6269 1987 1993 6270 2072 1943 6271 2004 2009 6272 2001 1990 6273 2019 2010 6274 2002 1994 6275 1994 1992 6276 2012 2011 6277 1995 1995 6278 1987 1993 6279 2005 2012 6280 1988 1996 6281 2002 1994 6282 2020 2013 6283 2003 1997 6284 1995 1995 6285 2013 2014 6286 1996 1998 6287 1989 1999 6288 2005 2012 6289 2006 2015 6290 2124 1955 6291 2003 1997 6292 2020 2013 6293 1996 1998 6294 2014 2016 6295 1997 2000 6296 1990 2001 6297 2006 2015 6298 2007 2017 6299 1997 2000 6300 2015 2018 6301 1998 2002 6302 1991 2003 6303 2007 2017 6304 2008 2019 6305 1998 2002 6306 2016 2020 6307 1999 2004 6308 1992 2005 6309 2008 2019 6310 2009 2021 6311 1999 2004 6312 2017 2022 6313 2000 2006 6314 1992 2005 6315 2010 2023 6316 1993 1991 6317 2017 2022 6318 2035 2024 6319 2018 2007 6320 2010 2023 6321 2028 2025 6322 2011 2008 6323 2004 2009 6324 2072 1943 6325 2021 2026 6326 2018 2007 6327 2036 2027 6328 2019 2010 6329 2011 2008 6330 2029 2028 6331 2012 2011 6332 2004 2009 6333 2022 2029 6334 2005 2012 6335 2019 2010 6336 2037 2030 6337 2020 2013 6338 2012 2011 6339 2030 2031 6340 2013 2014 6341 2006 2015 6342 2022 2029 6343 2023 2032 6344 2124 1955 6345 2020 2013 6346 2037 2030 6347 2013 2014 6348 2031 2033 6349 2014 2016 6350 2007 2017 6351 2023 2032 6352 2024 2034 6353 2014 2016 6354 2032 2035 6355 2015 2018 6356 2008 2019 6357 2024 2034 6358 2025 2036 6359 2015 2018 6360 2033 2037 6361 2016 2020 6362 2008 2019 6363 2026 2038 6364 2009 2021 6365 2016 2020 6366 2034 2039 6367 2017 2022 6368 2009 2021 6369 2027 2040 6370 2010 2023 6371 2034 2039 6372 2052 2041 6373 2035 2024 6374 2027 2040 6375 2045 2042 6376 2028 2025 6377 2021 2026 6378 2072 1943 6379 2038 2043 6380 2035 2024 6381 2053 2044 6382 2036 2027 6383 2028 2025 6384 2046 2045 6385 2029 2028 6386 2021 2026 6387 2039 2046 6388 2022 2029 6389 2036 2027 6390 2054 2047 6391 2037 2030 6392 2029 2028 6393 2047 2048 6394 2030 2031 6395 2023 2032 6396 2039 2046 6397 2040 2049 6398 2124 1955 6399 2037 2030 6400 2054 2047 6401 2030 2031 6402 2048 2050 6403 2031 2033 6404 2024 2034 6405 2040 2049 6406 2041 2051 6407 2031 2033 6408 2049 2052 6409 2032 2035 6410 2025 2036 6411 2041 2051 6412 2042 2053 6413 2032 2035 6414 2050 2054 6415 2033 2037 6416 2025 2036 6417 2043 2055 6418 2026 2038 6419 2033 2037 6420 2051 2056 6421 2034 2039 6422 2026 2038 6423 2044 2057 6424 2027 2040 6425 2051 2056 6426 2069 2058 6427 2052 2041 6428 2045 2042 6429 2061 2059 6430 2062 2060 6431 2038 2043 6432 2072 1943 6433 2055 2061 6434 2052 2041 6435 2070 2062 6436 2053 2044 6437 2046 2045 6438 2062 2060 6439 2063 2063 6440 2038 2043 6441 2056 2064 6442 2039 2046 6443 2053 2044 6444 2071 2065 6445 2054 2047 6446 2047 2048 6447 2063 2063 6448 2064 2066 6449 2039 2046 6450 2057 2067 6451 2040 2049 6452 2124 1955 6453 2054 2047 6454 2071 2065 6455 2048 2050 6456 2064 2066 6457 2065 2068 6458 2040 2049 6459 2058 2069 6460 2041 2051 6461 2049 2052 6462 2065 2068 6463 2066 2070 6464 2041 2051 6465 2059 2071 6466 2042 2053 6467 2050 2054 6468 2066 2070 6469 2067 2072 6470 2042 2053 6471 2060 2073 6472 2043 2055 6473 2051 2056 6474 2067 2072 6475 2068 2074 6476 2043 2055 6477 2061 2059 6478 2044 2057 6479 2069 2058 6480 2086 2075 6481 2087 2076 6482 2062 2060 6483 2079 2077 6484 2080 2078 6485 2055 2061 6486 2072 1943 6487 2073 2079 6488 2069 2058 6489 2088 2080 6490 2070 2062 6491 2063 2063 6492 2080 2078 6493 2081 2081 6494 2055 2061 6495 2074 2082 6496 2056 2064 6497 2070 2062 6498 2089 2083 6499 2071 2065 6500 2064 2066 6501 2081 2081 6502 2082 2084 6503 2056 2064 6504 2075 2085 6505 2057 2067 6506 2124 1955 6507 2071 2065 6508 2089 2083 6509 2065 2068 6510 2082 2084 6511 2083 2086 6512 2057 2067 6513 2076 2087 6514 2058 2069 6515 2066 2070 6516 2083 2086 6517 2084 2088 6518 2058 2069 6519 2077 2089 6520 2059 2071 6521 2067 2072 6522 2084 2088 6523 2085 2090 6524 2059 2071 6525 2078 2091 6526 2060 2073 6527 2068 2074 6528 2085 2090 6529 2086 2075 6530 2060 2073 6531 2079 2077 6532 2061 2059 6533 2087 2076 6534 2103 2092 6535 2104 2093 6536 2080 2078 6537 2096 2094 6538 2097 2095 6539 2073 2079 6540 2072 1943 6541 2090 2096 6542 2088 2080 6543 2104 2093 6544 2105 2097 6545 2081 2081 6546 2097 2095 6547 2098 2098 6548 2074 2082 6549 2090 2096 6550 2091 2099 6551 2089 2083 6552 2105 2097 6553 2106 2100 6554 2082 2084 6555 2098 2098 6556 2099 2101 6557 2074 2082 6558 2092 2102 6559 2075 2085 6560 2124 1955 6561 2089 2083 6562 2106 2100 6563 2083 2086 6564 2099 2101 6565 2100 2103 6566 2075 2085 6567 2093 2104 6568 2076 2087 6569 2084 2088 6570 2100 2103 6571 2101 2105 6572 2076 2087 6573 2094 2106 6574 2077 2089 6575 2085 2090 6576 2101 2105 6577 2102 2107 6578 2077 2089 6579 2095 2108 6580 2078 2091 6581 2086 2075 6582 2102 2107 6583 2103 2092 6584 2078 2091 6585 2096 2094 6586 2079 2077 6587 2104 2093 6588 2120 2109 6589 2121 2110 6590 2097 2095 6591 2113 2111 6592 2114 2112 6593 2090 2096 6594 2072 1943 6595 2107 2113 6596 2105 2097 6597 2121 2110 6598 2122 2114 6599 2097 2095 6600 2115 2115 6601 2098 2098 6602 2091 2099 6603 2107 2113 6604 2108 2116 6605 2106 2100 6606 2122 2114 6607 2123 2117 6608 2098 2098 6609 2116 2118 6610 2099 2101 6611 2091 2099 6612 2109 2119 6613 2092 2102 6614 2124 1955 6615 2106 2100 6616 2123 2117 6617 2099 2101 6618 2117 2120 6619 2100 2103 6620 2093 2104 6621 2109 2119 6622 2110 2121 6623 2101 2105 6624 2117 2120 6625 2118 2122 6626 2094 2106 6627 2110 2121 6628 2111 2123 6629 2102 2107 6630 2118 2122 6631 2119 2124 6632 2095 2108 6633 2111 2123 6634 2112 2125 6635 2103 2092 6636 2119 2124 6637 2120 2109 6638 2096 2094 6639 2112 2125 6640 2113 2111 6641 2121 2110 6642 2138 2126 6643 2139 2127 6644 2113 2111 6645 2132 2128 6646 2114 2112 6647 2107 2113 6648 2072 1943 6649 2125 2129 6650 2122 2114 6651 2139 2127 6652 2140 2130 6653 2114 2112 6654 2133 2131 6655 2115 2115 6656 2108 2116 6657 2125 2129 6658 2126 2132 6659 2123 2117 6660 2140 2130 6661 2141 2133 6662 2115 2115 6663 2134 2134 6664 2116 2118 6665 2109 2119 6666 2126 2132 6667 2127 2135 6668 2124 1955 6669 2123 2117 6670 2141 2133 6671 2116 2118 6672 2135 2136 6673 2117 2120 6674 2110 2121 6675 2127 2135 6676 2128 2137 6677 2117 2120 6678 2136 2138 6679 2118 2122 6680 2111 2123 6681 2128 2137 6682 2129 2139 6683 2119 2124 6684 2136 2138 6685 2137 2140 6686 2112 2125 6687 2129 2139 6688 2130 2141 6689 2120 2109 6690 2137 2140 6691 2138 2126 6692 2113 2111 6693 2130 2141 6694 2131 2142 6695 2139 2127 6696 2155 2143 6697 2156 2144 6698 2131 2142 6699 2149 2145 6700 2132 2128 6701 2125 2129 6702 2072 1943 6703 2142 2146 6704 2140 2130 6705 2156 2144 6706 2157 2147 6707 2132 2128 6708 2150 2148 6709 2133 2131 6710 2126 2132 6711 2142 2146 6712 2143 2149 6713 2141 2133 6714 2157 2147 6715 2158 2150 6716 2133 2131 6717 2151 2151 6718 2134 2134 6719 2127 2135 6720 2143 2149 6721 2144 2152 6722 2124 1955 6723 2141 2133 6724 2158 2150 6725 2134 2134 6726 2152 2153 6727 2135 2136 6728 2128 2137 6729 2144 2152 6730 2145 2154 6731 2136 2138 6732 2152 2153 6733 2153 2155 6734 2129 2139 6735 2145 2154 6736 2146 2156 6737 2137 2140 6738 2153 2155 6739 2154 2157 6740 2130 2141 6741 2146 2156 6742 2147 2158 6743 2138 2126 6744 2154 2157 6745 2155 2143 6746 2131 2142 6747 2147 2158 6748 2148 2159 6749 2156 2144 6750 1932 1934 6751 1933 1938 6752 2148 2159 6753 2159 1940 6754 2149 2145 6755 2142 2146 6756 2072 1943 6757 1920 1942 6758 2157 2147 6759 1933 1938 6760 1934 1945 6761 2149 2145 6762 1927 1947 6763 2150 2148 6764 2143 2149 6765 1920 1942 6766 1921 1949 6767 2158 2150 6768 1934 1945 6769 1935 1951 6770 2150 2148 6771 1928 1953 6772 2151 2151 6773 2144 2152 6774 1921 1949 6775 1922 1923 6776 2124 1955 6777 2158 2150 6778 1935 1951 6779 2152 2153 6780 1928 1953 6781 1929 1920 6782 2145 2154 6783 1922 1923 6784 1923 1925 6785 2153 2155 6786 1929 1920 6787 1930 1926 6788 2146 2156 6789 1923 1925 6790 1924 1929 6791 2154 2157 6792 1930 1926 6793 1931 1930 6794 2147 2158 6795 1924 1929 6796 1925 1933 6797 2155 2143 6798 1931 1930 6799 1932 1934 6800 2148 2159 6801 1925 1933 6802 1926 1936 6803 2168 2160 6804 2186 2161 6805 2169 2162 6806 2163 2163 6807 2178 2164 6808 2179 2165 6809 2169 2162 6810 2187 2166 6811 2170 2167 6812 2164 2168 6813 2179 2165 6814 2180 2169 6815 2170 2167 6816 2188 2170 6817 2171 2171 6818 2165 2172 6819 2180 2169 6820 2181 2173 6821 2171 2171 6822 2189 2174 6823 2172 2175 6824 2166 2176 6825 2181 2173 6826 2182 2177 6827 2172 2175 6828 2190 2178 6829 2173 2179 6830 2166 2176 6831 2183 2180 6832 2399 2181 6833 2160 2182 6834 2312 2183 6835 2176 2184 6836 2174 2185 6837 2190 2178 6838 2191 2186 6839 2399 2181 6840 2184 2187 6841 2167 2188 6842 2161 2189 6843 2176 2184 6844 2177 2190 6845 2175 2191 6846 2191 2186 6847 2192 2192 6848 2167 2188 6849 2185 2193 6850 2168 2160 6851 2162 2194 6852 2177 2190 6853 2178 2164 6854 2364 2195 6855 2175 2191 6856 2192 2192 6857 2189 2174 6858 2207 2196 6859 2190 2178 6860 2182 2177 6861 2200 2197 6862 2183 2180 6863 2176 2184 6864 2312 2183 6865 2193 2198 6866 2190 2178 6867 2208 2199 6868 2191 2186 6869 2183 2180 6870 2201 2200 6871 2184 2187 6872 2177 2190 6873 2193 2198 6874 2194 2201 6875 2191 2186 6876 2209 2202 6877 2192 2192 6878 2184 2187 6879 2202 2203 6880 2185 2193 6881 2178 2164 6882 2194 2201 6883 2195 2204 6884 2364 2195 6885 2192 2192 6886 2209 2202 6887 2185 2193 6888 2203 2205 6889 2186 2161 6890 2179 2165 6891 2195 2204 6892 2196 2206 6893 2186 2161 6894 2204 2207 6895 2187 2166 6896 2180 2169 6897 2196 2206 6898 2197 2208 6899 2187 2166 6900 2205 2209 6901 2188 2170 6902 2181 2173 6903 2197 2208 6904 2198 2210 6905 2188 2170 6906 2206 2211 6907 2189 2174 6908 2182 2177 6909 2198 2210 6910 2199 2212 6911 2206 2211 6912 2224 2213 6913 2207 2196 6914 2200 2197 6915 2216 2214 6916 2217 2215 6917 2193 2198 6918 2312 2183 6919 2210 2216 6920 2207 2196 6921 2225 2217 6922 2208 2199 6923 2201 2200 6924 2217 2215 6925 2218 2218 6926 2194 2201 6927 2210 2216 6928 2211 2219 6929 2208 2199 6930 2226 2220 6931 2209 2202 6932 2202 2203 6933 2218 2218 6934 2219 2221 6935 2195 2204 6936 2211 2219 6937 2212 2222 6938 2364 2195 6939 2209 2202 6940 2226 2220 6941 2202 2203 6942 2220 2223 6943 2203 2205 6944 2196 2206 6945 2212 2222 6946 2213 2224 6947 2203 2205 6948 2221 2225 6949 2204 2207 6950 2197 2208 6951 2213 2224 6952 2214 2226 6953 2204 2207 6954 2222 2227 6955 2205 2209 6956 2198 2210 6957 2214 2226 6958 2215 2228 6959 2205 2209 6960 2223 2229 6961 2206 2211 6962 2199 2212 6963 2215 2228 6964 2216 2214 6965 2223 2229 6966 2241 2230 6967 2224 2213 6968 2217 2215 6969 2233 2231 6970 2234 2232 6971 2210 2216 6972 2312 2183 6973 2227 2233 6974 2224 2213 6975 2242 2234 6976 2225 2217 6977 2218 2218 6978 2234 2232 6979 2235 2235 6980 2210 2216 6981 2228 2236 6982 2211 2219 6983 2225 2217 6984 2243 2237 6985 2226 2220 6986 2219 2221 6987 2235 2235 6988 2236 2238 6989 2212 2222 6990 2228 2236 6991 2229 2239 6992 2364 2195 6993 2226 2220 6994 2243 2237 6995 2220 2223 6996 2236 2238 6997 2237 2240 6998 2212 2222 6999 2230 2241 7000 2213 2224 7001 2220 2223 7002 2238 2242 7003 2221 2225 7004 2213 2224 7005 2231 2243 7006 2214 2226 7007 2221 2225 7008 2239 2244 7009 2222 2227 7010 2214 2226 7011 2232 2245 7012 2215 2228 7013 2222 2227 7014 2240 2246 7015 2223 2229 7016 2216 2214 7017 2232 2245 7018 2233 2231 7019 2241 2230 7020 2257 2247 7021 2258 2248 7022 2234 2232 7023 2250 2249 7024 2251 2250 7025 2227 2233 7026 2312 2183 7027 2244 2251 7028 2242 2234 7029 2258 2248 7030 2259 2252 7031 2235 2235 7032 2251 2250 7033 2252 2253 7034 2227 2233 7035 2245 2254 7036 2228 2236 7037 2243 2237 7038 2259 2252 7039 2260 2255 7040 2236 2238 7041 2252 2253 7042 2253 2256 7043 2228 2236 7044 2246 2257 7045 2229 2239 7046 2364 2195 7047 2243 2237 7048 2260 2255 7049 2237 2240 7050 2253 2256 7051 2254 2258 7052 2229 2239 7053 2247 2259 7054 2230 2241 7055 2238 2242 7056 2254 2258 7057 2255 2260 7058 2230 2241 7059 2248 2261 7060 2231 2243 7061 2239 2244 7062 2255 2260 7063 2256 2262 7064 2231 2243 7065 2249 2263 7066 2232 2245 7067 2240 2246 7068 2256 2262 7069 2257 2247 7070 2233 2231 7071 2249 2263 7072 2250 2249 7073 2258 2248 7074 2274 2264 7075 2275 2265 7076 2250 2249 7077 2268 2266 7078 2251 2250 7079 2244 2251 7080 2312 2183 7081 2261 2267 7082 2259 2252 7083 2275 2265 7084 2276 2268 7085 2251 2250 7086 2269 2269 7087 2252 2253 7088 2244 2251 7089 2262 2270 7090 2245 2254 7091 2260 2255 7092 2276 2268 7093 2277 2271 7094 2252 2253 7095 2270 2272 7096 2253 2256 7097 2245 2254 7098 2263 2273 7099 2246 2257 7100 2364 2195 7101 2260 2255 7102 2277 2271 7103 2254 2258 7104 2270 2272 7105 2271 2274 7106 2247 2259 7107 2263 2273 7108 2264 2275 7109 2255 2260 7110 2271 2274 7111 2272 2276 7112 2248 2261 7113 2264 2275 7114 2265 2277 7115 2256 2262 7116 2272 2276 7117 2273 2278 7118 2248 2261 7119 2266 2279 7120 2249 2263 7121 2257 2247 7122 2273 2278 7123 2274 2264 7124 2249 2263 7125 2267 2280 7126 2250 2249 7127 2274 2264 7128 2292 2281 7129 2275 2265 7130 2267 2280 7131 2285 2282 7132 2268 2266 7133 2261 2267 7134 2312 2183 7135 2278 2283 7136 2275 2265 7137 2293 2284 7138 2276 2268 7139 2268 2266 7140 2286 2285 7141 2269 2269 7142 2261 2267 7143 2279 2286 7144 2262 2270 7145 2276 2268 7146 2294 2287 7147 2277 2271 7148 2269 2269 7149 2287 2288 7150 2270 2272 7151 2262 2270 7152 2280 2289 7153 2263 2273 7154 2364 2195 7155 2277 2271 7156 2294 2287 7157 2271 2274 7158 2287 2288 7159 2288 2290 7160 2264 2275 7161 2280 2289 7162 2281 2291 7163 2272 2276 7164 2288 2290 7165 2289 2292 7166 2264 2275 7167 2282 2293 7168 2265 2277 7169 2273 2278 7170 2289 2292 7171 2290 2294 7172 2265 2277 7173 2283 2295 7174 2266 2279 7175 2273 2278 7176 2291 2296 7177 2274 2264 7178 2266 2279 7179 2284 2297 7180 2267 2280 7181 2291 2296 7182 2309 2298 7183 2292 2281 7184 2284 2297 7185 2302 2299 7186 2285 2282 7187 2278 2283 7188 2312 2183 7189 2295 2300 7190 2292 2281 7191 2310 2301 7192 2293 2284 7193 2285 2282 7194 2303 2302 7195 2286 2285 7196 2279 2286 7197 2295 2300 7198 2296 2303 7199 2293 2284 7200 2311 2304 7201 2294 2287 7202 2286 2285 7203 2304 2305 7204 2287 2288 7205 2280 2289 7206 2296 2303 7207 2297 2306 7208 2364 2195 7209 2294 2287 7210 2311 2304 7211 2287 2288 7212 2305 2307 7213 2288 2290 7214 2281 2291 7215 2297 2306 7216 2298 2308 7217 2288 2290 7218 2306 2309 7219 2289 2292 7220 2282 2293 7221 2298 2308 7222 2299 2310 7223 2289 2292 7224 2307 2311 7225 2290 2294 7226 2283 2295 7227 2299 2310 7228 2300 2312 7229 2290 2294 7230 2308 2313 7231 2291 2296 7232 2283 2295 7233 2301 2314 7234 2284 2297 7235 2308 2313 7236 2327 2315 7237 2309 2298 7238 2301 2314 7239 2320 2316 7240 2302 2299 7241 2295 2300 7242 2312 2183 7243 2313 2317 7244 2309 2298 7245 2328 2318 7246 2310 2301 7247 2302 2299 7248 2321 2319 7249 2303 2302 7250 2296 2303 7251 2313 2317 7252 2314 2320 7253 2310 2301 7254 2329 2321 7255 2311 2304 7256 2303 2302 7257 2322 2322 7258 2304 2305 7259 2297 2306 7260 2314 2320 7261 2315 2323 7262 2364 2195 7263 2311 2304 7264 2329 2321 7265 2304 2305 7266 2323 2324 7267 2305 2307 7268 2298 2308 7269 2315 2323 7270 2316 2325 7271 2305 2307 7272 2324 2326 7273 2306 2309 7274 2299 2310 7275 2316 2325 7276 2317 2327 7277 2306 2309 7278 2325 2328 7279 2307 2311 7280 2300 2312 7281 2317 2327 7282 2318 2329 7283 2307 2311 7284 2326 2330 7285 2308 2313 7286 2300 2312 7287 2319 2331 7288 2301 2314 7289 2326 2330 7290 2344 2332 7291 2327 2315 7292 2319 2331 7293 2337 2333 7294 2320 2316 7295 2313 2317 7296 2312 2183 7297 2330 2334 7298 2327 2315 7299 2345 2335 7300 2328 2318 7301 2320 2316 7302 2338 2336 7303 2321 2319 7304 2314 2320 7305 2330 2334 7306 2331 2337 7307 2328 2318 7308 2346 2338 7309 2329 2321 7310 2321 2319 7311 2339 2339 7312 2322 2322 7313 2315 2323 7314 2331 2337 7315 2332 2340 7316 2364 2195 7317 2329 2321 7318 2346 2338 7319 2322 2322 7320 2340 2341 7321 2323 2324 7322 2316 2325 7323 2332 2340 7324 2333 2342 7325 2323 2324 7326 2341 2343 7327 2324 2326 7328 2317 2327 7329 2333 2342 7330 2334 2344 7331 2324 2326 7332 2342 2345 7333 2325 2328 7334 2318 2329 7335 2334 2344 7336 2335 2346 7337 2325 2328 7338 2343 2347 7339 2326 2330 7340 2318 2329 7341 2336 2348 7342 2319 2331 7343 2344 2332 7344 2360 2349 7345 2361 2350 7346 2336 2348 7347 2354 2351 7348 2337 2333 7349 2330 2334 7350 2312 2183 7351 2347 2352 7352 2345 2335 7353 2361 2350 7354 2362 2353 7355 2338 2336 7356 2354 2351 7357 2355 2354 7358 2331 2337 7359 2347 2352 7360 2348 2355 7361 2346 2338 7362 2362 2353 7363 2363 2356 7364 2338 2336 7365 2356 2357 7366 2339 2339 7367 2332 2340 7368 2348 2355 7369 2349 2358 7370 2364 2195 7371 2346 2338 7372 2363 2356 7373 2339 2339 7374 2357 2359 7375 2340 2341 7376 2332 2340 7377 2350 2360 7378 2333 2342 7379 2341 2343 7380 2357 2359 7381 2358 2361 7382 2333 2342 7383 2351 2362 7384 2334 2344 7385 2342 2345 7386 2358 2361 7387 2359 2363 7388 2334 2344 7389 2352 2364 7390 2335 2346 7391 2343 2347 7392 2359 2363 7393 2360 2349 7394 2335 2346 7395 2353 2365 7396 2336 2348 7397 2361 2350 7398 2378 2366 7399 2379 2367 7400 2354 2351 7401 2371 2368 7402 2372 2369 7403 2347 2352 7404 2312 2183 7405 2365 2370 7406 2362 2353 7407 2379 2367 7408 2380 2371 7409 2355 2354 7410 2372 2369 7411 2373 2372 7412 2347 2352 7413 2366 2373 7414 2348 2355 7415 2363 2356 7416 2380 2371 7417 2381 2374 7418 2356 2357 7419 2373 2372 7420 2374 2375 7421 2348 2355 7422 2367 2376 7423 2349 2358 7424 2364 2195 7425 2363 2356 7426 2381 2374 7427 2357 2359 7428 2374 2375 7429 2375 2377 7430 2349 2358 7431 2368 2378 7432 2350 2360 7433 2358 2361 7434 2375 2377 7435 2376 2379 7436 2350 2360 7437 2369 2380 7438 2351 2362 7439 2359 2363 7440 2376 2379 7441 2377 2381 7442 2351 2362 7443 2370 2382 7444 2352 2364 7445 2360 2349 7446 2377 2381 7447 2378 2366 7448 2353 2365 7449 2370 2382 7450 2371 2368 7451 2379 2367 7452 2395 2383 7453 2396 2384 7454 2372 2369 7455 2388 2385 7456 2389 2386 7457 2365 2370 7458 2312 2183 7459 2382 2387 7460 2380 2371 7461 2396 2384 7462 2397 2388 7463 2373 2372 7464 2389 2386 7465 2390 2389 7466 2365 2370 7467 2383 2390 7468 2366 2373 7469 2381 2374 7470 2397 2388 7471 2398 2391 7472 2374 2375 7473 2390 2389 7474 2391 2392 7475 2366 2373 7476 2384 2393 7477 2367 2376 7478 2364 2195 7479 2381 2374 7480 2398 2391 7481 2375 2377 7482 2391 2392 7483 2392 2394 7484 2367 2376 7485 2385 2395 7486 2368 2378 7487 2376 2379 7488 2392 2394 7489 2393 2396 7490 2368 2378 7491 2386 2397 7492 2369 2380 7493 2377 2381 7494 2393 2396 7495 2394 2398 7496 2369 2380 7497 2387 2399 7498 2370 2382 7499 2378 2366 7500 2394 2398 7501 2395 2383 7502 2371 2368 7503 2387 2399 7504 2388 2385 7505 2396 2384 7506 2172 2175 7507 2173 2179 7508 2389 2386 7509 2166 2176 7510 2399 2181 7511 2382 2387 7512 2312 2183 7513 2160 2182 7514 2397 2388 7515 2173 2179 7516 2174 2185 7517 2390 2389 7518 2399 2181 7519 2167 2188 7520 2383 2390 7521 2160 2182 7522 2161 2189 7523 2398 2391 7524 2174 2185 7525 2175 2191 7526 2391 2392 7527 2167 2188 7528 2168 2160 7529 2383 2390 7530 2162 2194 7531 2384 2393 7532 2364 2195 7533 2398 2391 7534 2175 2191 7535 2392 2394 7536 2168 2160 7537 2169 2162 7538 2384 2393 7539 2163 2163 7540 2385 2395 7541 2393 2396 7542 2169 2162 7543 2170 2167 7544 2385 2395 7545 2164 2168 7546 2386 2397 7547 2394 2398 7548 2170 2167 7549 2171 2171 7550 2386 2397 7551 2165 2172 7552 2387 2399 7553 2395 2383 7554 2171 2171 7555 2172 2175 7556 2388 2385 7557 2165 2172 7558 2166 2176 7559 2408 2400 7560 2426 2401 7561 2409 2402 7562 2403 2403 7563 2418 2404 7564 2419 2405 7565 2410 2406 7566 2426 2401 7567 2427 2407 7568 2404 2408 7569 2419 2405 7570 2420 2409 7571 2410 2406 7572 2428 2410 7573 2411 2411 7574 2405 2412 7575 2420 2409 7576 2421 2413 7577 2411 2411 7578 2429 2414 7579 2412 2415 7580 2406 2416 7581 2421 2413 7582 2422 2417 7583 2412 2415 7584 2430 2418 7585 2413 2419 7586 2406 2416 7587 2423 2420 7588 2639 2421 7589 2400 2422 7590 2552 2423 7591 2416 2424 7592 2414 2425 7593 2430 2418 7594 2431 2426 7595 2639 2421 7596 2424 2427 7597 2407 2428 7598 2401 2429 7599 2416 2424 7600 2417 2430 7601 2415 2431 7602 2431 2426 7603 2432 2432 7604 2407 2428 7605 2425 2433 7606 2408 2400 7607 2402 2434 7608 2417 2430 7609 2418 2404 7610 2604 2435 7611 2415 2431 7612 2432 2432 7613 2429 2414 7614 2447 2436 7615 2430 2418 7616 2422 2417 7617 2440 2437 7618 2423 2420 7619 2416 2424 7620 2552 2423 7621 2433 2438 7622 2430 2418 7623 2448 2439 7624 2431 2426 7625 2423 2420 7626 2441 2440 7627 2424 2427 7628 2417 2430 7629 2433 2438 7630 2434 2441 7631 2432 2432 7632 2448 2439 7633 2449 2442 7634 2424 2427 7635 2442 2443 7636 2425 2433 7637 2418 2404 7638 2434 2441 7639 2435 2444 7640 2604 2435 7641 2432 2432 7642 2449 2442 7643 2425 2433 7644 2443 2445 7645 2426 2401 7646 2419 2405 7647 2435 2444 7648 2436 2446 7649 2426 2401 7650 2444 2447 7651 2427 2407 7652 2420 2409 7653 2436 2446 7654 2437 2448 7655 2427 2407 7656 2445 2449 7657 2428 2410 7658 2421 2413 7659 2437 2448 7660 2438 2450 7661 2428 2410 7662 2446 2451 7663 2429 2414 7664 2422 2417 7665 2438 2450 7666 2439 2452 7667 2446 2451 7668 2464 2453 7669 2447 2436 7670 2440 2437 7671 2456 2454 7672 2457 2455 7673 2433 2438 7674 2552 2423 7675 2450 2456 7676 2447 2436 7677 2465 2457 7678 2448 2439 7679 2441 2440 7680 2457 2455 7681 2458 2458 7682 2434 2441 7683 2450 2456 7684 2451 2459 7685 2448 2439 7686 2466 2460 7687 2449 2442 7688 2442 2443 7689 2458 2458 7690 2459 2461 7691 2435 2444 7692 2451 2459 7693 2452 2462 7694 2604 2435 7695 2449 2442 7696 2466 2460 7697 2442 2443 7698 2460 2463 7699 2443 2445 7700 2436 2446 7701 2452 2462 7702 2453 2464 7703 2443 2445 7704 2461 2465 7705 2444 2447 7706 2437 2448 7707 2453 2464 7708 2454 2466 7709 2444 2447 7710 2462 2467 7711 2445 2449 7712 2438 2450 7713 2454 2466 7714 2455 2468 7715 2445 2449 7716 2463 2469 7717 2446 2451 7718 2439 2452 7719 2455 2468 7720 2456 2454 7721 2463 2469 7722 2481 2470 7723 2464 2453 7724 2457 2455 7725 2473 2471 7726 2474 2472 7727 2450 2456 7728 2552 2423 7729 2467 2473 7730 2464 2453 7731 2482 2474 7732 2465 2457 7733 2458 2458 7734 2474 2472 7735 2475 2475 7736 2450 2456 7737 2468 2476 7738 2451 2459 7739 2465 2457 7740 2483 2477 7741 2466 2460 7742 2459 2461 7743 2475 2475 7744 2476 2478 7745 2451 2459 7746 2469 2479 7747 2452 2462 7748 2604 2435 7749 2466 2460 7750 2483 2477 7751 2460 2463 7752 2476 2478 7753 2477 2480 7754 2452 2462 7755 2470 2481 7756 2453 2464 7757 2460 2463 7758 2478 2482 7759 2461 2465 7760 2453 2464 7761 2471 2483 7762 2454 2466 7763 2461 2465 7764 2479 2484 7765 2462 2467 7766 2455 2468 7767 2471 2483 7768 2472 2485 7769 2462 2467 7770 2480 2486 7771 2463 2469 7772 2456 2454 7773 2472 2485 7774 2473 2471 7775 2481 2470 7776 2497 2487 7777 2498 2488 7778 2474 2472 7779 2490 2489 7780 2491 2490 7781 2467 2473 7782 2552 2423 7783 2484 2491 7784 2482 2474 7785 2498 2488 7786 2499 2492 7787 2475 2475 7788 2491 2490 7789 2492 2493 7790 2467 2473 7791 2485 2494 7792 2468 2476 7793 2483 2477 7794 2499 2492 7795 2500 2495 7796 2476 2478 7797 2492 2493 7798 2493 2496 7799 2468 2476 7800 2486 2497 7801 2469 2479 7802 2604 2435 7803 2483 2477 7804 2500 2495 7805 2477 2480 7806 2493 2496 7807 2494 2498 7808 2469 2479 7809 2487 2499 7810 2470 2481 7811 2478 2482 7812 2494 2498 7813 2495 2500 7814 2470 2481 7815 2488 2501 7816 2471 2483 7817 2479 2484 7818 2495 2500 7819 2496 2502 7820 2471 2483 7821 2489 2503 7822 2472 2485 7823 2480 2486 7824 2496 2502 7825 2497 2487 7826 2473 2471 7827 2489 2503 7828 2490 2489 7829 2497 2487 7830 2515 2504 7831 2498 2488 7832 2490 2489 7833 2508 2505 7834 2491 2490 7835 2484 2491 7836 2552 2423 7837 2501 2506 7838 2499 2492 7839 2515 2504 7840 2516 2507 7841 2491 2490 7842 2509 2508 7843 2492 2493 7844 2484 2491 7845 2502 2509 7846 2485 2494 7847 2500 2495 7848 2516 2507 7849 2517 2510 7850 2492 2493 7851 2510 2511 7852 2493 2496 7853 2485 2494 7854 2503 2512 7855 2486 2497 7856 2604 2435 7857 2500 2495 7858 2517 2510 7859 2493 2496 7860 2511 2513 7861 2494 2498 7862 2487 2499 7863 2503 2512 7864 2504 2514 7865 2495 2500 7866 2511 2513 7867 2512 2515 7868 2488 2501 7869 2504 2514 7870 2505 2516 7871 2496 2502 7872 2512 2515 7873 2513 2517 7874 2488 2501 7875 2506 2518 7876 2489 2503 7877 2496 2502 7878 2514 2519 7879 2497 2487 7880 2489 2503 7881 2507 2520 7882 2490 2489 7883 2514 2519 7884 2532 2521 7885 2515 2504 7886 2507 2520 7887 2525 2522 7888 2508 2505 7889 2501 2506 7890 2552 2423 7891 2518 2523 7892 2515 2504 7893 2533 2524 7894 2516 2507 7895 2508 2505 7896 2526 2525 7897 2509 2508 7898 2501 2506 7899 2519 2526 7900 2502 2509 7901 2516 2507 7902 2534 2527 7903 2517 2510 7904 2509 2508 7905 2527 2528 7906 2510 2511 7907 2502 2509 7908 2520 2529 7909 2503 2512 7910 2604 2435 7911 2517 2510 7912 2534 2527 7913 2510 2511 7914 2528 2530 7915 2511 2513 7916 2504 2514 7917 2520 2529 7918 2521 2531 7919 2512 2515 7920 2528 2530 7921 2529 2532 7922 2504 2514 7923 2522 2533 7924 2505 2516 7925 2513 2517 7926 2529 2532 7927 2530 2534 7928 2505 2516 7929 2523 2535 7930 2506 2518 7931 2513 2517 7932 2531 2536 7933 2514 2519 7934 2506 2518 7935 2524 2537 7936 2507 2520 7937 2531 2536 7938 2549 2538 7939 2532 2521 7940 2524 2537 7941 2542 2539 7942 2525 2522 7943 2518 2523 7944 2552 2423 7945 2535 2540 7946 2532 2521 7947 2550 2541 7948 2533 2524 7949 2525 2522 7950 2543 2542 7951 2526 2525 7952 2519 2526 7953 2535 2540 7954 2536 2543 7955 2533 2524 7956 2551 2544 7957 2534 2527 7958 2526 2525 7959 2544 2545 7960 2527 2528 7961 2520 2529 7962 2536 2543 7963 2537 2546 7964 2604 2435 7965 2534 2527 7966 2551 2544 7967 2528 2530 7968 2544 2545 7969 2545 2547 7970 2521 2531 7971 2537 2546 7972 2538 2548 7973 2528 2530 7974 2546 2549 7975 2529 2532 7976 2522 2533 7977 2538 2548 7978 2539 2550 7979 2529 2532 7980 2547 2551 7981 2530 2534 7982 2522 2533 7983 2540 2552 7984 2523 2535 7985 2530 2534 7986 2548 2553 7987 2531 2536 7988 2523 2535 7989 2541 2554 7990 2524 2537 7991 2548 2553 7992 2567 2555 7993 2549 2538 7994 2541 2554 7995 2560 2556 7996 2542 2539 7997 2535 2540 7998 2552 2423 7999 2553 2557 8000 2549 2538 8001 2568 2558 8002 2550 2541 8003 2542 2539 8004 2561 2559 8005 2543 2542 8006 2536 2543 8007 2553 2557 8008 2554 2560 8009 2550 2541 8010 2569 2561 8011 2551 2544 8012 2543 2542 8013 2562 2562 8014 2544 2545 8015 2537 2546 8016 2554 2560 8017 2555 2563 8018 2604 2435 8019 2551 2544 8020 2569 2561 8021 2544 2545 8022 2563 2564 8023 2545 2547 8024 2538 2548 8025 2555 2563 8026 2556 2565 8027 2545 2547 8028 2564 2566 8029 2546 2549 8030 2539 2550 8031 2556 2565 8032 2557 2567 8033 2546 2549 8034 2565 2568 8035 2547 2551 8036 2540 2552 8037 2557 2567 8038 2558 2569 8039 2547 2551 8040 2566 2570 8041 2548 2553 8042 2540 2552 8043 2559 2571 8044 2541 2554 8045 2566 2570 8046 2584 2572 8047 2567 2555 8048 2559 2571 8049 2577 2573 8050 2560 2556 8051 2553 2557 8052 2552 2423 8053 2570 2574 8054 2567 2555 8055 2585 2575 8056 2568 2558 8057 2560 2556 8058 2578 2576 8059 2561 2559 8060 2554 2560 8061 2570 2574 8062 2571 2577 8063 2568 2558 8064 2586 2578 8065 2569 2561 8066 2561 2559 8067 2579 2579 8068 2562 2562 8069 2555 2563 8070 2571 2577 8071 2572 2580 8072 2604 2435 8073 2569 2561 8074 2586 2578 8075 2562 2562 8076 2580 2581 8077 2563 2564 8078 2556 2565 8079 2572 2580 8080 2573 2582 8081 2563 2564 8082 2581 2583 8083 2564 2566 8084 2557 2567 8085 2573 2582 8086 2574 2584 8087 2564 2566 8088 2582 2585 8089 2565 2568 8090 2558 2569 8091 2574 2584 8092 2575 2586 8093 2565 2568 8094 2583 2587 8095 2566 2570 8096 2558 2569 8097 2576 2588 8098 2559 2571 8099 2584 2572 8100 2600 2589 8101 2601 2590 8102 2576 2588 8103 2594 2591 8104 2577 2573 8105 2570 2574 8106 2552 2423 8107 2587 2592 8108 2585 2575 8109 2601 2590 8110 2602 2593 8111 2577 2573 8112 2595 2594 8113 2578 2576 8114 2571 2577 8115 2587 2592 8116 2588 2595 8117 2586 2578 8118 2602 2593 8119 2603 2596 8120 2578 2576 8121 2596 2597 8122 2579 2579 8123 2571 2577 8124 2589 2598 8125 2572 2580 8126 2604 2435 8127 2586 2578 8128 2603 2596 8129 2579 2579 8130 2597 2599 8131 2580 2581 8132 2573 2582 8133 2589 2598 8134 2590 2600 8135 2580 2581 8136 2598 2601 8137 2581 2583 8138 2574 2584 8139 2590 2600 8140 2591 2602 8141 2582 2585 8142 2598 2601 8143 2599 2603 8144 2575 2586 8145 2591 2602 8146 2592 2604 8147 2583 2587 8148 2599 2603 8149 2600 2589 8150 2575 2586 8151 2593 2605 8152 2576 2588 8153 2601 2590 8154 2618 2606 8155 2619 2607 8156 2594 2591 8157 2611 2608 8158 2612 2609 8159 2587 2592 8160 2552 2423 8161 2605 2610 8162 2602 2593 8163 2619 2607 8164 2620 2611 8165 2595 2594 8166 2612 2609 8167 2613 2612 8168 2588 2595 8169 2605 2610 8170 2606 2613 8171 2603 2596 8172 2620 2611 8173 2621 2614 8174 2596 2597 8175 2613 2612 8176 2614 2615 8177 2588 2595 8178 2607 2616 8179 2589 2598 8180 2604 2435 8181 2603 2596 8182 2621 2614 8183 2597 2599 8184 2614 2615 8185 2615 2617 8186 2589 2598 8187 2608 2618 8188 2590 2600 8189 2598 2601 8190 2615 2617 8191 2616 2619 8192 2590 2600 8193 2609 2620 8194 2591 2602 8195 2599 2603 8196 2616 2619 8197 2617 2621 8198 2591 2602 8199 2610 2622 8200 2592 2604 8201 2600 2589 8202 2617 2621 8203 2618 2606 8204 2593 2605 8205 2610 2622 8206 2611 2608 8207 2619 2607 8208 2635 2623 8209 2636 2624 8210 2612 2609 8211 2628 2625 8212 2629 2626 8213 2605 2610 8214 2552 2423 8215 2622 2627 8216 2620 2611 8217 2636 2624 8218 2637 2628 8219 2613 2612 8220 2629 2626 8221 2630 2629 8222 2606 2613 8223 2622 2627 8224 2623 2630 8225 2621 2614 8226 2637 2628 8227 2638 2631 8228 2614 2615 8229 2630 2629 8230 2631 2632 8231 2606 2613 8232 2624 2633 8233 2607 2616 8234 2604 2435 8235 2621 2614 8236 2638 2631 8237 2615 2617 8238 2631 2632 8239 2632 2634 8240 2607 2616 8241 2625 2635 8242 2608 2618 8243 2616 2619 8244 2632 2634 8245 2633 2636 8246 2608 2618 8247 2626 2637 8248 2609 2620 8249 2617 2621 8250 2633 2636 8251 2634 2638 8252 2609 2620 8253 2627 2639 8254 2610 2622 8255 2618 2606 8256 2634 2638 8257 2635 2623 8258 2611 2608 8259 2627 2639 8260 2628 2625 8261 2636 2624 8262 2412 2415 8263 2413 2419 8264 2629 2626 8265 2406 2416 8266 2639 2421 8267 2622 2627 8268 2552 2423 8269 2400 2422 8270 2637 2628 8271 2413 2419 8272 2414 2425 8273 2630 2629 8274 2639 2421 8275 2407 2428 8276 2623 2630 8277 2400 2422 8278 2401 2429 8279 2638 2631 8280 2414 2425 8281 2415 2431 8282 2631 2632 8283 2407 2428 8284 2408 2400 8285 2623 2630 8286 2402 2434 8287 2624 2633 8288 2604 2435 8289 2638 2631 8290 2415 2431 8291 2632 2634 8292 2408 2400 8293 2409 2402 8294 2624 2633 8295 2403 2403 8296 2625 2635 8297 2633 2636 8298 2409 2402 8299 2410 2406 8300 2625 2635 8301 2404 2408 8302 2626 2637 8303 2634 2638 8304 2410 2406 8305 2411 2411 8306 2627 2639 8307 2404 2408 8308 2405 2412 8309 2635 2623 8310 2411 2411 8311 2412 2415 8312 2628 2625 8313 2405 2412 8314 2406 2416 8315 2648 2640 8316 2666 2641 8317 2649 2642 8318 2643 2643 8319 2658 2644 8320 2659 2645 8321 2649 2642 8322 2667 2646 8323 2650 2647 8324 2644 2648 8325 2659 2645 8326 2660 2649 8327 2650 2647 8328 2668 2650 8329 2651 2651 8330 2645 2652 8331 2660 2649 8332 2661 2653 8333 2651 2651 8334 2669 2654 8335 2652 2655 8336 2646 2656 8337 2661 2653 8338 2662 2657 8339 2652 2655 8340 2670 2658 8341 2653 2659 8342 2646 2656 8343 2663 2660 8344 2879 2661 8345 2640 2662 8346 2792 2663 8347 2656 2664 8348 2653 2659 8349 2671 2665 8350 2654 2666 8351 2879 2661 8352 2664 2667 8353 2647 2668 8354 2641 2669 8355 2656 2664 8356 2657 2670 8357 2655 2671 8358 2671 2665 8359 2672 2672 8360 2647 2668 8361 2665 2673 8362 2648 2640 8363 2642 2674 8364 2657 2670 8365 2658 2644 8366 2844 2675 8367 2655 2671 8368 2672 2672 8369 2669 2654 8370 2687 2676 8371 2670 2658 8372 2662 2657 8373 2680 2677 8374 2663 2660 8375 2656 2664 8376 2792 2663 8377 2673 2678 8378 2670 2658 8379 2688 2679 8380 2671 2665 8381 2663 2660 8382 2681 2680 8383 2664 2667 8384 2657 2670 8385 2673 2678 8386 2674 2681 8387 2671 2665 8388 2689 2682 8389 2672 2672 8390 2664 2667 8391 2682 2683 8392 2665 2673 8393 2658 2644 8394 2674 2681 8395 2675 2684 8396 2844 2675 8397 2672 2672 8398 2689 2682 8399 2665 2673 8400 2683 2685 8401 2666 2641 8402 2659 2645 8403 2675 2684 8404 2676 2686 8405 2666 2641 8406 2684 2687 8407 2667 2646 8408 2660 2649 8409 2676 2686 8410 2677 2688 8411 2667 2646 8412 2685 2689 8413 2668 2650 8414 2661 2653 8415 2677 2688 8416 2678 2690 8417 2668 2650 8418 2686 2691 8419 2669 2654 8420 2662 2657 8421 2678 2690 8422 2679 2692 8423 2686 2691 8424 2704 2693 8425 2687 2676 8426 2680 2677 8427 2696 2694 8428 2697 2695 8429 2673 2678 8430 2792 2663 8431 2690 2696 8432 2687 2676 8433 2705 2697 8434 2688 2679 8435 2681 2680 8436 2697 2695 8437 2698 2698 8438 2674 2681 8439 2690 2696 8440 2691 2699 8441 2688 2679 8442 2706 2700 8443 2689 2682 8444 2681 2680 8445 2699 2701 8446 2682 2683 8447 2675 2684 8448 2691 2699 8449 2692 2702 8450 2844 2675 8451 2689 2682 8452 2706 2700 8453 2682 2683 8454 2700 2703 8455 2683 2685 8456 2676 2686 8457 2692 2702 8458 2693 2704 8459 2683 2685 8460 2701 2705 8461 2684 2687 8462 2677 2688 8463 2693 2704 8464 2694 2706 8465 2684 2687 8466 2702 2707 8467 2685 2689 8468 2678 2690 8469 2694 2706 8470 2695 2708 8471 2685 2689 8472 2703 2709 8473 2686 2691 8474 2679 2692 8475 2695 2708 8476 2696 2694 8477 2703 2709 8478 2721 2710 8479 2704 2693 8480 2697 2695 8481 2713 2711 8482 2714 2712 8483 2690 2696 8484 2792 2663 8485 2707 2713 8486 2704 2693 8487 2722 2714 8488 2705 2697 8489 2698 2698 8490 2714 2712 8491 2715 2715 8492 2690 2696 8493 2708 2716 8494 2691 2699 8495 2705 2697 8496 2723 2717 8497 2706 2700 8498 2699 2701 8499 2715 2715 8500 2716 2718 8501 2692 2702 8502 2708 2716 8503 2709 2719 8504 2844 2675 8505 2706 2700 8506 2723 2717 8507 2700 2703 8508 2716 2718 8509 2717 2720 8510 2692 2702 8511 2710 2721 8512 2693 2704 8513 2700 2703 8514 2718 2722 8515 2701 2705 8516 2693 2704 8517 2711 2723 8518 2694 2706 8519 2701 2705 8520 2719 2724 8521 2702 2707 8522 2694 2706 8523 2712 2725 8524 2695 2708 8525 2702 2707 8526 2720 2726 8527 2703 2709 8528 2696 2694 8529 2712 2725 8530 2713 2711 8531 2721 2710 8532 2737 2727 8533 2738 2728 8534 2714 2712 8535 2730 2729 8536 2731 2730 8537 2707 2713 8538 2792 2663 8539 2724 2731 8540 2722 2714 8541 2738 2728 8542 2739 2732 8543 2715 2715 8544 2731 2730 8545 2732 2733 8546 2707 2713 8547 2725 2734 8548 2708 2716 8549 2723 2717 8550 2739 2732 8551 2740 2735 8552 2716 2718 8553 2732 2733 8554 2733 2736 8555 2708 2716 8556 2726 2737 8557 2709 2719 8558 2844 2675 8559 2723 2717 8560 2740 2735 8561 2717 2720 8562 2733 2736 8563 2734 2738 8564 2709 2719 8565 2727 2739 8566 2710 2721 8567 2718 2722 8568 2734 2738 8569 2735 2740 8570 2710 2721 8571 2728 2741 8572 2711 2723 8573 2719 2724 8574 2735 2740 8575 2736 2742 8576 2711 2723 8577 2729 2743 8578 2712 2725 8579 2720 2726 8580 2736 2742 8581 2737 2727 8582 2712 2725 8583 2730 2729 8584 2713 2711 8585 2738 2728 8586 2754 2744 8587 2755 2745 8588 2730 2729 8589 2748 2746 8590 2731 2730 8591 2724 2731 8592 2792 2663 8593 2741 2747 8594 2739 2732 8595 2755 2745 8596 2756 2748 8597 2731 2730 8598 2749 2749 8599 2732 2733 8600 2724 2731 8601 2742 2750 8602 2725 2734 8603 2740 2735 8604 2756 2748 8605 2757 2751 8606 2732 2733 8607 2750 2752 8608 2733 2736 8609 2725 2734 8610 2743 2753 8611 2726 2737 8612 2844 2675 8613 2740 2735 8614 2757 2751 8615 2734 2738 8616 2750 2752 8617 2751 2754 8618 2726 2737 8619 2744 2755 8620 2727 2739 8621 2735 2740 8622 2751 2754 8623 2752 2756 8624 2727 2739 8625 2745 2757 8626 2728 2741 8627 2736 2742 8628 2752 2756 8629 2753 2758 8630 2728 2741 8631 2746 2759 8632 2729 2743 8633 2737 2727 8634 2753 2758 8635 2754 2744 8636 2729 2743 8637 2747 2760 8638 2730 2729 8639 2754 2744 8640 2772 2761 8641 2755 2745 8642 2747 2760 8643 2765 2762 8644 2748 2746 8645 2741 2747 8646 2792 2663 8647 2758 2763 8648 2755 2745 8649 2773 2764 8650 2756 2748 8651 2748 2746 8652 2766 2765 8653 2749 2749 8654 2741 2747 8655 2759 2766 8656 2742 2750 8657 2757 2751 8658 2773 2764 8659 2774 2767 8660 2749 2749 8661 2767 2768 8662 2750 2752 8663 2742 2750 8664 2760 2769 8665 2743 2753 8666 2844 2675 8667 2757 2751 8668 2774 2767 8669 2751 2754 8670 2767 2768 8671 2768 2770 8672 2743 2753 8673 2761 2771 8674 2744 2755 8675 2752 2756 8676 2768 2770 8677 2769 2772 8678 2744 2755 8679 2762 2773 8680 2745 2757 8681 2753 2758 8682 2769 2772 8683 2770 2774 8684 2745 2757 8685 2763 2775 8686 2746 2759 8687 2753 2758 8688 2771 2776 8689 2754 2744 8690 2746 2759 8691 2764 2777 8692 2747 2760 8693 2771 2776 8694 2789 2778 8695 2772 2761 8696 2764 2777 8697 2782 2779 8698 2765 2762 8699 2758 2763 8700 2792 2663 8701 2775 2780 8702 2772 2761 8703 2790 2781 8704 2773 2764 8705 2765 2762 8706 2783 2782 8707 2766 2765 8708 2759 2766 8709 2775 2780 8710 2776 2783 8711 2773 2764 8712 2791 2784 8713 2774 2767 8714 2766 2765 8715 2784 2785 8716 2767 2768 8717 2760 2769 8718 2776 2783 8719 2777 2786 8720 2844 2675 8721 2774 2767 8722 2791 2784 8723 2767 2768 8724 2785 2787 8725 2768 2770 8726 2761 2771 8727 2777 2786 8728 2778 2788 8729 2768 2770 8730 2786 2789 8731 2769 2772 8732 2762 2773 8733 2778 2788 8734 2779 2790 8735 2769 2772 8736 2787 2791 8737 2770 2774 8738 2763 2775 8739 2779 2790 8740 2780 2792 8741 2770 2774 8742 2788 2793 8743 2771 2776 8744 2763 2775 8745 2781 2794 8746 2764 2777 8747 2788 2793 8748 2807 2795 8749 2789 2778 8750 2781 2794 8751 2800 2796 8752 2782 2779 8753 2775 2780 8754 2792 2663 8755 2793 2797 8756 2789 2778 8757 2808 2798 8758 2790 2781 8759 2782 2779 8760 2801 2799 8761 2783 2782 8762 2776 2783 8763 2793 2797 8764 2794 2800 8765 2790 2781 8766 2809 2801 8767 2791 2784 8768 2783 2782 8769 2802 2802 8770 2784 2785 8771 2777 2786 8772 2794 2800 8773 2795 2803 8774 2844 2675 8775 2791 2784 8776 2809 2801 8777 2784 2785 8778 2803 2804 8779 2785 2787 8780 2778 2788 8781 2795 2803 8782 2796 2805 8783 2785 2787 8784 2804 2806 8785 2786 2789 8786 2779 2790 8787 2796 2805 8788 2797 2807 8789 2786 2789 8790 2805 2808 8791 2787 2791 8792 2780 2792 8793 2797 2807 8794 2798 2809 8795 2787 2791 8796 2806 2810 8797 2788 2793 8798 2780 2792 8799 2799 2811 8800 2781 2794 8801 2806 2810 8802 2824 2812 8803 2807 2795 8804 2799 2811 8805 2817 2813 8806 2800 2796 8807 2793 2797 8808 2792 2663 8809 2810 2814 8810 2807 2795 8811 2825 2815 8812 2808 2798 8813 2800 2796 8814 2818 2816 8815 2801 2799 8816 2794 2800 8817 2810 2814 8818 2811 2817 8819 2808 2798 8820 2826 2818 8821 2809 2801 8822 2801 2799 8823 2819 2819 8824 2802 2802 8825 2795 2803 8826 2811 2817 8827 2812 2820 8828 2844 2675 8829 2809 2801 8830 2826 2818 8831 2802 2802 8832 2820 2821 8833 2803 2804 8834 2796 2805 8835 2812 2820 8836 2813 2822 8837 2803 2804 8838 2821 2823 8839 2804 2806 8840 2797 2807 8841 2813 2822 8842 2814 2824 8843 2804 2806 8844 2822 2825 8845 2805 2808 8846 2798 2809 8847 2814 2824 8848 2815 2826 8849 2805 2808 8850 2823 2827 8851 2806 2810 8852 2798 2809 8853 2816 2828 8854 2799 2811 8855 2824 2812 8856 2840 2829 8857 2841 2830 8858 2817 2813 8859 2833 2831 8860 2834 2832 8861 2810 2814 8862 2792 2663 8863 2827 2833 8864 2825 2815 8865 2841 2830 8866 2842 2834 8867 2817 2813 8868 2835 2835 8869 2818 2816 8870 2811 2817 8871 2827 2833 8872 2828 2836 8873 2826 2818 8874 2842 2834 8875 2843 2837 8876 2818 2816 8877 2836 2838 8878 2819 2819 8879 2812 2820 8880 2828 2836 8881 2829 2839 8882 2844 2675 8883 2826 2818 8884 2843 2837 8885 2819 2819 8886 2837 2840 8887 2820 2821 8888 2813 2822 8889 2829 2839 8890 2830 2841 8891 2821 2823 8892 2837 2840 8893 2838 2842 8894 2814 2824 8895 2830 2841 8896 2831 2843 8897 2822 2825 8898 2838 2842 8899 2839 2844 8900 2815 2826 8901 2831 2843 8902 2832 2845 8903 2823 2827 8904 2839 2844 8905 2840 2829 8906 2816 2828 8907 2832 2845 8908 2833 2831 8909 2841 2830 8910 2858 2846 8911 2859 2847 8912 2834 2832 8913 2851 2848 8914 2852 2849 8915 2827 2833 8916 2792 2663 8917 2845 2850 8918 2842 2834 8919 2859 2847 8920 2860 2851 8921 2835 2835 8922 2852 2849 8923 2853 2852 8924 2827 2833 8925 2846 2853 8926 2828 2836 8927 2843 2837 8928 2860 2851 8929 2861 2854 8930 2836 2838 8931 2853 2852 8932 2854 2855 8933 2828 2836 8934 2847 2856 8935 2829 2839 8936 2844 2675 8937 2843 2837 8938 2861 2854 8939 2837 2840 8940 2854 2855 8941 2855 2857 8942 2829 2839 8943 2848 2858 8944 2830 2841 8945 2838 2842 8946 2855 2857 8947 2856 2859 8948 2830 2841 8949 2849 2860 8950 2831 2843 8951 2839 2844 8952 2856 2859 8953 2857 2861 8954 2831 2843 8955 2850 2862 8956 2832 2845 8957 2840 2829 8958 2857 2861 8959 2858 2846 8960 2833 2831 8961 2850 2862 8962 2851 2848 8963 2859 2847 8964 2875 2863 8965 2876 2864 8966 2852 2849 8967 2868 2865 8968 2869 2866 8969 2845 2850 8970 2792 2663 8971 2862 2867 8972 2860 2851 8973 2876 2864 8974 2877 2868 8975 2853 2852 8976 2869 2866 8977 2870 2869 8978 2845 2850 8979 2863 2870 8980 2846 2853 8981 2861 2854 8982 2877 2868 8983 2878 2871 8984 2854 2855 8985 2870 2869 8986 2871 2872 8987 2846 2853 8988 2864 2873 8989 2847 2856 8990 2844 2675 8991 2861 2854 8992 2878 2871 8993 2855 2857 8994 2871 2872 8995 2872 2874 8996 2847 2856 8997 2865 2875 8998 2848 2858 8999 2856 2859 9000 2872 2874 9001 2873 2876 9002 2848 2858 9003 2866 2877 9004 2849 2860 9005 2857 2861 9006 2873 2876 9007 2874 2878 9008 2849 2860 9009 2867 2879 9010 2850 2862 9011 2858 2846 9012 2874 2878 9013 2875 2863 9014 2851 2848 9015 2867 2879 9016 2868 2865 9017 2876 2864 9018 2652 2655 9019 2653 2659 9020 2869 2866 9021 2646 2656 9022 2879 2661 9023 2862 2867 9024 2792 2663 9025 2640 2662 9026 2877 2868 9027 2653 2659 9028 2654 2666 9029 2870 2869 9030 2879 2661 9031 2647 2668 9032 2862 2867 9033 2641 2669 9034 2863 2870 9035 2878 2871 9036 2654 2666 9037 2655 2671 9038 2871 2872 9039 2647 2668 9040 2648 2640 9041 2863 2870 9042 2642 2674 9043 2864 2873 9044 2844 2675 9045 2878 2871 9046 2655 2671 9047 2872 2874 9048 2648 2640 9049 2649 2642 9050 2864 2873 9051 2643 2643 9052 2865 2875 9053 2873 2876 9054 2649 2642 9055 2650 2647 9056 2865 2875 9057 2644 2648 9058 2866 2877 9059 2874 2878 9060 2650 2647 9061 2651 2651 9062 2866 2877 9063 2645 2652 9064 2867 2879 9065 2875 2863 9066 2651 2651 9067 2652 2655 9068 2868 2865 9069 2645 2652 9070 2646 2656 9071 9 0 9072 8 33 9073 25 1 9074 2 3 9075 18 34 9076 19 4 9077 10 6 9078 9 0 9079 26 2 9080 3 5 9081 19 4 9082 20 8 9083 11 10 9084 10 6 9085 27 7 9086 4 9 9087 20 8 9088 21 12 9089 12 14 9090 11 10 9091 28 11 9092 6 16 9093 5 13 9094 21 12 9095 13 18 9096 12 14 9097 29 15 9098 239 20 9099 6 16 9100 22 17 9101 14 25 9102 13 18 9103 30 19 9104 7 27 9105 239 20 9106 23 21 9107 0 22 9108 16 24 9109 17 29 9110 15 31 9111 14 25 9112 31 26 9113 8 33 9114 7 27 9115 24 28 9116 1 30 9117 17 29 9118 18 34 9119 30 19 9120 29 15 9121 46 36 9122 23 21 9123 22 17 9124 39 38 9125 31 26 9126 30 19 9127 47 37 9128 24 28 9129 23 21 9130 40 39 9131 16 24 9132 33 40 9133 34 43 9134 32 32 9135 31 26 9136 48 41 9137 25 1 9138 24 28 9139 41 42 9140 17 29 9141 34 43 9142 35 46 9143 26 2 9144 25 1 9145 42 45 9146 18 34 9147 35 46 9148 36 48 9149 27 7 9150 26 2 9151 43 47 9152 19 4 9153 36 48 9154 37 50 9155 28 11 9156 27 7 9157 44 49 9158 20 8 9159 37 50 9160 38 52 9161 29 15 9162 28 11 9163 45 51 9164 22 17 9165 21 12 9166 38 52 9167 47 37 9168 46 36 9169 63 53 9170 40 39 9171 39 38 9172 56 55 9173 48 41 9174 47 37 9175 64 54 9176 41 42 9177 40 39 9178 57 56 9179 33 40 9180 50 57 9181 51 60 9182 49 44 9183 48 41 9184 65 58 9185 42 45 9186 41 42 9187 58 59 9188 34 43 9189 51 60 9190 52 63 9191 43 47 9192 42 45 9193 59 62 9194 35 46 9195 52 63 9196 53 65 9197 44 49 9198 43 47 9199 60 64 9200 36 48 9201 53 65 9202 54 67 9203 45 51 9204 44 49 9205 61 66 9206 37 50 9207 54 67 9208 55 69 9209 46 36 9210 45 51 9211 62 68 9212 39 38 9213 38 52 9214 55 69 9215 63 53 9216 80 86 9217 81 70 9218 57 56 9219 56 55 9220 73 71 9221 64 54 9222 81 70 9223 82 74 9224 58 59 9225 57 56 9226 74 72 9227 50 57 9228 67 73 9229 68 76 9230 65 58 9231 82 74 9232 83 77 9233 59 62 9234 58 59 9235 75 75 9236 51 60 9237 68 76 9238 69 79 9239 60 64 9240 59 62 9241 76 78 9242 52 63 9243 69 79 9244 70 81 9245 61 66 9246 60 64 9247 77 80 9248 53 65 9249 70 81 9250 71 83 9251 61 66 9252 78 82 9253 79 84 9254 55 69 9255 54 67 9256 71 83 9257 62 68 9258 79 84 9259 80 86 9260 56 55 9261 55 69 9262 72 85 9263 80 86 9264 97 102 9265 98 87 9266 73 71 9267 90 103 9268 91 88 9269 81 70 9270 98 87 9271 99 90 9272 74 72 9273 91 88 9274 92 91 9275 68 76 9276 67 73 9277 84 89 9278 82 74 9279 99 90 9280 100 93 9281 75 75 9282 92 91 9283 93 94 9284 69 79 9285 68 76 9286 85 92 9287 76 78 9288 93 94 9289 94 96 9290 70 81 9291 69 79 9292 86 95 9293 77 80 9294 94 96 9295 95 98 9296 71 83 9297 70 81 9298 87 97 9299 78 82 9300 95 98 9301 96 100 9302 72 85 9303 71 83 9304 88 99 9305 79 84 9306 96 100 9307 97 102 9308 72 85 9309 89 101 9310 90 103 9311 97 102 9312 114 119 9313 115 104 9314 90 103 9315 107 120 9316 108 105 9317 98 87 9318 115 104 9319 116 107 9320 91 88 9321 108 105 9322 109 108 9323 85 92 9324 84 89 9325 101 106 9326 99 90 9327 116 107 9328 117 110 9329 92 91 9330 109 108 9331 110 111 9332 86 95 9333 85 92 9334 102 109 9335 93 94 9336 110 111 9337 111 113 9338 87 97 9339 86 95 9340 103 112 9341 94 96 9342 111 113 9343 112 115 9344 88 99 9345 87 97 9346 104 114 9347 95 98 9348 112 115 9349 113 117 9350 89 101 9351 88 99 9352 105 116 9353 96 100 9354 113 117 9355 114 119 9356 89 101 9357 106 118 9358 107 120 9359 114 119 9360 131 136 9361 132 121 9362 107 120 9363 124 137 9364 125 122 9365 115 104 9366 132 121 9367 133 124 9368 108 105 9369 125 122 9370 126 125 9371 102 109 9372 101 106 9373 118 123 9374 116 107 9375 133 124 9376 134 127 9377 109 108 9378 126 125 9379 127 128 9380 103 112 9381 102 109 9382 119 126 9383 110 111 9384 127 128 9385 128 130 9386 104 114 9387 103 112 9388 120 129 9389 111 113 9390 128 130 9391 129 132 9392 105 116 9393 104 114 9394 121 131 9395 112 115 9396 129 132 9397 130 134 9398 106 118 9399 105 116 9400 122 133 9401 113 117 9402 130 134 9403 131 136 9404 106 118 9405 123 135 9406 124 137 9407 131 136 9408 148 153 9409 149 138 9410 124 137 9411 141 154 9412 142 139 9413 132 121 9414 149 138 9415 150 141 9416 126 125 9417 125 122 9418 142 139 9419 118 123 9420 135 140 9421 136 143 9422 133 124 9423 150 141 9424 151 144 9425 127 128 9426 126 125 9427 143 142 9428 119 126 9429 136 143 9430 137 146 9431 128 130 9432 127 128 9433 144 145 9434 120 129 9435 137 146 9436 138 148 9437 129 132 9438 128 130 9439 145 147 9440 121 131 9441 138 148 9442 139 150 9443 130 134 9444 129 132 9445 146 149 9446 122 133 9447 139 150 9448 140 152 9449 131 136 9450 130 134 9451 147 151 9452 123 135 9453 140 152 9454 141 154 9455 149 138 9456 148 153 9457 166 155 9458 142 139 9459 141 154 9460 159 157 9461 150 141 9462 149 138 9463 167 156 9464 143 142 9465 142 139 9466 160 158 9467 135 140 9468 153 159 9469 154 162 9470 150 141 9471 168 160 9472 169 163 9473 144 145 9474 143 142 9475 161 161 9476 136 143 9477 154 162 9478 155 165 9479 145 147 9480 144 145 9481 162 164 9482 137 146 9483 155 165 9484 156 167 9485 146 149 9486 145 147 9487 163 166 9488 138 148 9489 156 167 9490 157 169 9491 147 151 9492 146 149 9493 164 168 9494 139 150 9495 157 169 9496 158 171 9497 148 153 9498 147 151 9499 165 170 9500 140 152 9501 158 171 9502 159 157 9503 167 156 9504 166 155 9505 183 172 9506 160 158 9507 159 157 9508 176 174 9509 168 160 9510 167 156 9511 184 173 9512 161 161 9513 160 158 9514 177 175 9515 153 159 9516 170 176 9517 171 179 9518 169 163 9519 168 160 9520 185 177 9521 162 164 9522 161 161 9523 178 178 9524 154 162 9525 171 179 9526 172 182 9527 163 166 9528 162 164 9529 179 181 9530 155 165 9531 172 182 9532 173 184 9533 164 168 9534 163 166 9535 180 183 9536 156 167 9537 173 184 9538 174 186 9539 165 170 9540 164 168 9541 181 185 9542 157 169 9543 174 186 9544 175 188 9545 166 155 9546 165 170 9547 182 187 9548 158 171 9549 175 188 9550 176 174 9551 184 173 9552 183 172 9553 200 189 9554 177 175 9555 176 174 9556 193 191 9557 185 177 9558 184 173 9559 201 190 9560 178 178 9561 177 175 9562 194 192 9563 171 179 9564 170 176 9565 187 193 9566 186 180 9567 185 177 9568 202 194 9569 178 178 9570 195 195 9571 196 198 9572 172 182 9573 171 179 9574 188 196 9575 179 181 9576 196 198 9577 197 200 9578 172 182 9579 189 199 9580 190 201 9581 181 185 9582 180 183 9583 197 200 9584 173 184 9585 190 201 9586 191 203 9587 182 187 9588 181 185 9589 198 202 9590 174 186 9591 191 203 9592 192 205 9593 183 172 9594 182 187 9595 199 204 9596 176 174 9597 175 188 9598 192 205 9599 201 190 9600 200 189 9601 218 206 9602 193 191 9603 211 222 9604 212 208 9605 202 194 9606 201 190 9607 219 207 9608 194 192 9609 212 208 9610 213 211 9611 188 196 9612 187 193 9613 205 209 9614 202 194 9615 220 210 9616 221 213 9617 195 195 9618 213 211 9619 214 214 9620 189 199 9621 188 196 9622 206 212 9623 196 198 9624 214 214 9625 215 216 9626 190 201 9627 189 199 9628 207 215 9629 197 200 9630 215 216 9631 216 218 9632 191 203 9633 190 201 9634 208 217 9635 199 204 9636 198 202 9637 216 218 9638 192 205 9639 191 203 9640 209 219 9641 200 189 9642 199 204 9643 217 220 9644 193 191 9645 192 205 9646 210 221 9647 219 207 9648 218 206 9649 235 223 9650 211 222 9651 228 239 9652 229 225 9653 220 210 9654 219 207 9655 236 224 9656 212 208 9657 229 225 9658 230 228 9659 206 212 9660 205 209 9661 222 226 9662 221 213 9663 220 210 9664 237 227 9665 213 211 9666 230 228 9667 231 231 9668 207 215 9669 206 212 9670 223 229 9671 214 214 9672 231 231 9673 232 233 9674 208 217 9675 207 215 9676 224 232 9677 215 216 9678 232 233 9679 233 235 9680 209 219 9681 208 217 9682 225 234 9683 216 218 9684 233 235 9685 234 237 9686 210 221 9687 209 219 9688 226 236 9689 218 206 9690 217 220 9691 234 237 9692 211 222 9693 210 221 9694 227 238 9695 236 224 9696 235 223 9697 12 14 9698 229 225 9699 228 239 9700 6 16 9701 237 227 9702 236 224 9703 13 18 9704 229 225 9705 239 20 9706 7 27 9707 223 229 9708 222 226 9709 0 22 9710 238 230 9711 237 227 9712 14 25 9713 230 228 9714 7 27 9715 8 33 9716 224 232 9717 223 229 9718 1 30 9719 231 231 9720 8 33 9721 9 0 9722 225 234 9723 224 232 9724 2 3 9725 232 233 9726 9 0 9727 10 6 9728 226 236 9729 225 234 9730 3 5 9731 234 237 9732 233 235 9733 10 6 9734 227 238 9735 226 236 9736 4 9 9737 234 237 9738 11 10 9739 12 14 9740 228 239 9741 227 238 9742 5 13 9743 248 240 9744 265 273 9745 266 241 9746 243 243 9747 242 274 9748 258 244 9749 249 242 9750 266 241 9751 267 246 9752 244 248 9753 243 243 9754 259 245 9755 250 247 9756 267 246 9757 268 250 9758 245 252 9759 244 248 9760 260 249 9761 251 251 9762 268 250 9763 269 254 9764 246 256 9765 245 252 9766 261 253 9767 252 255 9768 269 254 9769 270 258 9770 246 256 9771 262 257 9772 263 260 9773 253 259 9774 270 258 9775 271 265 9776 479 261 9777 263 260 9778 264 267 9779 241 269 9780 240 262 9781 256 264 9782 254 266 9783 271 265 9784 272 271 9785 247 268 9786 264 267 9787 265 273 9788 242 274 9789 241 269 9790 257 270 9791 269 254 9792 286 291 9793 287 276 9794 262 257 9795 279 292 9796 280 277 9797 270 258 9798 287 276 9799 288 279 9800 263 260 9801 280 277 9802 281 280 9803 257 270 9804 256 264 9805 273 278 9806 271 265 9807 288 279 9808 289 282 9809 264 267 9810 281 280 9811 282 283 9812 258 244 9813 257 270 9814 274 281 9815 265 273 9816 282 283 9817 283 285 9818 259 245 9819 258 244 9820 275 284 9821 266 241 9822 283 285 9823 284 287 9824 260 249 9825 259 245 9826 276 286 9827 267 246 9828 284 287 9829 285 289 9830 261 253 9831 260 249 9832 277 288 9833 268 250 9834 285 289 9835 286 291 9836 262 257 9837 261 253 9838 278 290 9839 286 291 9840 303 309 9841 304 293 9842 280 277 9843 279 292 9844 296 294 9845 287 276 9846 304 293 9847 305 297 9848 281 280 9849 280 277 9850 297 295 9851 274 281 9852 273 278 9853 290 296 9854 288 279 9855 305 297 9856 306 300 9857 281 280 9858 298 298 9859 299 301 9860 275 284 9861 274 281 9862 291 299 9863 282 283 9864 299 301 9865 300 303 9866 276 286 9867 275 284 9868 292 302 9869 283 285 9870 300 303 9871 301 305 9872 276 286 9873 293 304 9874 294 306 9875 284 287 9876 301 305 9877 302 307 9878 277 288 9879 294 306 9880 295 308 9881 285 289 9882 302 307 9883 303 309 9884 278 290 9885 295 308 9886 296 294 9887 303 309 9888 320 325 9889 321 310 9890 296 294 9891 313 326 9892 314 311 9893 304 293 9894 321 310 9895 322 313 9896 297 295 9897 314 311 9898 315 314 9899 290 296 9900 307 312 9901 308 315 9902 305 297 9903 322 313 9904 323 316 9905 299 301 9906 298 298 9907 315 314 9908 291 299 9909 308 315 9910 309 318 9911 300 303 9912 299 301 9913 316 317 9914 292 302 9915 309 318 9916 310 320 9917 301 305 9918 300 303 9919 317 319 9920 294 306 9921 293 304 9922 310 320 9923 302 307 9924 301 305 9925 318 321 9926 294 306 9927 311 322 9928 312 324 9929 302 307 9930 319 323 9931 320 325 9932 295 308 9933 312 324 9934 313 326 9935 321 310 9936 320 325 9937 337 327 9938 314 311 9939 313 326 9940 330 329 9941 322 313 9942 321 310 9943 338 328 9944 314 311 9945 331 330 9946 332 333 9947 307 312 9948 324 331 9949 325 334 9950 323 316 9951 322 313 9952 339 332 9953 315 314 9954 332 333 9955 333 336 9956 308 315 9957 325 334 9958 326 337 9959 317 319 9960 316 317 9961 333 336 9962 309 318 9963 326 337 9964 327 339 9965 318 321 9966 317 319 9967 334 338 9968 310 320 9969 327 339 9970 328 341 9971 319 323 9972 318 321 9973 335 340 9974 311 322 9975 328 341 9976 329 343 9977 320 325 9978 319 323 9979 336 342 9980 313 326 9981 312 324 9982 329 343 9983 338 328 9984 337 327 9985 354 344 9986 330 329 9987 347 360 9988 348 346 9989 339 332 9990 338 328 9991 355 345 9992 331 330 9993 348 346 9994 349 349 9995 324 331 9996 341 347 9997 342 350 9998 340 335 9999 339 332 10000 356 348 10001 332 333 10002 349 349 10003 350 352 10004 325 334 10005 342 350 10006 343 353 10007 334 338 10008 333 336 10009 350 352 10010 326 337 10011 343 353 10012 344 355 10013 335 340 10014 334 338 10015 351 354 10016 327 339 10017 344 355 10018 345 357 10019 336 342 10020 335 340 10021 352 356 10022 328 341 10023 345 357 10024 346 359 10025 337 327 10026 336 342 10027 353 358 10028 329 343 10029 346 359 10030 347 360 10031 354 344 10032 371 376 10033 372 361 10034 347 360 10035 364 377 10036 365 362 10037 355 345 10038 372 361 10039 373 364 10040 348 346 10041 365 362 10042 366 365 10043 341 347 10044 358 363 10045 359 366 10046 357 351 10047 356 348 10048 373 364 10049 349 349 10050 366 365 10051 367 368 10052 342 350 10053 359 366 10054 360 369 10055 351 354 10056 350 352 10057 367 368 10058 343 353 10059 360 369 10060 361 371 10061 352 356 10062 351 354 10063 368 370 10064 344 355 10065 361 371 10066 362 373 10067 353 358 10068 352 356 10069 369 372 10070 345 357 10071 362 373 10072 363 375 10073 354 344 10074 353 358 10075 370 374 10076 346 359 10077 363 375 10078 364 377 10079 371 376 10080 388 393 10081 389 378 10082 364 377 10083 381 394 10084 382 379 10085 372 361 10086 389 378 10087 390 381 10088 365 362 10089 382 379 10090 383 382 10091 359 366 10092 358 363 10093 375 380 10094 373 364 10095 390 381 10096 391 384 10097 366 365 10098 383 382 10099 384 385 10100 360 369 10101 359 366 10102 376 383 10103 367 368 10104 384 385 10105 385 387 10106 361 371 10107 360 369 10108 377 386 10109 368 370 10110 385 387 10111 386 389 10112 362 373 10113 361 371 10114 378 388 10115 369 372 10116 386 389 10117 387 391 10118 363 375 10119 362 373 10120 379 390 10121 370 374 10122 387 391 10123 388 393 10124 363 375 10125 380 392 10126 381 394 10127 388 393 10128 406 410 10129 407 395 10130 381 394 10131 399 411 10132 400 396 10133 389 378 10134 407 395 10135 408 398 10136 382 379 10137 400 396 10138 401 399 10139 376 383 10140 375 380 10141 393 397 10142 390 381 10143 408 398 10144 409 401 10145 383 382 10146 401 399 10147 402 402 10148 377 386 10149 376 383 10150 394 400 10151 384 385 10152 402 402 10153 403 404 10154 378 388 10155 377 386 10156 395 403 10157 385 387 10158 403 404 10159 404 406 10160 379 390 10161 378 388 10162 396 405 10163 386 389 10164 404 406 10165 405 408 10166 380 392 10167 379 390 10168 397 407 10169 387 391 10170 405 408 10171 406 410 10172 380 392 10173 398 409 10174 399 411 10175 406 410 10176 423 427 10177 424 412 10178 399 411 10179 416 428 10180 417 413 10181 407 395 10182 424 412 10183 425 415 10184 400 396 10185 417 413 10186 418 416 10187 394 400 10188 393 397 10189 410 414 10190 408 398 10191 425 415 10192 426 418 10193 401 399 10194 418 416 10195 419 419 10196 395 403 10197 394 400 10198 411 417 10199 402 402 10200 419 419 10201 420 421 10202 396 405 10203 395 403 10204 412 420 10205 403 404 10206 420 421 10207 421 423 10208 397 407 10209 396 405 10210 413 422 10211 404 406 10212 421 423 10213 422 425 10214 398 409 10215 397 407 10216 414 424 10217 405 408 10218 422 425 10219 423 427 10220 398 409 10221 415 426 10222 416 428 10223 424 412 10224 423 427 10225 440 429 10226 417 413 10227 416 428 10228 433 431 10229 425 415 10230 424 412 10231 441 430 10232 418 416 10233 417 413 10234 434 432 10235 411 417 10236 410 414 10237 427 433 10238 426 418 10239 425 415 10240 442 434 10241 419 419 10242 418 416 10243 435 435 10244 412 420 10245 411 417 10246 428 436 10247 420 421 10248 419 419 10249 436 438 10250 412 420 10251 429 439 10252 430 441 10253 421 423 10254 420 421 10255 437 440 10256 413 422 10257 430 441 10258 431 443 10259 422 425 10260 421 423 10261 438 442 10262 414 424 10263 431 443 10264 432 445 10265 423 427 10266 422 425 10267 439 444 10268 416 428 10269 415 426 10270 432 445 10271 441 430 10272 440 429 10273 458 446 10274 434 432 10275 433 431 10276 451 448 10277 442 434 10278 441 430 10279 459 447 10280 435 435 10281 434 432 10282 452 449 10283 427 433 10284 445 450 10285 446 453 10286 443 437 10287 442 434 10288 460 451 10289 436 438 10290 435 435 10291 453 452 10292 428 436 10293 446 453 10294 447 456 10295 437 440 10296 436 438 10297 454 455 10298 429 439 10299 447 456 10300 448 458 10301 438 442 10302 437 440 10303 455 457 10304 430 441 10305 448 458 10306 449 460 10307 439 444 10308 438 442 10309 456 459 10310 431 443 10311 449 460 10312 450 462 10313 440 429 10314 439 444 10315 457 461 10316 433 431 10317 432 445 10318 450 462 10319 459 447 10320 458 446 10321 475 463 10322 452 449 10323 451 448 10324 468 465 10325 460 451 10326 459 447 10327 476 464 10328 453 452 10329 452 449 10330 469 466 10331 445 450 10332 462 467 10333 463 470 10334 461 454 10335 460 451 10336 477 468 10337 454 455 10338 453 452 10339 470 469 10340 446 453 10341 463 470 10342 464 473 10343 455 457 10344 454 455 10345 471 472 10346 447 456 10347 464 473 10348 465 475 10349 456 459 10350 455 457 10351 472 474 10352 448 458 10353 465 475 10354 466 477 10355 457 461 10356 456 459 10357 473 476 10358 449 460 10359 466 477 10360 467 479 10361 458 446 10362 457 461 10363 474 478 10364 451 448 10365 450 462 10366 467 479 10367 476 464 10368 475 463 10369 252 255 10370 469 466 10371 468 465 10372 246 256 10373 477 468 10374 476 464 10375 253 259 10376 470 469 10377 469 466 10378 479 261 10379 462 467 10380 240 262 10381 241 269 10382 478 471 10383 477 468 10384 254 266 10385 471 472 10386 470 469 10387 247 268 10388 463 470 10389 241 269 10390 242 274 10391 472 474 10392 471 472 10393 248 240 10394 464 473 10395 242 274 10396 243 243 10397 473 476 10398 472 474 10399 249 242 10400 465 475 10401 243 243 10402 244 248 10403 474 478 10404 473 476 10405 250 247 10406 466 477 10407 244 248 10408 245 252 10409 475 463 10410 474 478 10411 251 251 10412 468 465 10413 467 479 10414 245 252 10415 489 480 10416 488 513 10417 505 481 10418 482 483 10419 498 514 10420 499 484 10421 490 486 10422 489 480 10423 506 482 10424 483 485 10425 499 484 10426 500 488 10427 491 490 10428 490 486 10429 507 487 10430 484 489 10431 500 488 10432 501 492 10433 492 494 10434 491 490 10435 508 491 10436 486 496 10437 485 493 10438 501 492 10439 493 498 10440 492 494 10441 509 495 10442 719 500 10443 486 496 10444 502 497 10445 494 505 10446 493 498 10447 510 499 10448 487 507 10449 719 500 10450 503 501 10451 480 502 10452 496 504 10453 497 509 10454 495 511 10455 494 505 10456 511 506 10457 488 513 10458 487 507 10459 504 508 10460 481 510 10461 497 509 10462 498 514 10463 510 499 10464 509 495 10465 526 516 10466 503 501 10467 502 497 10468 519 518 10469 511 506 10470 510 499 10471 527 517 10472 504 508 10473 503 501 10474 520 519 10475 496 504 10476 513 520 10477 514 523 10478 512 512 10479 511 506 10480 528 521 10481 505 481 10482 504 508 10483 521 522 10484 497 509 10485 514 523 10486 515 526 10487 506 482 10488 505 481 10489 522 525 10490 498 514 10491 515 526 10492 516 528 10493 507 487 10494 506 482 10495 523 527 10496 499 484 10497 516 528 10498 517 530 10499 508 491 10500 507 487 10501 524 529 10502 500 488 10503 517 530 10504 518 532 10505 509 495 10506 508 491 10507 525 531 10508 502 497 10509 501 492 10510 518 532 10511 527 517 10512 526 516 10513 543 533 10514 520 519 10515 519 518 10516 536 535 10517 528 521 10518 527 517 10519 544 534 10520 521 522 10521 520 519 10522 537 536 10523 513 520 10524 530 537 10525 531 540 10526 529 524 10527 528 521 10528 545 538 10529 522 525 10530 521 522 10531 538 539 10532 514 523 10533 531 540 10534 532 543 10535 523 527 10536 522 525 10537 539 542 10538 515 526 10539 532 543 10540 533 545 10541 524 529 10542 523 527 10543 540 544 10544 516 528 10545 533 545 10546 534 547 10547 525 531 10548 524 529 10549 541 546 10550 517 530 10551 534 547 10552 535 549 10553 526 516 10554 525 531 10555 542 548 10556 519 518 10557 518 532 10558 535 549 10559 543 533 10560 560 566 10561 561 550 10562 537 536 10563 536 535 10564 553 551 10565 544 534 10566 561 550 10567 562 554 10568 538 539 10569 537 536 10570 554 552 10571 530 537 10572 547 553 10573 548 556 10574 545 538 10575 562 554 10576 563 557 10577 539 542 10578 538 539 10579 555 555 10580 532 543 10581 531 540 10582 548 556 10583 540 544 10584 539 542 10585 556 558 10586 532 543 10587 549 559 10588 550 561 10589 540 544 10590 557 560 10591 558 562 10592 533 545 10593 550 561 10594 551 563 10595 541 546 10596 558 562 10597 559 564 10598 534 547 10599 551 563 10600 552 565 10601 542 548 10602 559 564 10603 560 566 10604 536 535 10605 535 549 10606 552 565 10607 560 566 10608 577 582 10609 578 567 10610 553 551 10611 570 583 10612 571 568 10613 561 550 10614 578 567 10615 579 570 10616 554 552 10617 571 568 10618 572 571 10619 547 553 10620 564 569 10621 565 572 10622 562 554 10623 579 570 10624 580 573 10625 555 555 10626 572 571 10627 573 574 10628 549 559 10629 548 556 10630 565 572 10631 556 558 10632 573 574 10633 574 576 10634 550 561 10635 549 559 10636 566 575 10637 557 560 10638 574 576 10639 575 578 10640 551 563 10641 550 561 10642 567 577 10643 558 562 10644 575 578 10645 576 580 10646 552 565 10647 551 563 10648 568 579 10649 559 564 10650 576 580 10651 577 582 10652 552 565 10653 569 581 10654 570 583 10655 577 582 10656 594 599 10657 595 584 10658 570 583 10659 587 600 10660 588 585 10661 578 567 10662 595 584 10663 596 587 10664 571 568 10665 588 585 10666 589 588 10667 565 572 10668 564 569 10669 581 586 10670 579 570 10671 596 587 10672 597 590 10673 572 571 10674 589 588 10675 590 591 10676 566 575 10677 565 572 10678 582 589 10679 573 574 10680 590 591 10681 591 593 10682 567 577 10683 566 575 10684 583 592 10685 574 576 10686 591 593 10687 592 595 10688 568 579 10689 567 577 10690 584 594 10691 575 578 10692 592 595 10693 593 597 10694 569 581 10695 568 579 10696 585 596 10697 576 580 10698 593 597 10699 594 599 10700 569 581 10701 586 598 10702 587 600 10703 594 599 10704 611 616 10705 612 601 10706 587 600 10707 604 617 10708 605 602 10709 595 584 10710 612 601 10711 613 604 10712 588 585 10713 605 602 10714 606 605 10715 582 589 10716 581 586 10717 598 603 10718 596 587 10719 613 604 10720 614 607 10721 589 588 10722 606 605 10723 607 608 10724 583 592 10725 582 589 10726 599 606 10727 590 591 10728 607 608 10729 608 610 10730 584 594 10731 583 592 10732 600 609 10733 591 593 10734 608 610 10735 609 612 10736 585 596 10737 584 594 10738 601 611 10739 592 595 10740 609 612 10741 610 614 10742 586 598 10743 585 596 10744 602 613 10745 593 597 10746 610 614 10747 611 616 10748 586 598 10749 603 615 10750 604 617 10751 611 616 10752 628 634 10753 629 618 10754 605 602 10755 604 617 10756 621 619 10757 612 601 10758 629 618 10759 630 622 10760 606 605 10761 605 602 10762 622 620 10763 598 603 10764 615 621 10765 616 624 10766 613 604 10767 630 622 10768 631 625 10769 607 608 10770 606 605 10771 623 623 10772 599 606 10773 616 624 10774 617 627 10775 608 610 10776 607 608 10777 624 626 10778 600 609 10779 617 627 10780 618 629 10781 609 612 10782 608 610 10783 625 628 10784 601 611 10785 618 629 10786 619 631 10787 610 614 10788 609 612 10789 626 630 10790 602 613 10791 619 631 10792 620 633 10793 611 616 10794 610 614 10795 627 632 10796 603 615 10797 620 633 10798 621 619 10799 629 618 10800 628 634 10801 646 635 10802 622 620 10803 621 619 10804 639 637 10805 630 622 10806 629 618 10807 647 636 10808 623 623 10809 622 620 10810 640 638 10811 615 621 10812 633 639 10813 634 642 10814 630 622 10815 648 640 10816 649 643 10817 624 626 10818 623 623 10819 641 641 10820 616 624 10821 634 642 10822 635 645 10823 625 628 10824 624 626 10825 642 644 10826 617 627 10827 635 645 10828 636 647 10829 626 630 10830 625 628 10831 643 646 10832 618 629 10833 636 647 10834 637 649 10835 627 632 10836 626 630 10837 644 648 10838 619 631 10839 637 649 10840 638 651 10841 628 634 10842 627 632 10843 645 650 10844 620 633 10845 638 651 10846 639 637 10847 647 636 10848 646 635 10849 663 652 10850 640 638 10851 639 637 10852 656 654 10853 648 640 10854 647 636 10855 664 653 10856 641 641 10857 640 638 10858 657 655 10859 633 639 10860 650 656 10861 651 659 10862 649 643 10863 648 640 10864 665 657 10865 642 644 10866 641 641 10867 658 658 10868 634 642 10869 651 659 10870 652 662 10871 643 646 10872 642 644 10873 659 661 10874 635 645 10875 652 662 10876 653 664 10877 644 648 10878 643 646 10879 660 663 10880 636 647 10881 653 664 10882 654 666 10883 645 650 10884 644 648 10885 661 665 10886 637 649 10887 654 666 10888 655 668 10889 646 635 10890 645 650 10891 662 667 10892 638 651 10893 655 668 10894 656 654 10895 664 653 10896 663 652 10897 680 669 10898 657 655 10899 656 654 10900 673 671 10901 665 657 10902 664 653 10903 681 670 10904 657 655 10905 674 672 10906 675 675 10907 651 659 10908 650 656 10909 667 673 10910 666 660 10911 665 657 10912 682 674 10913 658 658 10914 675 675 10915 676 678 10916 652 662 10917 651 659 10918 668 676 10919 659 661 10920 676 678 10921 677 680 10922 653 664 10923 652 662 10924 669 679 10925 661 665 10926 660 663 10927 677 680 10928 654 666 10929 653 664 10930 670 681 10931 662 667 10932 661 665 10933 678 682 10934 655 668 10935 654 666 10936 671 683 10937 663 652 10938 662 667 10939 679 684 10940 656 654 10941 655 668 10942 672 685 10943 681 670 10944 680 669 10945 698 686 10946 673 671 10947 691 702 10948 692 688 10949 682 674 10950 681 670 10951 699 687 10952 674 672 10953 692 688 10954 693 691 10955 668 676 10956 667 673 10957 685 689 10958 682 674 10959 700 690 10960 701 693 10961 675 675 10962 693 691 10963 694 694 10964 669 679 10965 668 676 10966 686 692 10967 676 678 10968 694 694 10969 695 696 10970 670 681 10971 669 679 10972 687 695 10973 677 680 10974 695 696 10975 696 698 10976 671 683 10977 670 681 10978 688 697 10979 678 682 10980 696 698 10981 697 700 10982 672 685 10983 671 683 10984 689 699 10985 680 669 10986 679 684 10987 697 700 10988 673 671 10989 672 685 10990 690 701 10991 699 687 10992 698 686 10993 715 703 10994 691 702 10995 708 719 10996 709 705 10997 700 690 10998 699 687 10999 716 704 11000 692 688 11001 709 705 11002 710 708 11003 686 692 11004 685 689 11005 702 706 11006 701 693 11007 700 690 11008 717 707 11009 693 691 11010 710 708 11011 711 711 11012 687 695 11013 686 692 11014 703 709 11015 694 694 11016 711 711 11017 712 713 11018 688 697 11019 687 695 11020 704 712 11021 695 696 11022 712 713 11023 713 715 11024 689 699 11025 688 697 11026 705 714 11027 696 698 11028 713 715 11029 714 717 11030 690 701 11031 689 699 11032 706 716 11033 697 700 11034 714 717 11035 715 703 11036 691 702 11037 690 701 11038 707 718 11039 716 704 11040 715 703 11041 492 494 11042 708 719 11043 486 496 11044 719 500 11045 717 707 11046 716 704 11047 493 498 11048 709 705 11049 719 500 11050 487 507 11051 703 709 11052 702 706 11053 480 502 11054 718 710 11055 717 707 11056 494 505 11057 710 708 11058 487 507 11059 488 513 11060 704 712 11061 703 709 11062 481 510 11063 711 711 11064 488 513 11065 489 480 11066 705 714 11067 704 712 11068 482 483 11069 712 713 11070 489 480 11071 490 486 11072 706 716 11073 705 714 11074 483 485 11075 713 715 11076 490 486 11077 491 490 11078 707 718 11079 706 716 11080 484 489 11081 714 717 11082 491 490 11083 492 494 11084 708 719 11085 707 718 11086 485 493 11087 729 720 11088 728 753 11089 745 721 11090 723 723 11091 722 754 11092 738 724 11093 729 720 11094 746 722 11095 747 726 11096 724 728 11097 723 723 11098 739 725 11099 730 727 11100 747 726 11101 748 730 11102 724 728 11103 740 729 11104 741 732 11105 732 734 11106 731 731 11107 748 730 11108 725 733 11109 741 732 11110 742 736 11111 733 738 11112 732 734 11113 749 735 11114 726 737 11115 742 736 11116 743 740 11117 734 745 11118 733 738 11119 750 739 11120 959 741 11121 743 740 11122 744 747 11123 720 742 11124 736 744 11125 737 749 11126 735 751 11127 734 745 11128 751 746 11129 728 753 11130 727 748 11131 744 747 11132 722 754 11133 721 750 11134 737 749 11135 750 739 11136 749 735 11137 766 756 11138 742 736 11139 759 772 11140 760 758 11141 751 746 11142 750 739 11143 767 757 11144 743 740 11145 760 758 11146 761 761 11147 736 744 11148 753 759 11149 754 762 11150 752 752 11151 751 746 11152 768 760 11153 745 721 11154 744 747 11155 761 761 11156 738 724 11157 737 749 11158 754 762 11159 746 722 11160 745 721 11161 762 764 11162 739 725 11163 738 724 11164 755 765 11165 746 722 11166 763 766 11167 764 768 11168 740 729 11169 739 725 11170 756 767 11171 747 726 11172 764 768 11173 765 770 11174 741 732 11175 740 729 11176 757 769 11177 748 730 11178 765 770 11179 766 756 11180 741 732 11181 758 771 11182 759 772 11183 767 757 11184 766 756 11185 783 773 11186 759 772 11187 776 789 11188 777 775 11189 768 760 11190 767 757 11191 784 774 11192 760 758 11193 777 775 11194 778 778 11195 753 759 11196 770 776 11197 771 779 11198 769 763 11199 768 760 11200 785 777 11201 762 764 11202 761 761 11203 778 778 11204 755 765 11205 754 762 11206 771 779 11207 763 766 11208 762 764 11209 779 781 11210 756 767 11211 755 765 11212 772 782 11213 763 766 11214 780 783 11215 781 785 11216 757 769 11217 756 767 11218 773 784 11219 764 768 11220 781 785 11221 782 787 11222 758 771 11223 757 769 11224 774 786 11225 765 770 11226 782 787 11227 783 773 11228 758 771 11229 775 788 11230 776 789 11231 783 773 11232 800 805 11233 801 790 11234 776 789 11235 793 806 11236 794 791 11237 784 774 11238 801 790 11239 802 793 11240 777 775 11241 794 791 11242 795 794 11243 770 776 11244 787 792 11245 788 795 11246 785 777 11247 802 793 11248 803 796 11249 778 778 11250 795 794 11251 796 797 11252 772 782 11253 771 779 11254 788 795 11255 780 783 11256 779 781 11257 796 797 11258 773 784 11259 772 782 11260 789 798 11261 781 785 11262 780 783 11263 797 799 11264 774 786 11265 773 784 11266 790 800 11267 782 787 11268 781 785 11269 798 801 11270 774 786 11271 791 802 11272 792 804 11273 783 773 11274 782 787 11275 799 803 11276 775 788 11277 792 804 11278 793 806 11279 800 805 11280 817 823 11281 818 807 11282 794 791 11283 793 806 11284 810 808 11285 801 790 11286 818 807 11287 819 811 11288 795 794 11289 794 791 11290 811 809 11291 787 792 11292 804 810 11293 805 813 11294 802 793 11295 819 811 11296 820 814 11297 796 797 11298 795 794 11299 812 812 11300 788 795 11301 805 813 11302 806 816 11303 797 799 11304 796 797 11305 813 815 11306 789 798 11307 806 816 11308 807 818 11309 798 801 11310 797 799 11311 814 817 11312 791 802 11313 790 800 11314 807 818 11315 799 803 11316 798 801 11317 815 819 11318 792 804 11319 791 802 11320 808 820 11321 800 805 11322 799 803 11323 816 821 11324 792 804 11325 809 822 11326 810 808 11327 817 823 11328 834 840 11329 835 824 11330 811 809 11331 810 808 11332 827 825 11333 818 807 11334 835 824 11335 836 828 11336 812 812 11337 811 809 11338 828 826 11339 805 813 11340 804 810 11341 821 827 11342 819 811 11343 836 828 11344 837 831 11345 813 815 11346 812 812 11347 829 829 11348 805 813 11349 822 830 11350 823 833 11351 814 817 11352 813 815 11353 830 832 11354 806 816 11355 823 833 11356 824 835 11357 815 819 11358 814 817 11359 831 834 11360 807 818 11361 824 835 11362 825 837 11363 816 821 11364 815 819 11365 832 836 11366 809 822 11367 808 820 11368 825 837 11369 816 821 11370 833 838 11371 834 840 11372 810 808 11373 809 822 11374 826 839 11375 834 840 11376 851 857 11377 852 841 11378 828 826 11379 827 825 11380 844 842 11381 835 824 11382 852 841 11383 853 845 11384 829 829 11385 828 826 11386 845 843 11387 821 827 11388 838 844 11389 839 847 11390 836 828 11391 853 845 11392 854 848 11393 829 829 11394 846 846 11395 847 849 11396 822 830 11397 839 847 11398 840 850 11399 830 832 11400 847 849 11401 848 851 11402 823 833 11403 840 850 11404 841 852 11405 832 836 11406 831 834 11407 848 851 11408 824 835 11409 841 852 11410 842 854 11411 833 838 11412 832 836 11413 849 853 11414 826 839 11415 825 837 11416 842 854 11417 833 838 11418 850 855 11419 851 857 11420 827 825 11421 826 839 11422 843 856 11423 851 857 11424 868 873 11425 869 858 11426 844 842 11427 861 874 11428 862 859 11429 852 841 11430 869 858 11431 870 861 11432 845 843 11433 862 859 11434 863 862 11435 838 844 11436 855 860 11437 856 863 11438 853 845 11439 870 861 11440 871 864 11441 847 849 11442 846 846 11443 863 862 11444 839 847 11445 856 863 11446 857 866 11447 848 851 11448 847 849 11449 864 865 11450 841 852 11451 840 850 11452 857 866 11453 848 851 11454 865 867 11455 866 869 11456 842 854 11457 841 852 11458 858 868 11459 849 853 11460 866 869 11461 867 871 11462 843 856 11463 842 854 11464 859 870 11465 851 857 11466 850 855 11467 867 871 11468 843 856 11469 860 872 11470 861 874 11471 869 858 11472 868 873 11473 886 875 11474 861 874 11475 879 891 11476 880 877 11477 869 858 11478 887 876 11479 888 879 11480 862 859 11481 880 877 11482 881 880 11483 855 860 11484 873 878 11485 874 881 11486 870 861 11487 888 879 11488 889 882 11489 864 865 11490 863 862 11491 881 880 11492 856 863 11493 874 881 11494 875 884 11495 865 867 11496 864 865 11497 882 883 11498 858 868 11499 857 866 11500 875 884 11501 865 867 11502 883 885 11503 884 887 11504 859 870 11505 858 868 11506 876 886 11507 866 869 11508 884 887 11509 885 889 11510 860 872 11511 859 870 11512 877 888 11513 868 873 11514 867 871 11515 885 889 11516 860 872 11517 878 890 11518 879 891 11519 887 876 11520 886 875 11521 903 892 11522 880 877 11523 879 891 11524 896 894 11525 888 879 11526 887 876 11527 904 893 11528 880 877 11529 897 895 11530 898 898 11531 873 878 11532 890 896 11533 891 899 11534 889 882 11535 888 879 11536 905 897 11537 882 883 11538 881 880 11539 898 898 11540 875 884 11541 874 881 11542 891 899 11543 883 885 11544 882 883 11545 899 901 11546 876 886 11547 875 884 11548 892 902 11549 883 885 11550 900 903 11551 901 905 11552 877 888 11553 876 886 11554 893 904 11555 884 887 11556 901 905 11557 902 907 11558 878 890 11559 877 888 11560 894 906 11561 885 889 11562 902 907 11563 903 892 11564 878 890 11565 895 908 11566 896 894 11567 904 893 11568 903 892 11569 920 909 11570 897 895 11571 896 894 11572 913 911 11573 905 897 11574 904 893 11575 921 910 11576 898 898 11577 897 895 11578 914 912 11579 891 899 11580 890 896 11581 907 913 11582 906 900 11583 905 897 11584 922 914 11585 898 898 11586 915 915 11587 916 918 11588 892 902 11589 891 899 11590 908 916 11591 899 901 11592 916 918 11593 917 920 11594 892 902 11595 909 919 11596 910 921 11597 900 903 11598 917 920 11599 918 922 11600 893 904 11601 910 921 11602 911 923 11603 901 905 11604 918 922 11605 919 924 11606 894 906 11607 911 923 11608 912 925 11609 903 892 11610 902 907 11611 919 924 11612 896 894 11613 895 908 11614 912 925 11615 921 910 11616 920 909 11617 938 926 11618 914 912 11619 913 911 11620 931 928 11621 922 914 11622 921 910 11623 939 927 11624 915 915 11625 914 912 11626 932 929 11627 908 916 11628 907 913 11629 925 930 11630 923 917 11631 922 914 11632 940 931 11633 915 915 11634 933 932 11635 934 935 11636 909 919 11637 908 916 11638 926 933 11639 916 918 11640 934 935 11641 935 937 11642 909 919 11643 927 936 11644 928 938 11645 918 922 11646 917 920 11647 935 937 11648 910 921 11649 928 938 11650 929 940 11651 919 924 11652 918 922 11653 936 939 11654 911 923 11655 929 940 11656 930 942 11657 920 909 11658 919 924 11659 937 941 11660 913 911 11661 912 925 11662 930 942 11663 939 927 11664 938 926 11665 955 943 11666 932 929 11667 931 928 11668 948 945 11669 940 931 11670 939 927 11671 956 944 11672 933 932 11673 932 929 11674 949 946 11675 926 933 11676 925 930 11677 942 947 11678 941 934 11679 940 931 11680 957 948 11681 933 932 11682 950 949 11683 951 952 11684 927 936 11685 926 933 11686 943 950 11687 934 935 11688 951 952 11689 952 954 11690 927 936 11691 944 953 11692 945 955 11693 935 937 11694 952 954 11695 953 956 11696 928 938 11697 945 955 11698 946 957 11699 936 939 11700 953 956 11701 954 958 11702 929 940 11703 946 957 11704 947 959 11705 937 941 11706 954 958 11707 955 943 11708 931 928 11709 930 942 11710 947 959 11711 956 944 11712 955 943 11713 732 734 11714 949 946 11715 948 945 11716 726 737 11717 957 948 11718 956 944 11719 733 738 11720 950 949 11721 949 946 11722 959 741 11723 943 950 11724 942 947 11725 720 742 11726 958 951 11727 957 948 11728 734 745 11729 950 949 11730 727 748 11731 728 753 11732 944 953 11733 943 950 11734 721 750 11735 951 952 11736 728 753 11737 729 720 11738 944 953 11739 722 754 11740 723 723 11741 953 956 11742 952 954 11743 729 720 11744 945 955 11745 723 723 11746 724 728 11747 954 958 11748 953 956 11749 730 727 11750 946 957 11751 724 728 11752 725 733 11753 955 943 11754 954 958 11755 731 731 11756 948 945 11757 947 959 11758 725 733 11759 969 960 11760 968 993 11761 985 961 11762 962 963 11763 978 994 11764 979 964 11765 969 960 11766 986 962 11767 987 966 11768 963 965 11769 979 964 11770 980 968 11771 971 970 11772 970 967 11773 987 966 11774 964 969 11775 980 968 11776 981 972 11777 972 974 11778 971 970 11779 988 971 11780 965 973 11781 981 972 11782 982 976 11783 973 978 11784 972 974 11785 989 975 11786 966 977 11787 982 976 11788 983 980 11789 974 985 11790 973 978 11791 990 979 11792 1199 981 11793 983 980 11794 984 987 11795 961 989 11796 960 982 11797 976 984 11798 975 991 11799 974 985 11800 991 986 11801 968 993 11802 967 988 11803 984 987 11804 962 963 11805 961 989 11806 977 990 11807 990 979 11808 989 975 11809 1006 996 11810 982 976 11811 999 1012 11812 1000 998 11813 991 986 11814 990 979 11815 1007 997 11816 983 980 11817 1000 998 11818 1001 1001 11819 976 984 11820 993 999 11821 994 1002 11822 992 992 11823 991 986 11824 1008 1000 11825 985 961 11826 984 987 11827 1001 1001 11828 978 994 11829 977 990 11830 994 1002 11831 986 962 11832 985 961 11833 1002 1004 11834 979 964 11835 978 994 11836 995 1005 11837 986 962 11838 1003 1006 11839 1004 1008 11840 980 968 11841 979 964 11842 996 1007 11843 987 966 11844 1004 1008 11845 1005 1010 11846 980 968 11847 997 1009 11848 998 1011 11849 988 971 11850 1005 1010 11851 1006 996 11852 981 972 11853 998 1011 11854 999 1012 11855 1007 997 11856 1006 996 11857 1023 1013 11858 999 1012 11859 1016 1029 11860 1017 1015 11861 1008 1000 11862 1007 997 11863 1024 1014 11864 1000 998 11865 1017 1015 11866 1018 1018 11867 993 999 11868 1010 1016 11869 1011 1019 11870 1009 1003 11871 1008 1000 11872 1025 1017 11873 1002 1004 11874 1001 1001 11875 1018 1018 11876 995 1005 11877 994 1002 11878 1011 1019 11879 1003 1006 11880 1002 1004 11881 1019 1021 11882 996 1007 11883 995 1005 11884 1012 1022 11885 1003 1006 11886 1020 1023 11887 1021 1025 11888 997 1009 11889 996 1007 11890 1013 1024 11891 1004 1008 11892 1021 1025 11893 1022 1027 11894 998 1011 11895 997 1009 11896 1014 1026 11897 1005 1010 11898 1022 1027 11899 1023 1013 11900 998 1011 11901 1015 1028 11902 1016 1029 11903 1023 1013 11904 1040 1045 11905 1041 1030 11906 1016 1029 11907 1033 1046 11908 1034 1031 11909 1024 1014 11910 1041 1030 11911 1042 1033 11912 1017 1015 11913 1034 1031 11914 1035 1034 11915 1010 1016 11916 1027 1032 11917 1028 1035 11918 1025 1017 11919 1042 1033 11920 1043 1036 11921 1019 1021 11922 1018 1018 11923 1035 1034 11924 1012 1022 11925 1011 1019 11926 1028 1035 11927 1020 1023 11928 1019 1021 11929 1036 1037 11930 1013 1024 11931 1012 1022 11932 1029 1038 11933 1021 1025 11934 1020 1023 11935 1037 1039 11936 1014 1026 11937 1013 1024 11938 1030 1040 11939 1022 1027 11940 1021 1025 11941 1038 1041 11942 1014 1026 11943 1031 1042 11944 1032 1044 11945 1023 1013 11946 1022 1027 11947 1039 1043 11948 1016 1029 11949 1015 1028 11950 1032 1044 11951 1040 1045 11952 1057 1063 11953 1058 1047 11954 1034 1031 11955 1033 1046 11956 1050 1048 11957 1041 1030 11958 1058 1047 11959 1059 1051 11960 1035 1034 11961 1034 1031 11962 1051 1049 11963 1027 1032 11964 1044 1050 11965 1045 1053 11966 1042 1033 11967 1059 1051 11968 1060 1054 11969 1036 1037 11970 1035 1034 11971 1052 1052 11972 1028 1035 11973 1045 1053 11974 1046 1056 11975 1037 1039 11976 1036 1037 11977 1053 1055 11978 1029 1038 11979 1046 1056 11980 1047 1058 11981 1038 1041 11982 1037 1039 11983 1054 1057 11984 1031 1042 11985 1030 1040 11986 1047 1058 11987 1039 1043 11988 1038 1041 11989 1055 1059 11990 1032 1044 11991 1031 1042 11992 1048 1060 11993 1039 1043 11994 1056 1061 11995 1057 1063 11996 1032 1044 11997 1049 1062 11998 1050 1048 11999 1057 1063 12000 1074 1080 12001 1075 1064 12002 1051 1049 12003 1050 1048 12004 1067 1065 12005 1058 1047 12006 1075 1064 12007 1076 1068 12008 1052 1052 12009 1051 1049 12010 1068 1066 12011 1044 1050 12012 1061 1067 12013 1062 1070 12014 1059 1051 12015 1076 1068 12016 1077 1071 12017 1052 1052 12018 1069 1069 12019 1070 1072 12020 1045 1053 12021 1062 1070 12022 1063 1073 12023 1053 1055 12024 1070 1072 12025 1071 1074 12026 1046 1056 12027 1063 1073 12028 1064 1075 12029 1055 1059 12030 1054 1057 12031 1071 1074 12032 1047 1058 12033 1064 1075 12034 1065 1077 12035 1056 1061 12036 1055 1059 12037 1072 1076 12038 1049 1062 12039 1048 1060 12040 1065 1077 12041 1056 1061 12042 1073 1078 12043 1074 1080 12044 1049 1062 12045 1066 1079 12046 1067 1065 12047 1074 1080 12048 1091 1097 12049 1092 1081 12050 1068 1066 12051 1067 1065 12052 1084 1082 12053 1075 1064 12054 1092 1081 12055 1093 1085 12056 1069 1069 12057 1068 1066 12058 1085 1083 12059 1061 1067 12060 1078 1084 12061 1079 1087 12062 1076 1068 12063 1093 1085 12064 1094 1088 12065 1069 1069 12066 1086 1086 12067 1087 1089 12068 1062 1070 12069 1079 1087 12070 1080 1090 12071 1070 1072 12072 1087 1089 12073 1088 1091 12074 1063 1073 12075 1080 1090 12076 1081 1092 12077 1072 1076 12078 1071 1074 12079 1088 1091 12080 1065 1077 12081 1064 1075 12082 1081 1092 12083 1073 1078 12084 1072 1076 12085 1089 1093 12086 1066 1079 12087 1065 1077 12088 1082 1094 12089 1073 1078 12090 1090 1095 12091 1091 1097 12092 1067 1065 12093 1066 1079 12094 1083 1096 12095 1091 1097 12096 1108 1114 12097 1109 1098 12098 1085 1083 12099 1084 1082 12100 1101 1099 12101 1092 1081 12102 1109 1098 12103 1110 1102 12104 1085 1083 12105 1102 1100 12106 1103 1103 12107 1078 1084 12108 1095 1101 12109 1096 1104 12110 1093 1085 12111 1110 1102 12112 1111 1105 12113 1087 1089 12114 1086 1086 12115 1103 1103 12116 1079 1087 12117 1096 1104 12118 1097 1107 12119 1088 1091 12120 1087 1089 12121 1104 1106 12122 1081 1092 12123 1080 1090 12124 1097 1107 12125 1088 1091 12126 1105 1108 12127 1106 1110 12128 1082 1094 12129 1081 1092 12130 1098 1109 12131 1089 1093 12132 1106 1110 12133 1107 1112 12134 1083 1096 12135 1082 1094 12136 1099 1111 12137 1091 1097 12138 1090 1095 12139 1107 1112 12140 1083 1096 12141 1100 1113 12142 1101 1099 12143 1108 1114 12144 1126 1131 12145 1127 1115 12146 1102 1100 12147 1101 1099 12148 1119 1116 12149 1109 1098 12150 1127 1115 12151 1128 1119 12152 1103 1103 12153 1102 1100 12154 1120 1117 12155 1095 1101 12156 1113 1118 12157 1114 1121 12158 1110 1102 12159 1128 1119 12160 1129 1122 12161 1104 1106 12162 1103 1103 12163 1121 1120 12164 1096 1104 12165 1114 1121 12166 1115 1124 12167 1105 1108 12168 1104 1106 12169 1122 1123 12170 1098 1109 12171 1097 1107 12172 1115 1124 12173 1106 1110 12174 1105 1108 12175 1123 1125 12176 1099 1111 12177 1098 1109 12178 1116 1126 12179 1107 1112 12180 1106 1110 12181 1124 1127 12182 1100 1113 12183 1099 1111 12184 1117 1128 12185 1108 1114 12186 1107 1112 12187 1125 1129 12188 1100 1113 12189 1118 1130 12190 1119 1116 12191 1127 1115 12192 1126 1131 12193 1143 1132 12194 1120 1117 12195 1119 1116 12196 1136 1134 12197 1128 1119 12198 1127 1115 12199 1144 1133 12200 1121 1120 12201 1120 1117 12202 1137 1135 12203 1114 1121 12204 1113 1118 12205 1130 1136 12206 1128 1119 12207 1145 1137 12208 1146 1140 12209 1122 1123 12210 1121 1120 12211 1138 1138 12212 1114 1121 12213 1131 1139 12214 1132 1142 12215 1123 1125 12216 1122 1123 12217 1139 1141 12218 1116 1126 12219 1115 1124 12220 1132 1142 12221 1123 1125 12222 1140 1143 12223 1141 1145 12224 1116 1126 12225 1133 1144 12226 1134 1146 12227 1124 1127 12228 1141 1145 12229 1142 1147 12230 1117 1128 12231 1134 1146 12232 1135 1148 12233 1126 1131 12234 1125 1129 12235 1142 1147 12236 1118 1130 12237 1135 1148 12238 1136 1134 12239 1144 1133 12240 1143 1132 12241 1160 1149 12242 1137 1135 12243 1136 1134 12244 1153 1151 12245 1145 1137 12246 1144 1133 12247 1161 1150 12248 1138 1138 12249 1137 1135 12250 1154 1152 12251 1131 1139 12252 1130 1136 12253 1147 1153 12254 1146 1140 12255 1145 1137 12256 1162 1154 12257 1138 1138 12258 1155 1155 12259 1156 1158 12260 1132 1142 12261 1131 1139 12262 1148 1156 12263 1139 1141 12264 1156 1158 12265 1157 1160 12266 1132 1142 12267 1149 1159 12268 1150 1161 12269 1140 1143 12270 1157 1160 12271 1158 1162 12272 1133 1144 12273 1150 1161 12274 1151 1163 12275 1141 1145 12276 1158 1162 12277 1159 1164 12278 1134 1146 12279 1151 1163 12280 1152 1165 12281 1143 1132 12282 1142 1147 12283 1159 1164 12284 1136 1134 12285 1135 1148 12286 1152 1165 12287 1161 1150 12288 1160 1149 12289 1178 1166 12290 1153 1151 12291 1171 1182 12292 1172 1168 12293 1162 1154 12294 1161 1150 12295 1179 1167 12296 1154 1152 12297 1172 1168 12298 1173 1171 12299 1148 1156 12300 1147 1153 12301 1165 1169 12302 1163 1157 12303 1162 1154 12304 1180 1170 12305 1155 1155 12306 1173 1171 12307 1174 1174 12308 1149 1159 12309 1148 1156 12310 1166 1172 12311 1156 1158 12312 1174 1174 12313 1175 1176 12314 1149 1159 12315 1167 1175 12316 1168 1177 12317 1158 1162 12318 1157 1160 12319 1175 1176 12320 1151 1163 12321 1150 1161 12322 1168 1177 12323 1159 1164 12324 1158 1162 12325 1176 1178 12326 1151 1163 12327 1169 1179 12328 1170 1181 12329 1160 1149 12330 1159 1164 12331 1177 1180 12332 1153 1151 12333 1152 1165 12334 1170 1181 12335 1179 1167 12336 1178 1166 12337 1195 1183 12338 1171 1182 12339 1188 1199 12340 1189 1185 12341 1180 1170 12342 1179 1167 12343 1196 1184 12344 1172 1168 12345 1189 1185 12346 1190 1188 12347 1166 1172 12348 1165 1169 12349 1182 1186 12350 1181 1173 12351 1180 1170 12352 1197 1187 12353 1173 1171 12354 1190 1188 12355 1191 1191 12356 1167 1175 12357 1166 1172 12358 1183 1189 12359 1174 1174 12360 1191 1191 12361 1192 1193 12362 1167 1175 12363 1184 1192 12364 1185 1194 12365 1175 1176 12366 1192 1193 12367 1193 1195 12368 1168 1177 12369 1185 1194 12370 1186 1196 12371 1176 1178 12372 1193 1195 12373 1194 1197 12374 1169 1179 12375 1186 1196 12376 1187 1198 12377 1178 1166 12378 1177 1180 12379 1194 1197 12380 1171 1182 12381 1170 1181 12382 1187 1198 12383 1196 1184 12384 1195 1183 12385 972 974 12386 1188 1199 12387 966 977 12388 1199 981 12389 1197 1187 12390 1196 1184 12391 973 978 12392 1190 1188 12393 1189 1185 12394 1199 981 12395 1183 1189 12396 1182 1186 12397 960 982 12398 1198 1190 12399 1197 1187 12400 974 985 12401 1190 1188 12402 967 988 12403 968 993 12404 1184 1192 12405 1183 1189 12406 961 989 12407 1191 1191 12408 968 993 12409 969 960 12410 1184 1192 12411 962 963 12412 963 965 12413 1193 1195 12414 1192 1193 12415 969 960 12416 1185 1194 12417 963 965 12418 964 969 12419 1194 1197 12420 1193 1195 12421 970 967 12422 1186 1196 12423 964 969 12424 965 973 12425 1195 1183 12426 1194 1197 12427 971 970 12428 1188 1199 12429 1187 1198 12430 965 973 12431 1208 1200 12432 1225 1233 12433 1226 1201 12434 1202 1203 12435 1218 1234 12436 1219 1204 12437 1209 1202 12438 1226 1201 12439 1227 1206 12440 1204 1208 12441 1203 1205 12442 1219 1204 12443 1211 1210 12444 1210 1207 12445 1227 1206 12446 1204 1208 12447 1220 1209 12448 1221 1212 12449 1212 1214 12450 1211 1210 12451 1228 1211 12452 1206 1216 12453 1205 1213 12454 1221 1212 12455 1213 1218 12456 1212 1214 12457 1229 1215 12458 1206 1216 12459 1222 1217 12460 1223 1220 12461 1214 1225 12462 1213 1218 12463 1230 1219 12464 1207 1227 12465 1439 1221 12466 1223 1220 12467 1201 1229 12468 1200 1222 12469 1216 1224 12470 1215 1231 12471 1214 1225 12472 1231 1226 12473 1207 1227 12474 1224 1228 12475 1225 1233 12476 1202 1203 12477 1201 1229 12478 1217 1230 12479 1229 1215 12480 1246 1252 12481 1247 1236 12482 1223 1220 12483 1222 1217 12484 1239 1237 12485 1231 1226 12486 1230 1219 12487 1247 1236 12488 1224 1228 12489 1223 1220 12490 1240 1238 12491 1217 1230 12492 1216 1224 12493 1233 1239 12494 1232 1232 12495 1231 1226 12496 1248 1240 12497 1224 1228 12498 1241 1241 12499 1242 1244 12500 1218 1234 12501 1217 1230 12502 1234 1242 12503 1225 1233 12504 1242 1244 12505 1243 1246 12506 1218 1234 12507 1235 1245 12508 1236 1247 12509 1227 1206 12510 1226 1201 12511 1243 1246 12512 1219 1204 12513 1236 1247 12514 1237 1249 12515 1228 1211 12516 1227 1206 12517 1244 1248 12518 1220 1209 12519 1237 1249 12520 1238 1251 12521 1228 1211 12522 1245 1250 12523 1246 1252 12524 1222 1217 12525 1221 1212 12526 1238 1251 12527 1246 1252 12528 1263 1268 12529 1264 1253 12530 1239 1237 12531 1256 1269 12532 1257 1254 12533 1248 1240 12534 1247 1236 12535 1264 1253 12536 1240 1238 12537 1257 1254 12538 1258 1257 12539 1233 1239 12540 1250 1255 12541 1251 1258 12542 1249 1243 12543 1248 1240 12544 1265 1256 12545 1242 1244 12546 1241 1241 12547 1258 1257 12548 1235 1245 12549 1234 1242 12550 1251 1258 12551 1242 1244 12552 1259 1260 12553 1260 1262 12554 1236 1247 12555 1235 1245 12556 1252 1261 12557 1244 1248 12558 1243 1246 12559 1260 1262 12560 1236 1247 12561 1253 1263 12562 1254 1265 12563 1245 1250 12564 1244 1248 12565 1261 1264 12566 1237 1249 12567 1254 1265 12568 1255 1267 12569 1245 1250 12570 1262 1266 12571 1263 1268 12572 1238 1251 12573 1255 1267 12574 1256 1269 12575 1263 1268 12576 1280 1285 12577 1281 1270 12578 1256 1269 12579 1273 1286 12580 1274 1271 12581 1264 1253 12582 1281 1270 12583 1282 1273 12584 1257 1254 12585 1274 1271 12586 1275 1274 12587 1250 1255 12588 1267 1272 12589 1268 1275 12590 1265 1256 12591 1282 1273 12592 1283 1276 12593 1258 1257 12594 1275 1274 12595 1276 1277 12596 1252 1261 12597 1251 1258 12598 1268 1275 12599 1260 1262 12600 1259 1260 12601 1276 1277 12602 1253 1263 12603 1252 1261 12604 1269 1278 12605 1261 1264 12606 1260 1262 12607 1277 1279 12608 1254 1265 12609 1253 1263 12610 1270 1280 12611 1262 1266 12612 1261 1264 12613 1278 1281 12614 1254 1265 12615 1271 1282 12616 1272 1284 12617 1263 1268 12618 1262 1266 12619 1279 1283 12620 1255 1267 12621 1272 1284 12622 1273 1286 12623 1280 1285 12624 1297 1303 12625 1298 1287 12626 1274 1271 12627 1273 1286 12628 1290 1288 12629 1281 1270 12630 1298 1287 12631 1299 1291 12632 1274 1271 12633 1291 1289 12634 1292 1292 12635 1267 1272 12636 1284 1290 12637 1285 1293 12638 1283 1276 12639 1282 1273 12640 1299 1291 12641 1275 1274 12642 1292 1292 12643 1293 1295 12644 1268 1275 12645 1285 1293 12646 1286 1296 12647 1276 1277 12648 1293 1295 12649 1294 1297 12650 1269 1278 12651 1286 1296 12652 1287 1298 12653 1278 1281 12654 1277 1279 12655 1294 1297 12656 1270 1280 12657 1287 1298 12658 1288 1300 12659 1279 1283 12660 1278 1281 12661 1295 1299 12662 1271 1282 12663 1288 1300 12664 1289 1302 12665 1280 1285 12666 1279 1283 12667 1296 1301 12668 1272 1284 12669 1289 1302 12670 1290 1288 12671 1297 1303 12672 1314 1320 12673 1315 1304 12674 1291 1289 12675 1290 1288 12676 1307 1305 12677 1298 1287 12678 1315 1304 12679 1316 1308 12680 1292 1292 12681 1291 1289 12682 1308 1306 12683 1284 1290 12684 1301 1307 12685 1302 1310 12686 1300 1294 12687 1299 1291 12688 1316 1308 12689 1292 1292 12690 1309 1309 12691 1310 1312 12692 1285 1293 12693 1302 1310 12694 1303 1313 12695 1293 1295 12696 1310 1312 12697 1311 1314 12698 1286 1296 12699 1303 1313 12700 1304 1315 12701 1294 1297 12702 1311 1314 12703 1312 1316 12704 1287 1298 12705 1304 1315 12706 1305 1317 12707 1295 1299 12708 1312 1316 12709 1313 1318 12710 1289 1302 12711 1288 1300 12712 1305 1317 12713 1296 1301 12714 1313 1318 12715 1314 1320 12716 1289 1302 12717 1306 1319 12718 1307 1305 12719 1314 1320 12720 1331 1336 12721 1332 1321 12722 1307 1305 12723 1324 1337 12724 1325 1322 12725 1315 1304 12726 1332 1321 12727 1333 1324 12728 1308 1306 12729 1325 1322 12730 1326 1325 12731 1301 1307 12732 1318 1323 12733 1319 1326 12734 1316 1308 12735 1333 1324 12736 1334 1327 12737 1309 1309 12738 1326 1325 12739 1327 1328 12740 1302 1310 12741 1319 1326 12742 1320 1329 12743 1310 1312 12744 1327 1328 12745 1328 1330 12746 1304 1315 12747 1303 1313 12748 1320 1329 12749 1312 1316 12750 1311 1314 12751 1328 1330 12752 1305 1317 12753 1304 1315 12754 1321 1331 12755 1313 1318 12756 1312 1316 12757 1329 1332 12758 1306 1319 12759 1305 1317 12760 1322 1333 12761 1313 1318 12762 1330 1334 12763 1331 1336 12764 1306 1319 12765 1323 1335 12766 1324 1337 12767 1331 1336 12768 1348 1353 12769 1349 1338 12770 1324 1337 12771 1341 1354 12772 1342 1339 12773 1332 1321 12774 1349 1338 12775 1350 1341 12776 1325 1322 12777 1342 1339 12778 1343 1342 12779 1318 1323 12780 1335 1340 12781 1336 1343 12782 1333 1324 12783 1350 1341 12784 1351 1344 12785 1327 1328 12786 1326 1325 12787 1343 1342 12788 1319 1326 12789 1336 1343 12790 1337 1346 12791 1328 1330 12792 1327 1328 12793 1344 1345 12794 1321 1331 12795 1320 1329 12796 1337 1346 12797 1328 1330 12798 1345 1347 12799 1346 1349 12800 1322 1333 12801 1321 1331 12802 1338 1348 12803 1329 1332 12804 1346 1349 12805 1347 1351 12806 1323 1335 12807 1322 1333 12808 1339 1350 12809 1330 1334 12810 1347 1351 12811 1348 1353 12812 1323 1335 12813 1340 1352 12814 1341 1354 12815 1348 1353 12816 1366 1370 12817 1367 1355 12818 1341 1354 12819 1359 1371 12820 1360 1356 12821 1349 1338 12822 1367 1355 12823 1368 1358 12824 1342 1339 12825 1360 1356 12826 1361 1359 12827 1336 1343 12828 1335 1340 12829 1353 1357 12830 1350 1341 12831 1368 1358 12832 1369 1361 12833 1343 1342 12834 1361 1359 12835 1362 1362 12836 1337 1346 12837 1336 1343 12838 1354 1360 12839 1344 1345 12840 1362 1362 12841 1363 1364 12842 1338 1348 12843 1337 1346 12844 1355 1363 12845 1346 1349 12846 1345 1347 12847 1363 1364 12848 1339 1350 12849 1338 1348 12850 1356 1365 12851 1347 1351 12852 1346 1349 12853 1364 1366 12854 1340 1352 12855 1339 1350 12856 1357 1367 12857 1347 1351 12858 1365 1368 12859 1366 1370 12860 1340 1352 12861 1358 1369 12862 1359 1371 12863 1366 1370 12864 1383 1387 12865 1384 1372 12866 1359 1371 12867 1376 1388 12868 1377 1373 12869 1367 1355 12870 1384 1372 12871 1385 1375 12872 1360 1356 12873 1377 1373 12874 1378 1376 12875 1354 1360 12876 1353 1357 12877 1370 1374 12878 1368 1358 12879 1385 1375 12880 1386 1378 12881 1361 1359 12882 1378 1376 12883 1379 1379 12884 1355 1363 12885 1354 1360 12886 1371 1377 12887 1362 1362 12888 1379 1379 12889 1380 1381 12890 1356 1365 12891 1355 1363 12892 1372 1380 12893 1363 1364 12894 1380 1381 12895 1381 1383 12896 1357 1367 12897 1356 1365 12898 1373 1382 12899 1364 1366 12900 1381 1383 12901 1382 1385 12902 1358 1369 12903 1357 1367 12904 1374 1384 12905 1365 1368 12906 1382 1385 12907 1383 1387 12908 1358 1369 12909 1375 1386 12910 1376 1388 12911 1384 1372 12912 1383 1387 12913 1400 1389 12914 1377 1373 12915 1376 1388 12916 1393 1391 12917 1385 1375 12918 1384 1372 12919 1401 1390 12920 1378 1376 12921 1377 1373 12922 1394 1392 12923 1371 1377 12924 1370 1374 12925 1387 1393 12926 1386 1378 12927 1385 1375 12928 1402 1394 12929 1378 1376 12930 1395 1395 12931 1396 1398 12932 1372 1380 12933 1371 1377 12934 1388 1396 12935 1379 1379 12936 1396 1398 12937 1397 1400 12938 1372 1380 12939 1389 1399 12940 1390 1401 12941 1381 1383 12942 1380 1381 12943 1397 1400 12944 1373 1382 12945 1390 1401 12946 1391 1403 12947 1382 1385 12948 1381 1383 12949 1398 1402 12950 1374 1384 12951 1391 1403 12952 1392 1405 12953 1383 1387 12954 1382 1385 12955 1399 1404 12956 1376 1388 12957 1375 1386 12958 1392 1405 12959 1401 1390 12960 1400 1389 12961 1418 1406 12962 1394 1392 12963 1393 1391 12964 1411 1408 12965 1402 1394 12966 1401 1390 12967 1419 1407 12968 1395 1395 12969 1394 1392 12970 1412 1409 12971 1388 1396 12972 1387 1393 12973 1405 1410 12974 1403 1397 12975 1402 1394 12976 1420 1411 12977 1396 1398 12978 1395 1395 12979 1413 1412 12980 1389 1399 12981 1388 1396 12982 1406 1413 12983 1397 1400 12984 1396 1398 12985 1414 1415 12986 1389 1399 12987 1407 1416 12988 1408 1418 12989 1398 1402 12990 1397 1400 12991 1415 1417 12992 1390 1401 12993 1408 1418 12994 1409 1420 12995 1399 1404 12996 1398 1402 12997 1416 1419 12998 1391 1403 12999 1409 1420 13000 1410 1422 13001 1400 1389 13002 1399 1404 13003 1417 1421 13004 1393 1391 13005 1392 1405 13006 1410 1422 13007 1419 1407 13008 1418 1406 13009 1435 1423 13010 1412 1409 13011 1411 1408 13012 1428 1425 13013 1420 1411 13014 1419 1407 13015 1436 1424 13016 1413 1412 13017 1412 1409 13018 1429 1426 13019 1406 1413 13020 1405 1410 13021 1422 1427 13022 1421 1414 13023 1420 1411 13024 1437 1428 13025 1414 1415 13026 1413 1412 13027 1430 1429 13028 1407 1416 13029 1406 1413 13030 1423 1430 13031 1415 1417 13032 1414 1415 13033 1431 1432 13034 1407 1416 13035 1424 1433 13036 1425 1435 13037 1416 1419 13038 1415 1417 13039 1432 1434 13040 1408 1418 13041 1425 1435 13042 1426 1437 13043 1416 1419 13044 1433 1436 13045 1434 1438 13046 1409 1420 13047 1426 1437 13048 1427 1439 13049 1418 1406 13050 1417 1421 13051 1434 1438 13052 1411 1408 13053 1410 1422 13054 1427 1439 13055 1436 1424 13056 1435 1423 13057 1212 1214 13058 1429 1426 13059 1428 1425 13060 1206 1216 13061 1437 1428 13062 1436 1424 13063 1213 1218 13064 1430 1429 13065 1429 1426 13066 1439 1221 13067 1423 1430 13068 1422 1427 13069 1200 1222 13070 1438 1431 13071 1437 1428 13072 1214 1225 13073 1431 1432 13074 1430 1429 13075 1207 1227 13076 1424 1433 13077 1423 1430 13078 1201 1229 13079 1432 1434 13080 1431 1432 13081 1208 1200 13082 1424 1433 13083 1202 1203 13084 1203 1205 13085 1433 1436 13086 1432 1434 13087 1209 1202 13088 1425 1435 13089 1203 1205 13090 1204 1208 13091 1434 1438 13092 1433 1436 13093 1210 1207 13094 1426 1437 13095 1204 1208 13096 1205 1213 13097 1435 1423 13098 1434 1438 13099 1211 1210 13100 1428 1425 13101 1427 1439 13102 1205 1213 13103 1449 1440 13104 1448 1473 13105 1465 1441 13106 1442 1443 13107 1458 1474 13108 1459 1444 13109 1450 1446 13110 1449 1440 13111 1466 1442 13112 1443 1445 13113 1459 1444 13114 1460 1448 13115 1451 1450 13116 1450 1446 13117 1467 1447 13118 1444 1449 13119 1460 1448 13120 1461 1452 13121 1452 1454 13122 1451 1450 13123 1468 1451 13124 1446 1456 13125 1445 1453 13126 1461 1452 13127 1453 1458 13128 1452 1454 13129 1469 1455 13130 1679 1460 13131 1446 1456 13132 1462 1457 13133 1454 1465 13134 1453 1458 13135 1470 1459 13136 1447 1467 13137 1679 1460 13138 1463 1461 13139 1441 1469 13140 1440 1462 13141 1456 1464 13142 1455 1471 13143 1454 1465 13144 1471 1466 13145 1448 1473 13146 1447 1467 13147 1464 1468 13148 1441 1469 13149 1457 1470 13150 1458 1474 13151 1470 1459 13152 1469 1455 13153 1486 1476 13154 1463 1461 13155 1462 1457 13156 1479 1478 13157 1471 1466 13158 1470 1459 13159 1487 1477 13160 1464 1468 13161 1463 1461 13162 1480 1479 13163 1456 1464 13164 1473 1480 13165 1474 1483 13166 1472 1472 13167 1471 1466 13168 1488 1481 13169 1465 1441 13170 1464 1468 13171 1481 1482 13172 1457 1470 13173 1474 1483 13174 1475 1486 13175 1466 1442 13176 1465 1441 13177 1482 1485 13178 1458 1474 13179 1475 1486 13180 1476 1488 13181 1467 1447 13182 1466 1442 13183 1483 1487 13184 1459 1444 13185 1476 1488 13186 1477 1490 13187 1468 1451 13188 1467 1447 13189 1484 1489 13190 1460 1448 13191 1477 1490 13192 1478 1492 13193 1469 1455 13194 1468 1451 13195 1485 1491 13196 1462 1457 13197 1461 1452 13198 1478 1492 13199 1487 1477 13200 1486 1476 13201 1503 1493 13202 1480 1479 13203 1479 1478 13204 1496 1495 13205 1488 1481 13206 1487 1477 13207 1504 1494 13208 1481 1482 13209 1480 1479 13210 1497 1496 13211 1473 1480 13212 1490 1497 13213 1491 1500 13214 1489 1484 13215 1488 1481 13216 1505 1498 13217 1482 1485 13218 1481 1482 13219 1498 1499 13220 1474 1483 13221 1491 1500 13222 1492 1503 13223 1483 1487 13224 1482 1485 13225 1499 1502 13226 1475 1486 13227 1492 1503 13228 1493 1505 13229 1484 1489 13230 1483 1487 13231 1500 1504 13232 1476 1488 13233 1493 1505 13234 1494 1507 13235 1485 1491 13236 1484 1489 13237 1501 1506 13238 1477 1490 13239 1494 1507 13240 1495 1509 13241 1486 1476 13242 1485 1491 13243 1502 1508 13244 1479 1478 13245 1478 1492 13246 1495 1509 13247 1503 1493 13248 1520 1526 13249 1521 1510 13250 1497 1496 13251 1496 1495 13252 1513 1511 13253 1504 1494 13254 1521 1510 13255 1522 1514 13256 1498 1499 13257 1497 1496 13258 1514 1512 13259 1490 1497 13260 1507 1513 13261 1508 1516 13262 1505 1498 13263 1522 1514 13264 1523 1517 13265 1499 1502 13266 1498 1499 13267 1515 1515 13268 1492 1503 13269 1491 1500 13270 1508 1516 13271 1500 1504 13272 1499 1502 13273 1516 1518 13274 1492 1503 13275 1509 1519 13276 1510 1521 13277 1500 1504 13278 1517 1520 13279 1518 1522 13280 1493 1505 13281 1510 1521 13282 1511 1523 13283 1501 1506 13284 1518 1522 13285 1519 1524 13286 1494 1507 13287 1511 1523 13288 1512 1525 13289 1502 1508 13290 1519 1524 13291 1520 1526 13292 1496 1495 13293 1495 1509 13294 1512 1525 13295 1520 1526 13296 1537 1542 13297 1538 1527 13298 1513 1511 13299 1530 1543 13300 1531 1528 13301 1521 1510 13302 1538 1527 13303 1539 1530 13304 1514 1512 13305 1531 1528 13306 1532 1531 13307 1507 1513 13308 1524 1529 13309 1525 1532 13310 1522 1514 13311 1539 1530 13312 1540 1533 13313 1515 1515 13314 1532 1531 13315 1533 1534 13316 1509 1519 13317 1508 1516 13318 1525 1532 13319 1516 1518 13320 1533 1534 13321 1534 1536 13322 1510 1521 13323 1509 1519 13324 1526 1535 13325 1517 1520 13326 1534 1536 13327 1535 1538 13328 1511 1523 13329 1510 1521 13330 1527 1537 13331 1518 1522 13332 1535 1538 13333 1536 1540 13334 1512 1525 13335 1511 1523 13336 1528 1539 13337 1519 1524 13338 1536 1540 13339 1537 1542 13340 1512 1525 13341 1529 1541 13342 1530 1543 13343 1537 1542 13344 1554 1559 13345 1555 1544 13346 1530 1543 13347 1547 1560 13348 1548 1545 13349 1538 1527 13350 1555 1544 13351 1556 1547 13352 1531 1528 13353 1548 1545 13354 1549 1548 13355 1524 1529 13356 1541 1546 13357 1542 1549 13358 1539 1530 13359 1556 1547 13360 1557 1550 13361 1532 1531 13362 1549 1548 13363 1550 1551 13364 1526 1535 13365 1525 1532 13366 1542 1549 13367 1533 1534 13368 1550 1551 13369 1551 1553 13370 1527 1537 13371 1526 1535 13372 1543 1552 13373 1534 1536 13374 1551 1553 13375 1552 1555 13376 1528 1539 13377 1527 1537 13378 1544 1554 13379 1535 1538 13380 1552 1555 13381 1553 1557 13382 1529 1541 13383 1528 1539 13384 1545 1556 13385 1536 1540 13386 1553 1557 13387 1554 1559 13388 1529 1541 13389 1546 1558 13390 1547 1560 13391 1554 1559 13392 1571 1576 13393 1572 1561 13394 1547 1560 13395 1564 1577 13396 1565 1562 13397 1555 1544 13398 1572 1561 13399 1573 1564 13400 1548 1545 13401 1565 1562 13402 1566 1565 13403 1541 1546 13404 1558 1563 13405 1559 1566 13406 1556 1547 13407 1573 1564 13408 1574 1567 13409 1549 1548 13410 1566 1565 13411 1567 1568 13412 1543 1552 13413 1542 1549 13414 1559 1566 13415 1550 1551 13416 1567 1568 13417 1568 1570 13418 1544 1554 13419 1543 1552 13420 1560 1569 13421 1551 1553 13422 1568 1570 13423 1569 1572 13424 1545 1556 13425 1544 1554 13426 1561 1571 13427 1552 1555 13428 1569 1572 13429 1570 1574 13430 1545 1556 13431 1562 1573 13432 1563 1575 13433 1553 1557 13434 1570 1574 13435 1571 1576 13436 1546 1558 13437 1563 1575 13438 1564 1577 13439 1571 1576 13440 1588 1594 13441 1589 1578 13442 1565 1562 13443 1564 1577 13444 1581 1579 13445 1572 1561 13446 1589 1578 13447 1590 1582 13448 1566 1565 13449 1565 1562 13450 1582 1580 13451 1558 1563 13452 1575 1581 13453 1576 1584 13454 1573 1564 13455 1590 1582 13456 1591 1585 13457 1567 1568 13458 1566 1565 13459 1583 1583 13460 1559 1566 13461 1576 1584 13462 1577 1587 13463 1568 1570 13464 1567 1568 13465 1584 1586 13466 1560 1569 13467 1577 1587 13468 1578 1589 13469 1569 1572 13470 1568 1570 13471 1585 1588 13472 1561 1571 13473 1578 1589 13474 1579 1591 13475 1570 1574 13476 1569 1572 13477 1586 1590 13478 1562 1573 13479 1579 1591 13480 1580 1593 13481 1571 1576 13482 1570 1574 13483 1587 1592 13484 1563 1575 13485 1580 1593 13486 1581 1579 13487 1589 1578 13488 1588 1594 13489 1606 1595 13490 1582 1580 13491 1581 1579 13492 1599 1597 13493 1589 1578 13494 1607 1596 13495 1608 1600 13496 1583 1583 13497 1582 1580 13498 1600 1598 13499 1575 1581 13500 1593 1599 13501 1594 1602 13502 1590 1582 13503 1608 1600 13504 1609 1603 13505 1584 1586 13506 1583 1583 13507 1601 1601 13508 1576 1584 13509 1594 1602 13510 1595 1605 13511 1585 1588 13512 1584 1586 13513 1602 1604 13514 1577 1587 13515 1595 1605 13516 1596 1607 13517 1586 1590 13518 1585 1588 13519 1603 1606 13520 1578 1589 13521 1596 1607 13522 1597 1609 13523 1587 1592 13524 1586 1590 13525 1604 1608 13526 1579 1591 13527 1597 1609 13528 1598 1611 13529 1588 1594 13530 1587 1592 13531 1605 1610 13532 1580 1593 13533 1598 1611 13534 1599 1597 13535 1607 1596 13536 1606 1595 13537 1623 1612 13538 1600 1598 13539 1599 1597 13540 1616 1614 13541 1608 1600 13542 1607 1596 13543 1624 1613 13544 1601 1601 13545 1600 1598 13546 1617 1615 13547 1594 1602 13548 1593 1599 13549 1610 1616 13550 1609 1603 13551 1608 1600 13552 1625 1617 13553 1602 1604 13554 1601 1601 13555 1618 1618 13556 1594 1602 13557 1611 1619 13558 1612 1622 13559 1603 1606 13560 1602 1604 13561 1619 1621 13562 1595 1605 13563 1612 1622 13564 1613 1624 13565 1604 1608 13566 1603 1606 13567 1620 1623 13568 1596 1607 13569 1613 1624 13570 1614 1626 13571 1605 1610 13572 1604 1608 13573 1621 1625 13574 1597 1609 13575 1614 1626 13576 1615 1628 13577 1606 1595 13578 1605 1610 13579 1622 1627 13580 1598 1611 13581 1615 1628 13582 1616 1614 13583 1624 1613 13584 1623 1612 13585 1640 1629 13586 1617 1615 13587 1616 1614 13588 1633 1631 13589 1625 1617 13590 1624 1613 13591 1641 1630 13592 1617 1615 13593 1634 1632 13594 1635 1635 13595 1611 1619 13596 1610 1616 13597 1627 1633 13598 1626 1620 13599 1625 1617 13600 1642 1634 13601 1618 1618 13602 1635 1635 13603 1636 1638 13604 1612 1622 13605 1611 1619 13606 1628 1636 13607 1619 1621 13608 1636 1638 13609 1637 1640 13610 1613 1624 13611 1612 1622 13612 1629 1639 13613 1621 1625 13614 1620 1623 13615 1637 1640 13616 1614 1626 13617 1613 1624 13618 1630 1641 13619 1622 1627 13620 1621 1625 13621 1638 1642 13622 1615 1628 13623 1614 1626 13624 1631 1643 13625 1623 1612 13626 1622 1627 13627 1639 1644 13628 1616 1614 13629 1615 1628 13630 1632 1645 13631 1641 1630 13632 1640 1629 13633 1658 1646 13634 1633 1631 13635 1651 1662 13636 1652 1648 13637 1642 1634 13638 1641 1630 13639 1659 1647 13640 1634 1632 13641 1652 1648 13642 1653 1651 13643 1628 1636 13644 1627 1633 13645 1645 1649 13646 1643 1637 13647 1642 1634 13648 1660 1650 13649 1635 1635 13650 1653 1651 13651 1654 1654 13652 1629 1639 13653 1628 1636 13654 1646 1652 13655 1636 1638 13656 1654 1654 13657 1655 1656 13658 1630 1641 13659 1629 1639 13660 1647 1655 13661 1637 1640 13662 1655 1656 13663 1656 1658 13664 1631 1643 13665 1630 1641 13666 1648 1657 13667 1639 1644 13668 1638 1642 13669 1656 1658 13670 1632 1645 13671 1631 1643 13672 1649 1659 13673 1640 1629 13674 1639 1644 13675 1657 1660 13676 1633 1631 13677 1632 1645 13678 1650 1661 13679 1659 1647 13680 1658 1646 13681 1675 1663 13682 1651 1662 13683 1668 1679 13684 1669 1665 13685 1660 1650 13686 1659 1647 13687 1676 1664 13688 1652 1648 13689 1669 1665 13690 1670 1668 13691 1646 1652 13692 1645 1649 13693 1662 1666 13694 1661 1653 13695 1660 1650 13696 1677 1667 13697 1653 1651 13698 1670 1668 13699 1671 1671 13700 1647 1655 13701 1646 1652 13702 1663 1669 13703 1654 1654 13704 1671 1671 13705 1672 1673 13706 1648 1657 13707 1647 1655 13708 1664 1672 13709 1655 1656 13710 1672 1673 13711 1673 1675 13712 1649 1659 13713 1648 1657 13714 1665 1674 13715 1657 1660 13716 1656 1658 13717 1673 1675 13718 1650 1661 13719 1649 1659 13720 1666 1676 13721 1658 1646 13722 1657 1660 13723 1674 1677 13724 1651 1662 13725 1650 1661 13726 1667 1678 13727 1676 1664 13728 1675 1663 13729 1452 1454 13730 1668 1679 13731 1446 1456 13732 1679 1460 13733 1677 1667 13734 1676 1664 13735 1453 1458 13736 1669 1665 13737 1679 1460 13738 1447 1467 13739 1663 1669 13740 1662 1666 13741 1440 1462 13742 1678 1670 13743 1677 1667 13744 1454 1465 13745 1670 1668 13746 1447 1467 13747 1448 1473 13748 1664 1672 13749 1663 1669 13750 1441 1469 13751 1671 1671 13752 1448 1473 13753 1449 1440 13754 1665 1674 13755 1664 1672 13756 1442 1443 13757 1673 1675 13758 1672 1673 13759 1449 1440 13760 1666 1676 13761 1665 1674 13762 1443 1445 13763 1674 1677 13764 1673 1675 13765 1450 1446 13766 1667 1678 13767 1666 1676 13768 1444 1449 13769 1675 1663 13770 1674 1677 13771 1451 1450 13772 1668 1679 13773 1667 1678 13774 1445 1453 13775 1689 1680 13776 1688 1713 13777 1705 1681 13778 1682 1683 13779 1698 1714 13780 1699 1684 13781 1690 1686 13782 1689 1680 13783 1706 1682 13784 1683 1685 13785 1699 1684 13786 1700 1688 13787 1691 1690 13788 1690 1686 13789 1707 1687 13790 1684 1689 13791 1700 1688 13792 1701 1692 13793 1692 1694 13794 1691 1690 13795 1708 1691 13796 1686 1696 13797 1685 1693 13798 1701 1692 13799 1693 1698 13800 1692 1694 13801 1709 1695 13802 1919 1700 13803 1686 1696 13804 1702 1697 13805 1694 1705 13806 1693 1698 13807 1710 1699 13808 1687 1707 13809 1919 1700 13810 1703 1701 13811 1680 1702 13812 1696 1704 13813 1697 1709 13814 1695 1711 13815 1694 1705 13816 1711 1706 13817 1688 1713 13818 1687 1707 13819 1704 1708 13820 1681 1710 13821 1697 1709 13822 1698 1714 13823 1710 1699 13824 1709 1695 13825 1726 1716 13826 1703 1701 13827 1702 1697 13828 1719 1718 13829 1711 1706 13830 1710 1699 13831 1727 1717 13832 1704 1708 13833 1703 1701 13834 1720 1719 13835 1696 1704 13836 1713 1720 13837 1714 1723 13838 1712 1712 13839 1711 1706 13840 1728 1721 13841 1705 1681 13842 1704 1708 13843 1721 1722 13844 1697 1709 13845 1714 1723 13846 1715 1726 13847 1706 1682 13848 1705 1681 13849 1722 1725 13850 1698 1714 13851 1715 1726 13852 1716 1728 13853 1707 1687 13854 1706 1682 13855 1723 1727 13856 1699 1684 13857 1716 1728 13858 1717 1730 13859 1708 1691 13860 1707 1687 13861 1724 1729 13862 1700 1688 13863 1717 1730 13864 1718 1732 13865 1709 1695 13866 1708 1691 13867 1725 1731 13868 1702 1697 13869 1701 1692 13870 1718 1732 13871 1727 1717 13872 1726 1716 13873 1743 1733 13874 1720 1719 13875 1719 1718 13876 1736 1735 13877 1728 1721 13878 1727 1717 13879 1744 1734 13880 1721 1722 13881 1720 1719 13882 1737 1736 13883 1713 1720 13884 1730 1737 13885 1731 1740 13886 1729 1724 13887 1728 1721 13888 1745 1738 13889 1722 1725 13890 1721 1722 13891 1738 1739 13892 1714 1723 13893 1731 1740 13894 1732 1743 13895 1723 1727 13896 1722 1725 13897 1739 1742 13898 1715 1726 13899 1732 1743 13900 1733 1745 13901 1724 1729 13902 1723 1727 13903 1740 1744 13904 1716 1728 13905 1733 1745 13906 1734 1747 13907 1725 1731 13908 1724 1729 13909 1741 1746 13910 1717 1730 13911 1734 1747 13912 1735 1749 13913 1726 1716 13914 1725 1731 13915 1742 1748 13916 1719 1718 13917 1718 1732 13918 1735 1749 13919 1743 1733 13920 1760 1766 13921 1761 1750 13922 1737 1736 13923 1736 1735 13924 1753 1751 13925 1744 1734 13926 1761 1750 13927 1762 1754 13928 1738 1739 13929 1737 1736 13930 1754 1752 13931 1730 1737 13932 1747 1753 13933 1748 1756 13934 1745 1738 13935 1762 1754 13936 1763 1757 13937 1739 1742 13938 1738 1739 13939 1755 1755 13940 1731 1740 13941 1748 1756 13942 1749 1759 13943 1740 1744 13944 1739 1742 13945 1756 1758 13946 1732 1743 13947 1749 1759 13948 1750 1761 13949 1740 1744 13950 1757 1760 13951 1758 1762 13952 1733 1745 13953 1750 1761 13954 1751 1763 13955 1741 1746 13956 1758 1762 13957 1759 1764 13958 1735 1749 13959 1734 1747 13960 1751 1763 13961 1742 1748 13962 1759 1764 13963 1760 1766 13964 1736 1735 13965 1735 1749 13966 1752 1765 13967 1760 1766 13968 1777 1782 13969 1778 1767 13970 1753 1751 13971 1770 1783 13972 1771 1768 13973 1761 1750 13974 1778 1767 13975 1779 1770 13976 1754 1752 13977 1771 1768 13978 1772 1771 13979 1747 1753 13980 1764 1769 13981 1765 1772 13982 1762 1754 13983 1779 1770 13984 1780 1773 13985 1755 1755 13986 1772 1771 13987 1773 1774 13988 1749 1759 13989 1748 1756 13990 1765 1772 13991 1756 1758 13992 1773 1774 13993 1774 1776 13994 1750 1761 13995 1749 1759 13996 1766 1775 13997 1757 1760 13998 1774 1776 13999 1775 1778 14000 1751 1763 14001 1750 1761 14002 1767 1777 14003 1758 1762 14004 1775 1778 14005 1776 1780 14006 1752 1765 14007 1751 1763 14008 1768 1779 14009 1759 1764 14010 1776 1780 14011 1777 1782 14012 1752 1765 14013 1769 1781 14014 1770 1783 14015 1777 1782 14016 1794 1799 14017 1795 1784 14018 1770 1783 14019 1787 1800 14020 1788 1785 14021 1778 1767 14022 1795 1784 14023 1796 1787 14024 1771 1768 14025 1788 1785 14026 1789 1788 14027 1765 1772 14028 1764 1769 14029 1781 1786 14030 1779 1770 14031 1796 1787 14032 1797 1790 14033 1772 1771 14034 1789 1788 14035 1790 1791 14036 1766 1775 14037 1765 1772 14038 1782 1789 14039 1773 1774 14040 1790 1791 14041 1791 1793 14042 1767 1777 14043 1766 1775 14044 1783 1792 14045 1774 1776 14046 1791 1793 14047 1792 1795 14048 1768 1779 14049 1767 1777 14050 1784 1794 14051 1775 1778 14052 1792 1795 14053 1793 1797 14054 1769 1781 14055 1768 1779 14056 1785 1796 14057 1776 1780 14058 1793 1797 14059 1794 1799 14060 1769 1781 14061 1786 1798 14062 1787 1800 14063 1794 1799 14064 1811 1816 14065 1812 1801 14066 1787 1800 14067 1804 1817 14068 1805 1802 14069 1795 1784 14070 1812 1801 14071 1813 1804 14072 1788 1785 14073 1805 1802 14074 1806 1805 14075 1781 1786 14076 1798 1803 14077 1799 1806 14078 1796 1787 14079 1813 1804 14080 1814 1807 14081 1789 1788 14082 1806 1805 14083 1807 1808 14084 1783 1792 14085 1782 1789 14086 1799 1806 14087 1790 1791 14088 1807 1808 14089 1808 1810 14090 1784 1794 14091 1783 1792 14092 1800 1809 14093 1791 1793 14094 1808 1810 14095 1809 1812 14096 1785 1796 14097 1784 1794 14098 1801 1811 14099 1792 1795 14100 1809 1812 14101 1810 1814 14102 1785 1796 14103 1802 1813 14104 1803 1815 14105 1793 1797 14106 1810 1814 14107 1811 1816 14108 1786 1798 14109 1803 1815 14110 1804 1817 14111 1811 1816 14112 1828 1834 14113 1829 1818 14114 1805 1802 14115 1804 1817 14116 1821 1819 14117 1812 1801 14118 1829 1818 14119 1830 1822 14120 1806 1805 14121 1805 1802 14122 1822 1820 14123 1798 1803 14124 1815 1821 14125 1816 1824 14126 1813 1804 14127 1830 1822 14128 1831 1825 14129 1807 1808 14130 1806 1805 14131 1823 1823 14132 1799 1806 14133 1816 1824 14134 1817 1827 14135 1808 1810 14136 1807 1808 14137 1824 1826 14138 1800 1809 14139 1817 1827 14140 1818 1829 14141 1809 1812 14142 1808 1810 14143 1825 1828 14144 1801 1811 14145 1818 1829 14146 1819 1831 14147 1810 1814 14148 1809 1812 14149 1826 1830 14150 1802 1813 14151 1819 1831 14152 1820 1833 14153 1811 1816 14154 1810 1814 14155 1827 1832 14156 1803 1815 14157 1820 1833 14158 1821 1819 14159 1829 1818 14160 1828 1834 14161 1846 1835 14162 1822 1820 14163 1821 1819 14164 1839 1837 14165 1830 1822 14166 1829 1818 14167 1847 1836 14168 1823 1823 14169 1822 1820 14170 1840 1838 14171 1815 1821 14172 1833 1839 14173 1834 1842 14174 1830 1822 14175 1848 1840 14176 1849 1843 14177 1824 1826 14178 1823 1823 14179 1841 1841 14180 1816 1824 14181 1834 1842 14182 1835 1845 14183 1825 1828 14184 1824 1826 14185 1842 1844 14186 1817 1827 14187 1835 1845 14188 1836 1847 14189 1826 1830 14190 1825 1828 14191 1843 1846 14192 1818 1829 14193 1836 1847 14194 1837 1849 14195 1827 1832 14196 1826 1830 14197 1844 1848 14198 1819 1831 14199 1837 1849 14200 1838 1851 14201 1828 1834 14202 1827 1832 14203 1845 1850 14204 1820 1833 14205 1838 1851 14206 1839 1837 14207 1847 1836 14208 1846 1835 14209 1863 1852 14210 1840 1838 14211 1839 1837 14212 1856 1854 14213 1848 1840 14214 1847 1836 14215 1864 1853 14216 1841 1841 14217 1840 1838 14218 1857 1855 14219 1833 1839 14220 1850 1856 14221 1851 1859 14222 1849 1843 14223 1848 1840 14224 1865 1857 14225 1842 1844 14226 1841 1841 14227 1858 1858 14228 1834 1842 14229 1851 1859 14230 1852 1862 14231 1843 1846 14232 1842 1844 14233 1859 1861 14234 1835 1845 14235 1852 1862 14236 1853 1864 14237 1844 1848 14238 1843 1846 14239 1860 1863 14240 1836 1847 14241 1853 1864 14242 1854 1866 14243 1845 1850 14244 1844 1848 14245 1861 1865 14246 1837 1849 14247 1854 1866 14248 1855 1868 14249 1846 1835 14250 1845 1850 14251 1862 1867 14252 1838 1851 14253 1855 1868 14254 1856 1854 14255 1864 1853 14256 1863 1852 14257 1880 1869 14258 1857 1855 14259 1856 1854 14260 1873 1871 14261 1865 1857 14262 1864 1853 14263 1881 1870 14264 1857 1855 14265 1874 1872 14266 1875 1875 14267 1851 1859 14268 1850 1856 14269 1867 1873 14270 1866 1860 14271 1865 1857 14272 1882 1874 14273 1858 1858 14274 1875 1875 14275 1876 1878 14276 1852 1862 14277 1851 1859 14278 1868 1876 14279 1859 1861 14280 1876 1878 14281 1877 1880 14282 1853 1864 14283 1852 1862 14284 1869 1879 14285 1861 1865 14286 1860 1863 14287 1877 1880 14288 1854 1866 14289 1853 1864 14290 1870 1881 14291 1862 1867 14292 1861 1865 14293 1878 1882 14294 1855 1868 14295 1854 1866 14296 1871 1883 14297 1863 1852 14298 1862 1867 14299 1879 1884 14300 1856 1854 14301 1855 1868 14302 1872 1885 14303 1881 1870 14304 1880 1869 14305 1898 1886 14306 1873 1871 14307 1891 1902 14308 1892 1888 14309 1882 1874 14310 1881 1870 14311 1899 1887 14312 1874 1872 14313 1892 1888 14314 1893 1891 14315 1868 1876 14316 1867 1873 14317 1885 1889 14318 1882 1874 14319 1900 1890 14320 1901 1893 14321 1875 1875 14322 1893 1891 14323 1894 1894 14324 1869 1879 14325 1868 1876 14326 1886 1892 14327 1876 1878 14328 1894 1894 14329 1895 1896 14330 1870 1881 14331 1869 1879 14332 1887 1895 14333 1877 1880 14334 1895 1896 14335 1896 1898 14336 1871 1883 14337 1870 1881 14338 1888 1897 14339 1878 1882 14340 1896 1898 14341 1897 1900 14342 1872 1885 14343 1871 1883 14344 1889 1899 14345 1880 1869 14346 1879 1884 14347 1897 1900 14348 1873 1871 14349 1872 1885 14350 1890 1901 14351 1899 1887 14352 1898 1886 14353 1915 1903 14354 1891 1902 14355 1908 1919 14356 1909 1905 14357 1900 1890 14358 1899 1887 14359 1916 1904 14360 1892 1888 14361 1909 1905 14362 1910 1908 14363 1886 1892 14364 1885 1889 14365 1902 1906 14366 1901 1893 14367 1900 1890 14368 1917 1907 14369 1893 1891 14370 1910 1908 14371 1911 1911 14372 1887 1895 14373 1886 1892 14374 1903 1909 14375 1894 1894 14376 1911 1911 14377 1912 1913 14378 1888 1897 14379 1887 1895 14380 1904 1912 14381 1895 1896 14382 1912 1913 14383 1913 1915 14384 1889 1899 14385 1888 1897 14386 1905 1914 14387 1896 1898 14388 1913 1915 14389 1914 1917 14390 1890 1901 14391 1889 1899 14392 1906 1916 14393 1898 1886 14394 1897 1900 14395 1914 1917 14396 1891 1902 14397 1890 1901 14398 1907 1918 14399 1916 1904 14400 1915 1903 14401 1692 1694 14402 1908 1919 14403 1686 1696 14404 1919 1700 14405 1917 1907 14406 1916 1904 14407 1693 1698 14408 1909 1905 14409 1919 1700 14410 1687 1707 14411 1903 1909 14412 1902 1906 14413 1680 1702 14414 1918 1910 14415 1917 1907 14416 1694 1705 14417 1910 1908 14418 1687 1707 14419 1688 1713 14420 1904 1912 14421 1903 1909 14422 1681 1710 14423 1911 1911 14424 1688 1713 14425 1689 1680 14426 1905 1914 14427 1904 1912 14428 1682 1683 14429 1912 1913 14430 1689 1680 14431 1690 1686 14432 1906 1916 14433 1905 1914 14434 1683 1685 14435 1913 1915 14436 1690 1686 14437 1691 1690 14438 1907 1918 14439 1906 1916 14440 1684 1689 14441 1914 1917 14442 1691 1690 14443 1692 1694 14444 1908 1919 14445 1907 1918 14446 1685 1693 14447 1929 1920 14448 1928 1953 14449 1945 1921 14450 1922 1923 14451 1938 1954 14452 1939 1924 14453 1930 1926 14454 1929 1920 14455 1946 1922 14456 1923 1925 14457 1939 1924 14458 1940 1928 14459 1931 1930 14460 1930 1926 14461 1947 1927 14462 1924 1929 14463 1940 1928 14464 1941 1932 14465 1932 1934 14466 1931 1930 14467 1948 1931 14468 1926 1936 14469 1925 1933 14470 1941 1932 14471 1933 1938 14472 1932 1934 14473 1949 1935 14474 2159 1940 14475 1926 1936 14476 1942 1937 14477 1934 1945 14478 1933 1938 14479 1950 1939 14480 1927 1947 14481 2159 1940 14482 1943 1941 14483 1921 1949 14484 1920 1942 14485 1936 1944 14486 1935 1951 14487 1934 1945 14488 1951 1946 14489 1928 1953 14490 1927 1947 14491 1944 1948 14492 1921 1949 14493 1937 1950 14494 1938 1954 14495 1950 1939 14496 1949 1935 14497 1966 1956 14498 1943 1941 14499 1942 1937 14500 1959 1958 14501 1951 1946 14502 1950 1939 14503 1967 1957 14504 1944 1948 14505 1943 1941 14506 1960 1959 14507 1936 1944 14508 1953 1960 14509 1954 1963 14510 1952 1952 14511 1951 1946 14512 1968 1961 14513 1945 1921 14514 1944 1948 14515 1961 1962 14516 1937 1950 14517 1954 1963 14518 1955 1966 14519 1946 1922 14520 1945 1921 14521 1962 1965 14522 1938 1954 14523 1955 1966 14524 1956 1968 14525 1947 1927 14526 1946 1922 14527 1963 1967 14528 1939 1924 14529 1956 1968 14530 1957 1970 14531 1948 1931 14532 1947 1927 14533 1964 1969 14534 1940 1928 14535 1957 1970 14536 1958 1972 14537 1949 1935 14538 1948 1931 14539 1965 1971 14540 1942 1937 14541 1941 1932 14542 1958 1972 14543 1967 1957 14544 1966 1956 14545 1983 1973 14546 1960 1959 14547 1959 1958 14548 1976 1975 14549 1968 1961 14550 1967 1957 14551 1984 1974 14552 1961 1962 14553 1960 1959 14554 1977 1976 14555 1953 1960 14556 1970 1977 14557 1971 1980 14558 1969 1964 14559 1968 1961 14560 1985 1978 14561 1962 1965 14562 1961 1962 14563 1978 1979 14564 1954 1963 14565 1971 1980 14566 1972 1983 14567 1963 1967 14568 1962 1965 14569 1979 1982 14570 1955 1966 14571 1972 1983 14572 1973 1985 14573 1964 1969 14574 1963 1967 14575 1980 1984 14576 1956 1968 14577 1973 1985 14578 1974 1987 14579 1965 1971 14580 1964 1969 14581 1981 1986 14582 1957 1970 14583 1974 1987 14584 1975 1989 14585 1966 1956 14586 1965 1971 14587 1982 1988 14588 1959 1958 14589 1958 1972 14590 1975 1989 14591 1983 1973 14592 2000 2006 14593 2001 1990 14594 1977 1976 14595 1976 1975 14596 1993 1991 14597 1984 1974 14598 2001 1990 14599 2002 1994 14600 1978 1979 14601 1977 1976 14602 1994 1992 14603 1970 1977 14604 1987 1993 14605 1988 1996 14606 1985 1978 14607 2002 1994 14608 2003 1997 14609 1979 1982 14610 1978 1979 14611 1995 1995 14612 1971 1980 14613 1988 1996 14614 1989 1999 14615 1980 1984 14616 1979 1982 14617 1996 1998 14618 1972 1983 14619 1989 1999 14620 1990 2001 14621 1980 1984 14622 1997 2000 14623 1998 2002 14624 1973 1985 14625 1990 2001 14626 1991 2003 14627 1981 1986 14628 1998 2002 14629 1999 2004 14630 1975 1989 14631 1974 1987 14632 1991 2003 14633 1982 1988 14634 1999 2004 14635 2000 2006 14636 1976 1975 14637 1975 1989 14638 1992 2005 14639 2000 2006 14640 2017 2022 14641 2018 2007 14642 1993 1991 14643 2010 2023 14644 2011 2008 14645 2001 1990 14646 2018 2007 14647 2019 2010 14648 1994 1992 14649 2011 2008 14650 2012 2011 14651 1987 1993 14652 2004 2009 14653 2005 2012 14654 2002 1994 14655 2019 2010 14656 2020 2013 14657 1995 1995 14658 2012 2011 14659 2013 2014 14660 1989 1999 14661 1988 1996 14662 2005 2012 14663 1996 1998 14664 2013 2014 14665 2014 2016 14666 1990 2001 14667 1989 1999 14668 2006 2015 14669 1997 2000 14670 2014 2016 14671 2015 2018 14672 1991 2003 14673 1990 2001 14674 2007 2017 14675 1998 2002 14676 2015 2018 14677 2016 2020 14678 1992 2005 14679 1991 2003 14680 2008 2019 14681 1999 2004 14682 2016 2020 14683 2017 2022 14684 1992 2005 14685 2009 2021 14686 2010 2023 14687 2017 2022 14688 2034 2039 14689 2035 2024 14690 2010 2023 14691 2027 2040 14692 2028 2025 14693 2018 2007 14694 2035 2024 14695 2036 2027 14696 2011 2008 14697 2028 2025 14698 2029 2028 14699 2004 2009 14700 2021 2026 14701 2022 2029 14702 2019 2010 14703 2036 2027 14704 2037 2030 14705 2012 2011 14706 2029 2028 14707 2030 2031 14708 2006 2015 14709 2005 2012 14710 2022 2029 14711 2013 2014 14712 2030 2031 14713 2031 2033 14714 2007 2017 14715 2006 2015 14716 2023 2032 14717 2014 2016 14718 2031 2033 14719 2032 2035 14720 2008 2019 14721 2007 2017 14722 2024 2034 14723 2015 2018 14724 2032 2035 14725 2033 2037 14726 2008 2019 14727 2025 2036 14728 2026 2038 14729 2016 2020 14730 2033 2037 14731 2034 2039 14732 2009 2021 14733 2026 2038 14734 2027 2040 14735 2034 2039 14736 2051 2056 14737 2052 2041 14738 2027 2040 14739 2044 2057 14740 2045 2042 14741 2035 2024 14742 2052 2041 14743 2053 2044 14744 2028 2025 14745 2045 2042 14746 2046 2045 14747 2021 2026 14748 2038 2043 14749 2039 2046 14750 2036 2027 14751 2053 2044 14752 2054 2047 14753 2029 2028 14754 2046 2045 14755 2047 2048 14756 2023 2032 14757 2022 2029 14758 2039 2046 14759 2030 2031 14760 2047 2048 14761 2048 2050 14762 2024 2034 14763 2023 2032 14764 2040 2049 14765 2031 2033 14766 2048 2050 14767 2049 2052 14768 2025 2036 14769 2024 2034 14770 2041 2051 14771 2032 2035 14772 2049 2052 14773 2050 2054 14774 2025 2036 14775 2042 2053 14776 2043 2055 14777 2033 2037 14778 2050 2054 14779 2051 2056 14780 2026 2038 14781 2043 2055 14782 2044 2057 14783 2051 2056 14784 2068 2074 14785 2069 2058 14786 2045 2042 14787 2044 2057 14788 2061 2059 14789 2052 2041 14790 2069 2058 14791 2070 2062 14792 2046 2045 14793 2045 2042 14794 2062 2060 14795 2038 2043 14796 2055 2061 14797 2056 2064 14798 2053 2044 14799 2070 2062 14800 2071 2065 14801 2047 2048 14802 2046 2045 14803 2063 2063 14804 2039 2046 14805 2056 2064 14806 2057 2067 14807 2048 2050 14808 2047 2048 14809 2064 2066 14810 2040 2049 14811 2057 2067 14812 2058 2069 14813 2049 2052 14814 2048 2050 14815 2065 2068 14816 2041 2051 14817 2058 2069 14818 2059 2071 14819 2050 2054 14820 2049 2052 14821 2066 2070 14822 2042 2053 14823 2059 2071 14824 2060 2073 14825 2051 2056 14826 2050 2054 14827 2067 2072 14828 2043 2055 14829 2060 2073 14830 2061 2059 14831 2069 2058 14832 2068 2074 14833 2086 2075 14834 2062 2060 14835 2061 2059 14836 2079 2077 14837 2069 2058 14838 2087 2076 14839 2088 2080 14840 2063 2063 14841 2062 2060 14842 2080 2078 14843 2055 2061 14844 2073 2079 14845 2074 2082 14846 2070 2062 14847 2088 2080 14848 2089 2083 14849 2064 2066 14850 2063 2063 14851 2081 2081 14852 2056 2064 14853 2074 2082 14854 2075 2085 14855 2065 2068 14856 2064 2066 14857 2082 2084 14858 2057 2067 14859 2075 2085 14860 2076 2087 14861 2066 2070 14862 2065 2068 14863 2083 2086 14864 2058 2069 14865 2076 2087 14866 2077 2089 14867 2067 2072 14868 2066 2070 14869 2084 2088 14870 2059 2071 14871 2077 2089 14872 2078 2091 14873 2068 2074 14874 2067 2072 14875 2085 2090 14876 2060 2073 14877 2078 2091 14878 2079 2077 14879 2087 2076 14880 2086 2075 14881 2103 2092 14882 2080 2078 14883 2079 2077 14884 2096 2094 14885 2088 2080 14886 2087 2076 14887 2104 2093 14888 2081 2081 14889 2080 2078 14890 2097 2095 14891 2074 2082 14892 2073 2079 14893 2090 2096 14894 2089 2083 14895 2088 2080 14896 2105 2097 14897 2082 2084 14898 2081 2081 14899 2098 2098 14900 2074 2082 14901 2091 2099 14902 2092 2102 14903 2083 2086 14904 2082 2084 14905 2099 2101 14906 2075 2085 14907 2092 2102 14908 2093 2104 14909 2084 2088 14910 2083 2086 14911 2100 2103 14912 2076 2087 14913 2093 2104 14914 2094 2106 14915 2085 2090 14916 2084 2088 14917 2101 2105 14918 2077 2089 14919 2094 2106 14920 2095 2108 14921 2086 2075 14922 2085 2090 14923 2102 2107 14924 2078 2091 14925 2095 2108 14926 2096 2094 14927 2104 2093 14928 2103 2092 14929 2120 2109 14930 2097 2095 14931 2096 2094 14932 2113 2111 14933 2105 2097 14934 2104 2093 14935 2121 2110 14936 2097 2095 14937 2114 2112 14938 2115 2115 14939 2091 2099 14940 2090 2096 14941 2107 2113 14942 2106 2100 14943 2105 2097 14944 2122 2114 14945 2098 2098 14946 2115 2115 14947 2116 2118 14948 2091 2099 14949 2108 2116 14950 2109 2119 14951 2099 2101 14952 2116 2118 14953 2117 2120 14954 2093 2104 14955 2092 2102 14956 2109 2119 14957 2101 2105 14958 2100 2103 14959 2117 2120 14960 2094 2106 14961 2093 2104 14962 2110 2121 14963 2102 2107 14964 2101 2105 14965 2118 2122 14966 2095 2108 14967 2094 2106 14968 2111 2123 14969 2103 2092 14970 2102 2107 14971 2119 2124 14972 2096 2094 14973 2095 2108 14974 2112 2125 14975 2121 2110 14976 2120 2109 14977 2138 2126 14978 2113 2111 14979 2131 2142 14980 2132 2128 14981 2122 2114 14982 2121 2110 14983 2139 2127 14984 2114 2112 14985 2132 2128 14986 2133 2131 14987 2108 2116 14988 2107 2113 14989 2125 2129 14990 2123 2117 14991 2122 2114 14992 2140 2130 14993 2115 2115 14994 2133 2131 14995 2134 2134 14996 2109 2119 14997 2108 2116 14998 2126 2132 14999 2116 2118 15000 2134 2134 15001 2135 2136 15002 2110 2121 15003 2109 2119 15004 2127 2135 15005 2117 2120 15006 2135 2136 15007 2136 2138 15008 2111 2123 15009 2110 2121 15010 2128 2137 15011 2119 2124 15012 2118 2122 15013 2136 2138 15014 2112 2125 15015 2111 2123 15016 2129 2139 15017 2120 2109 15018 2119 2124 15019 2137 2140 15020 2113 2111 15021 2112 2125 15022 2130 2141 15023 2139 2127 15024 2138 2126 15025 2155 2143 15026 2131 2142 15027 2148 2159 15028 2149 2145 15029 2140 2130 15030 2139 2127 15031 2156 2144 15032 2132 2128 15033 2149 2145 15034 2150 2148 15035 2126 2132 15036 2125 2129 15037 2142 2146 15038 2141 2133 15039 2140 2130 15040 2157 2147 15041 2133 2131 15042 2150 2148 15043 2151 2151 15044 2127 2135 15045 2126 2132 15046 2143 2149 15047 2134 2134 15048 2151 2151 15049 2152 2153 15050 2128 2137 15051 2127 2135 15052 2144 2152 15053 2136 2138 15054 2135 2136 15055 2152 2153 15056 2129 2139 15057 2128 2137 15058 2145 2154 15059 2137 2140 15060 2136 2138 15061 2153 2155 15062 2130 2141 15063 2129 2139 15064 2146 2156 15065 2138 2126 15066 2137 2140 15067 2154 2157 15068 2131 2142 15069 2130 2141 15070 2147 2158 15071 2156 2144 15072 2155 2143 15073 1932 1934 15074 2148 2159 15075 1926 1936 15076 2159 1940 15077 2157 2147 15078 2156 2144 15079 1933 1938 15080 2149 2145 15081 2159 1940 15082 1927 1947 15083 2143 2149 15084 2142 2146 15085 1920 1942 15086 2158 2150 15087 2157 2147 15088 1934 1945 15089 2150 2148 15090 1927 1947 15091 1928 1953 15092 2144 2152 15093 2143 2149 15094 1921 1949 15095 2152 2153 15096 2151 2151 15097 1928 1953 15098 2145 2154 15099 2144 2152 15100 1922 1923 15101 2153 2155 15102 2152 2153 15103 1929 1920 15104 2146 2156 15105 2145 2154 15106 1923 1925 15107 2154 2157 15108 2153 2155 15109 1930 1926 15110 2147 2158 15111 2146 2156 15112 1924 1929 15113 2155 2143 15114 2154 2157 15115 1931 1930 15116 2148 2159 15117 2147 2158 15118 1925 1933 15119 2168 2160 15120 2185 2193 15121 2186 2161 15122 2163 2163 15123 2162 2194 15124 2178 2164 15125 2169 2162 15126 2186 2161 15127 2187 2166 15128 2164 2168 15129 2163 2163 15130 2179 2165 15131 2170 2167 15132 2187 2166 15133 2188 2170 15134 2165 2172 15135 2164 2168 15136 2180 2169 15137 2171 2171 15138 2188 2170 15139 2189 2174 15140 2166 2176 15141 2165 2172 15142 2181 2173 15143 2172 2175 15144 2189 2174 15145 2190 2178 15146 2166 2176 15147 2182 2177 15148 2183 2180 15149 2174 2185 15150 2173 2179 15151 2190 2178 15152 2399 2181 15153 2183 2180 15154 2184 2187 15155 2161 2189 15156 2160 2182 15157 2176 2184 15158 2175 2191 15159 2174 2185 15160 2191 2186 15161 2167 2188 15162 2184 2187 15163 2185 2193 15164 2162 2194 15165 2161 2189 15166 2177 2190 15167 2189 2174 15168 2206 2211 15169 2207 2196 15170 2182 2177 15171 2199 2212 15172 2200 2197 15173 2190 2178 15174 2207 2196 15175 2208 2199 15176 2183 2180 15177 2200 2197 15178 2201 2200 15179 2177 2190 15180 2176 2184 15181 2193 2198 15182 2191 2186 15183 2208 2199 15184 2209 2202 15185 2184 2187 15186 2201 2200 15187 2202 2203 15188 2178 2164 15189 2177 2190 15190 2194 2201 15191 2185 2193 15192 2202 2203 15193 2203 2205 15194 2179 2165 15195 2178 2164 15196 2195 2204 15197 2186 2161 15198 2203 2205 15199 2204 2207 15200 2180 2169 15201 2179 2165 15202 2196 2206 15203 2187 2166 15204 2204 2207 15205 2205 2209 15206 2181 2173 15207 2180 2169 15208 2197 2208 15209 2188 2170 15210 2205 2209 15211 2206 2211 15212 2182 2177 15213 2181 2173 15214 2198 2210 15215 2206 2211 15216 2223 2229 15217 2224 2213 15218 2200 2197 15219 2199 2212 15220 2216 2214 15221 2207 2196 15222 2224 2213 15223 2225 2217 15224 2201 2200 15225 2200 2197 15226 2217 2215 15227 2194 2201 15228 2193 2198 15229 2210 2216 15230 2208 2199 15231 2225 2217 15232 2226 2220 15233 2202 2203 15234 2201 2200 15235 2218 2218 15236 2195 2204 15237 2194 2201 15238 2211 2219 15239 2202 2203 15240 2219 2221 15241 2220 2223 15242 2196 2206 15243 2195 2204 15244 2212 2222 15245 2203 2205 15246 2220 2223 15247 2221 2225 15248 2197 2208 15249 2196 2206 15250 2213 2224 15251 2204 2207 15252 2221 2225 15253 2222 2227 15254 2198 2210 15255 2197 2208 15256 2214 2226 15257 2205 2209 15258 2222 2227 15259 2223 2229 15260 2199 2212 15261 2198 2210 15262 2215 2228 15263 2223 2229 15264 2240 2246 15265 2241 2230 15266 2217 2215 15267 2216 2214 15268 2233 2231 15269 2224 2213 15270 2241 2230 15271 2242 2234 15272 2218 2218 15273 2217 2215 15274 2234 2232 15275 2210 2216 15276 2227 2233 15277 2228 2236 15278 2225 2217 15279 2242 2234 15280 2243 2237 15281 2219 2221 15282 2218 2218 15283 2235 2235 15284 2212 2222 15285 2211 2219 15286 2228 2236 15287 2220 2223 15288 2219 2221 15289 2236 2238 15290 2212 2222 15291 2229 2239 15292 2230 2241 15293 2220 2223 15294 2237 2240 15295 2238 2242 15296 2213 2224 15297 2230 2241 15298 2231 2243 15299 2221 2225 15300 2238 2242 15301 2239 2244 15302 2214 2226 15303 2231 2243 15304 2232 2245 15305 2222 2227 15306 2239 2244 15307 2240 2246 15308 2216 2214 15309 2215 2228 15310 2232 2245 15311 2241 2230 15312 2240 2246 15313 2257 2247 15314 2234 2232 15315 2233 2231 15316 2250 2249 15317 2242 2234 15318 2241 2230 15319 2258 2248 15320 2235 2235 15321 2234 2232 15322 2251 2250 15323 2227 2233 15324 2244 2251 15325 2245 2254 15326 2243 2237 15327 2242 2234 15328 2259 2252 15329 2236 2238 15330 2235 2235 15331 2252 2253 15332 2228 2236 15333 2245 2254 15334 2246 2257 15335 2237 2240 15336 2236 2238 15337 2253 2256 15338 2229 2239 15339 2246 2257 15340 2247 2259 15341 2238 2242 15342 2237 2240 15343 2254 2258 15344 2230 2241 15345 2247 2259 15346 2248 2261 15347 2239 2244 15348 2238 2242 15349 2255 2260 15350 2231 2243 15351 2248 2261 15352 2249 2263 15353 2240 2246 15354 2239 2244 15355 2256 2262 15356 2233 2231 15357 2232 2245 15358 2249 2263 15359 2258 2248 15360 2257 2247 15361 2274 2264 15362 2250 2249 15363 2267 2280 15364 2268 2266 15365 2259 2252 15366 2258 2248 15367 2275 2265 15368 2251 2250 15369 2268 2266 15370 2269 2269 15371 2244 2251 15372 2261 2267 15373 2262 2270 15374 2260 2255 15375 2259 2252 15376 2276 2268 15377 2252 2253 15378 2269 2269 15379 2270 2272 15380 2245 2254 15381 2262 2270 15382 2263 2273 15383 2254 2258 15384 2253 2256 15385 2270 2272 15386 2247 2259 15387 2246 2257 15388 2263 2273 15389 2255 2260 15390 2254 2258 15391 2271 2274 15392 2248 2261 15393 2247 2259 15394 2264 2275 15395 2256 2262 15396 2255 2260 15397 2272 2276 15398 2248 2261 15399 2265 2277 15400 2266 2279 15401 2257 2247 15402 2256 2262 15403 2273 2278 15404 2249 2263 15405 2266 2279 15406 2267 2280 15407 2274 2264 15408 2291 2296 15409 2292 2281 15410 2267 2280 15411 2284 2297 15412 2285 2282 15413 2275 2265 15414 2292 2281 15415 2293 2284 15416 2268 2266 15417 2285 2282 15418 2286 2285 15419 2261 2267 15420 2278 2283 15421 2279 2286 15422 2276 2268 15423 2293 2284 15424 2294 2287 15425 2269 2269 15426 2286 2285 15427 2287 2288 15428 2262 2270 15429 2279 2286 15430 2280 2289 15431 2271 2274 15432 2270 2272 15433 2287 2288 15434 2264 2275 15435 2263 2273 15436 2280 2289 15437 2272 2276 15438 2271 2274 15439 2288 2290 15440 2264 2275 15441 2281 2291 15442 2282 2293 15443 2273 2278 15444 2272 2276 15445 2289 2292 15446 2265 2277 15447 2282 2293 15448 2283 2295 15449 2273 2278 15450 2290 2294 15451 2291 2296 15452 2266 2279 15453 2283 2295 15454 2284 2297 15455 2291 2296 15456 2308 2313 15457 2309 2298 15458 2284 2297 15459 2301 2314 15460 2302 2299 15461 2292 2281 15462 2309 2298 15463 2310 2301 15464 2285 2282 15465 2302 2299 15466 2303 2302 15467 2279 2286 15468 2278 2283 15469 2295 2300 15470 2293 2284 15471 2310 2301 15472 2311 2304 15473 2286 2285 15474 2303 2302 15475 2304 2305 15476 2280 2289 15477 2279 2286 15478 2296 2303 15479 2287 2288 15480 2304 2305 15481 2305 2307 15482 2281 2291 15483 2280 2289 15484 2297 2306 15485 2288 2290 15486 2305 2307 15487 2306 2309 15488 2282 2293 15489 2281 2291 15490 2298 2308 15491 2289 2292 15492 2306 2309 15493 2307 2311 15494 2283 2295 15495 2282 2293 15496 2299 2310 15497 2290 2294 15498 2307 2311 15499 2308 2313 15500 2283 2295 15501 2300 2312 15502 2301 2314 15503 2308 2313 15504 2326 2330 15505 2327 2315 15506 2301 2314 15507 2319 2331 15508 2320 2316 15509 2309 2298 15510 2327 2315 15511 2328 2318 15512 2302 2299 15513 2320 2316 15514 2321 2319 15515 2296 2303 15516 2295 2300 15517 2313 2317 15518 2310 2301 15519 2328 2318 15520 2329 2321 15521 2303 2302 15522 2321 2319 15523 2322 2322 15524 2297 2306 15525 2296 2303 15526 2314 2320 15527 2304 2305 15528 2322 2322 15529 2323 2324 15530 2298 2308 15531 2297 2306 15532 2315 2323 15533 2305 2307 15534 2323 2324 15535 2324 2326 15536 2299 2310 15537 2298 2308 15538 2316 2325 15539 2306 2309 15540 2324 2326 15541 2325 2328 15542 2300 2312 15543 2299 2310 15544 2317 2327 15545 2307 2311 15546 2325 2328 15547 2326 2330 15548 2300 2312 15549 2318 2329 15550 2319 2331 15551 2326 2330 15552 2343 2347 15553 2344 2332 15554 2319 2331 15555 2336 2348 15556 2337 2333 15557 2327 2315 15558 2344 2332 15559 2345 2335 15560 2320 2316 15561 2337 2333 15562 2338 2336 15563 2314 2320 15564 2313 2317 15565 2330 2334 15566 2328 2318 15567 2345 2335 15568 2346 2338 15569 2321 2319 15570 2338 2336 15571 2339 2339 15572 2315 2323 15573 2314 2320 15574 2331 2337 15575 2322 2322 15576 2339 2339 15577 2340 2341 15578 2316 2325 15579 2315 2323 15580 2332 2340 15581 2323 2324 15582 2340 2341 15583 2341 2343 15584 2317 2327 15585 2316 2325 15586 2333 2342 15587 2324 2326 15588 2341 2343 15589 2342 2345 15590 2318 2329 15591 2317 2327 15592 2334 2344 15593 2325 2328 15594 2342 2345 15595 2343 2347 15596 2318 2329 15597 2335 2346 15598 2336 2348 15599 2344 2332 15600 2343 2347 15601 2360 2349 15602 2336 2348 15603 2353 2365 15604 2354 2351 15605 2345 2335 15606 2344 2332 15607 2361 2350 15608 2338 2336 15609 2337 2333 15610 2354 2351 15611 2331 2337 15612 2330 2334 15613 2347 2352 15614 2346 2338 15615 2345 2335 15616 2362 2353 15617 2338 2336 15618 2355 2354 15619 2356 2357 15620 2332 2340 15621 2331 2337 15622 2348 2355 15623 2339 2339 15624 2356 2357 15625 2357 2359 15626 2332 2340 15627 2349 2358 15628 2350 2360 15629 2341 2343 15630 2340 2341 15631 2357 2359 15632 2333 2342 15633 2350 2360 15634 2351 2362 15635 2342 2345 15636 2341 2343 15637 2358 2361 15638 2334 2344 15639 2351 2362 15640 2352 2364 15641 2343 2347 15642 2342 2345 15643 2359 2363 15644 2335 2346 15645 2352 2364 15646 2353 2365 15647 2361 2350 15648 2360 2349 15649 2378 2366 15650 2354 2351 15651 2353 2365 15652 2371 2368 15653 2362 2353 15654 2361 2350 15655 2379 2367 15656 2355 2354 15657 2354 2351 15658 2372 2369 15659 2347 2352 15660 2365 2370 15661 2366 2373 15662 2363 2356 15663 2362 2353 15664 2380 2371 15665 2356 2357 15666 2355 2354 15667 2373 2372 15668 2348 2355 15669 2366 2373 15670 2367 2376 15671 2357 2359 15672 2356 2357 15673 2374 2375 15674 2349 2358 15675 2367 2376 15676 2368 2378 15677 2358 2361 15678 2357 2359 15679 2375 2377 15680 2350 2360 15681 2368 2378 15682 2369 2380 15683 2359 2363 15684 2358 2361 15685 2376 2379 15686 2351 2362 15687 2369 2380 15688 2370 2382 15689 2360 2349 15690 2359 2363 15691 2377 2381 15692 2353 2365 15693 2352 2364 15694 2370 2382 15695 2379 2367 15696 2378 2366 15697 2395 2383 15698 2372 2369 15699 2371 2368 15700 2388 2385 15701 2380 2371 15702 2379 2367 15703 2396 2384 15704 2373 2372 15705 2372 2369 15706 2389 2386 15707 2365 2370 15708 2382 2387 15709 2383 2390 15710 2381 2374 15711 2380 2371 15712 2397 2388 15713 2374 2375 15714 2373 2372 15715 2390 2389 15716 2366 2373 15717 2383 2390 15718 2384 2393 15719 2375 2377 15720 2374 2375 15721 2391 2392 15722 2367 2376 15723 2384 2393 15724 2385 2395 15725 2376 2379 15726 2375 2377 15727 2392 2394 15728 2368 2378 15729 2385 2395 15730 2386 2397 15731 2377 2381 15732 2376 2379 15733 2393 2396 15734 2369 2380 15735 2386 2397 15736 2387 2399 15737 2378 2366 15738 2377 2381 15739 2394 2398 15740 2371 2368 15741 2370 2382 15742 2387 2399 15743 2396 2384 15744 2395 2383 15745 2172 2175 15746 2389 2386 15747 2388 2385 15748 2166 2176 15749 2397 2388 15750 2396 2384 15751 2173 2179 15752 2390 2389 15753 2389 2386 15754 2399 2181 15755 2383 2390 15756 2382 2387 15757 2160 2182 15758 2398 2391 15759 2397 2388 15760 2174 2185 15761 2391 2392 15762 2390 2389 15763 2167 2188 15764 2383 2390 15765 2161 2189 15766 2162 2194 15767 2392 2394 15768 2391 2392 15769 2168 2160 15770 2384 2393 15771 2162 2194 15772 2163 2163 15773 2393 2396 15774 2392 2394 15775 2169 2162 15776 2385 2395 15777 2163 2163 15778 2164 2168 15779 2394 2398 15780 2393 2396 15781 2170 2167 15782 2386 2397 15783 2164 2168 15784 2165 2172 15785 2395 2383 15786 2394 2398 15787 2171 2171 15788 2388 2385 15789 2387 2399 15790 2165 2172 15791 2408 2400 15792 2425 2433 15793 2426 2401 15794 2403 2403 15795 2402 2434 15796 2418 2404 15797 2410 2406 15798 2409 2402 15799 2426 2401 15800 2404 2408 15801 2403 2403 15802 2419 2405 15803 2410 2406 15804 2427 2407 15805 2428 2410 15806 2405 2412 15807 2404 2408 15808 2420 2409 15809 2411 2411 15810 2428 2410 15811 2429 2414 15812 2406 2416 15813 2405 2412 15814 2421 2413 15815 2412 2415 15816 2429 2414 15817 2430 2418 15818 2406 2416 15819 2422 2417 15820 2423 2420 15821 2414 2425 15822 2413 2419 15823 2430 2418 15824 2639 2421 15825 2423 2420 15826 2424 2427 15827 2401 2429 15828 2400 2422 15829 2416 2424 15830 2415 2431 15831 2414 2425 15832 2431 2426 15833 2407 2428 15834 2424 2427 15835 2425 2433 15836 2402 2434 15837 2401 2429 15838 2417 2430 15839 2429 2414 15840 2446 2451 15841 2447 2436 15842 2422 2417 15843 2439 2452 15844 2440 2437 15845 2430 2418 15846 2447 2436 15847 2448 2439 15848 2423 2420 15849 2440 2437 15850 2441 2440 15851 2417 2430 15852 2416 2424 15853 2433 2438 15854 2432 2432 15855 2431 2426 15856 2448 2439 15857 2424 2427 15858 2441 2440 15859 2442 2443 15860 2418 2404 15861 2417 2430 15862 2434 2441 15863 2425 2433 15864 2442 2443 15865 2443 2445 15866 2419 2405 15867 2418 2404 15868 2435 2444 15869 2426 2401 15870 2443 2445 15871 2444 2447 15872 2420 2409 15873 2419 2405 15874 2436 2446 15875 2427 2407 15876 2444 2447 15877 2445 2449 15878 2421 2413 15879 2420 2409 15880 2437 2448 15881 2428 2410 15882 2445 2449 15883 2446 2451 15884 2422 2417 15885 2421 2413 15886 2438 2450 15887 2446 2451 15888 2463 2469 15889 2464 2453 15890 2440 2437 15891 2439 2452 15892 2456 2454 15893 2447 2436 15894 2464 2453 15895 2465 2457 15896 2441 2440 15897 2440 2437 15898 2457 2455 15899 2434 2441 15900 2433 2438 15901 2450 2456 15902 2448 2439 15903 2465 2457 15904 2466 2460 15905 2442 2443 15906 2441 2440 15907 2458 2458 15908 2435 2444 15909 2434 2441 15910 2451 2459 15911 2442 2443 15912 2459 2461 15913 2460 2463 15914 2436 2446 15915 2435 2444 15916 2452 2462 15917 2443 2445 15918 2460 2463 15919 2461 2465 15920 2437 2448 15921 2436 2446 15922 2453 2464 15923 2444 2447 15924 2461 2465 15925 2462 2467 15926 2438 2450 15927 2437 2448 15928 2454 2466 15929 2445 2449 15930 2462 2467 15931 2463 2469 15932 2439 2452 15933 2438 2450 15934 2455 2468 15935 2463 2469 15936 2480 2486 15937 2481 2470 15938 2457 2455 15939 2456 2454 15940 2473 2471 15941 2464 2453 15942 2481 2470 15943 2482 2474 15944 2458 2458 15945 2457 2455 15946 2474 2472 15947 2450 2456 15948 2467 2473 15949 2468 2476 15950 2465 2457 15951 2482 2474 15952 2483 2477 15953 2459 2461 15954 2458 2458 15955 2475 2475 15956 2451 2459 15957 2468 2476 15958 2469 2479 15959 2460 2463 15960 2459 2461 15961 2476 2478 15962 2452 2462 15963 2469 2479 15964 2470 2481 15965 2460 2463 15966 2477 2480 15967 2478 2482 15968 2453 2464 15969 2470 2481 15970 2471 2483 15971 2461 2465 15972 2478 2482 15973 2479 2484 15974 2455 2468 15975 2454 2466 15976 2471 2483 15977 2462 2467 15978 2479 2484 15979 2480 2486 15980 2456 2454 15981 2455 2468 15982 2472 2485 15983 2481 2470 15984 2480 2486 15985 2497 2487 15986 2474 2472 15987 2473 2471 15988 2490 2489 15989 2482 2474 15990 2481 2470 15991 2498 2488 15992 2475 2475 15993 2474 2472 15994 2491 2490 15995 2467 2473 15996 2484 2491 15997 2485 2494 15998 2483 2477 15999 2482 2474 16000 2499 2492 16001 2476 2478 16002 2475 2475 16003 2492 2493 16004 2468 2476 16005 2485 2494 16006 2486 2497 16007 2477 2480 16008 2476 2478 16009 2493 2496 16010 2469 2479 16011 2486 2497 16012 2487 2499 16013 2478 2482 16014 2477 2480 16015 2494 2498 16016 2470 2481 16017 2487 2499 16018 2488 2501 16019 2479 2484 16020 2478 2482 16021 2495 2500 16022 2471 2483 16023 2488 2501 16024 2489 2503 16025 2480 2486 16026 2479 2484 16027 2496 2502 16028 2473 2471 16029 2472 2485 16030 2489 2503 16031 2497 2487 16032 2514 2519 16033 2515 2504 16034 2490 2489 16035 2507 2520 16036 2508 2505 16037 2499 2492 16038 2498 2488 16039 2515 2504 16040 2491 2490 16041 2508 2505 16042 2509 2508 16043 2484 2491 16044 2501 2506 16045 2502 2509 16046 2500 2495 16047 2499 2492 16048 2516 2507 16049 2492 2493 16050 2509 2508 16051 2510 2511 16052 2485 2494 16053 2502 2509 16054 2503 2512 16055 2493 2496 16056 2510 2511 16057 2511 2513 16058 2487 2499 16059 2486 2497 16060 2503 2512 16061 2495 2500 16062 2494 2498 16063 2511 2513 16064 2488 2501 16065 2487 2499 16066 2504 2514 16067 2496 2502 16068 2495 2500 16069 2512 2515 16070 2488 2501 16071 2505 2516 16072 2506 2518 16073 2496 2502 16074 2513 2517 16075 2514 2519 16076 2489 2503 16077 2506 2518 16078 2507 2520 16079 2514 2519 16080 2531 2536 16081 2532 2521 16082 2507 2520 16083 2524 2537 16084 2525 2522 16085 2515 2504 16086 2532 2521 16087 2533 2524 16088 2508 2505 16089 2525 2522 16090 2526 2525 16091 2501 2506 16092 2518 2523 16093 2519 2526 16094 2516 2507 16095 2533 2524 16096 2534 2527 16097 2509 2508 16098 2526 2525 16099 2527 2528 16100 2502 2509 16101 2519 2526 16102 2520 2529 16103 2510 2511 16104 2527 2528 16105 2528 2530 16106 2504 2514 16107 2503 2512 16108 2520 2529 16109 2512 2515 16110 2511 2513 16111 2528 2530 16112 2504 2514 16113 2521 2531 16114 2522 2533 16115 2513 2517 16116 2512 2515 16117 2529 2532 16118 2505 2516 16119 2522 2533 16120 2523 2535 16121 2513 2517 16122 2530 2534 16123 2531 2536 16124 2506 2518 16125 2523 2535 16126 2524 2537 16127 2531 2536 16128 2548 2553 16129 2549 2538 16130 2524 2537 16131 2541 2554 16132 2542 2539 16133 2532 2521 16134 2549 2538 16135 2550 2541 16136 2525 2522 16137 2542 2539 16138 2543 2542 16139 2519 2526 16140 2518 2523 16141 2535 2540 16142 2533 2524 16143 2550 2541 16144 2551 2544 16145 2526 2525 16146 2543 2542 16147 2544 2545 16148 2520 2529 16149 2519 2526 16150 2536 2543 16151 2528 2530 16152 2527 2528 16153 2544 2545 16154 2521 2531 16155 2520 2529 16156 2537 2546 16157 2528 2530 16158 2545 2547 16159 2546 2549 16160 2522 2533 16161 2521 2531 16162 2538 2548 16163 2529 2532 16164 2546 2549 16165 2547 2551 16166 2522 2533 16167 2539 2550 16168 2540 2552 16169 2530 2534 16170 2547 2551 16171 2548 2553 16172 2523 2535 16173 2540 2552 16174 2541 2554 16175 2548 2553 16176 2566 2570 16177 2567 2555 16178 2541 2554 16179 2559 2571 16180 2560 2556 16181 2549 2538 16182 2567 2555 16183 2568 2558 16184 2542 2539 16185 2560 2556 16186 2561 2559 16187 2536 2543 16188 2535 2540 16189 2553 2557 16190 2550 2541 16191 2568 2558 16192 2569 2561 16193 2543 2542 16194 2561 2559 16195 2562 2562 16196 2537 2546 16197 2536 2543 16198 2554 2560 16199 2544 2545 16200 2562 2562 16201 2563 2564 16202 2538 2548 16203 2537 2546 16204 2555 2563 16205 2545 2547 16206 2563 2564 16207 2564 2566 16208 2539 2550 16209 2538 2548 16210 2556 2565 16211 2546 2549 16212 2564 2566 16213 2565 2568 16214 2540 2552 16215 2539 2550 16216 2557 2567 16217 2547 2551 16218 2565 2568 16219 2566 2570 16220 2540 2552 16221 2558 2569 16222 2559 2571 16223 2566 2570 16224 2583 2587 16225 2584 2572 16226 2559 2571 16227 2576 2588 16228 2577 2573 16229 2567 2555 16230 2584 2572 16231 2585 2575 16232 2560 2556 16233 2577 2573 16234 2578 2576 16235 2554 2560 16236 2553 2557 16237 2570 2574 16238 2568 2558 16239 2585 2575 16240 2586 2578 16241 2561 2559 16242 2578 2576 16243 2579 2579 16244 2555 2563 16245 2554 2560 16246 2571 2577 16247 2562 2562 16248 2579 2579 16249 2580 2581 16250 2556 2565 16251 2555 2563 16252 2572 2580 16253 2563 2564 16254 2580 2581 16255 2581 2583 16256 2557 2567 16257 2556 2565 16258 2573 2582 16259 2564 2566 16260 2581 2583 16261 2582 2585 16262 2558 2569 16263 2557 2567 16264 2574 2584 16265 2565 2568 16266 2582 2585 16267 2583 2587 16268 2558 2569 16269 2575 2586 16270 2576 2588 16271 2584 2572 16272 2583 2587 16273 2600 2589 16274 2576 2588 16275 2593 2605 16276 2594 2591 16277 2585 2575 16278 2584 2572 16279 2601 2590 16280 2577 2573 16281 2594 2591 16282 2595 2594 16283 2571 2577 16284 2570 2574 16285 2587 2592 16286 2586 2578 16287 2585 2575 16288 2602 2593 16289 2578 2576 16290 2595 2594 16291 2596 2597 16292 2571 2577 16293 2588 2595 16294 2589 2598 16295 2579 2579 16296 2596 2597 16297 2597 2599 16298 2573 2582 16299 2572 2580 16300 2589 2598 16301 2580 2581 16302 2597 2599 16303 2598 2601 16304 2574 2584 16305 2573 2582 16306 2590 2600 16307 2582 2585 16308 2581 2583 16309 2598 2601 16310 2575 2586 16311 2574 2584 16312 2591 2602 16313 2583 2587 16314 2582 2585 16315 2599 2603 16316 2575 2586 16317 2592 2604 16318 2593 2605 16319 2601 2590 16320 2600 2589 16321 2618 2606 16322 2594 2591 16323 2593 2605 16324 2611 2608 16325 2602 2593 16326 2601 2590 16327 2619 2607 16328 2595 2594 16329 2594 2591 16330 2612 2609 16331 2588 2595 16332 2587 2592 16333 2605 2610 16334 2603 2596 16335 2602 2593 16336 2620 2611 16337 2596 2597 16338 2595 2594 16339 2613 2612 16340 2588 2595 16341 2606 2613 16342 2607 2616 16343 2597 2599 16344 2596 2597 16345 2614 2615 16346 2589 2598 16347 2607 2616 16348 2608 2618 16349 2598 2601 16350 2597 2599 16351 2615 2617 16352 2590 2600 16353 2608 2618 16354 2609 2620 16355 2599 2603 16356 2598 2601 16357 2616 2619 16358 2591 2602 16359 2609 2620 16360 2610 2622 16361 2600 2589 16362 2599 2603 16363 2617 2621 16364 2593 2605 16365 2592 2604 16366 2610 2622 16367 2619 2607 16368 2618 2606 16369 2635 2623 16370 2612 2609 16371 2611 2608 16372 2628 2625 16373 2620 2611 16374 2619 2607 16375 2636 2624 16376 2613 2612 16377 2612 2609 16378 2629 2626 16379 2606 2613 16380 2605 2610 16381 2622 2627 16382 2621 2614 16383 2620 2611 16384 2637 2628 16385 2614 2615 16386 2613 2612 16387 2630 2629 16388 2606 2613 16389 2623 2630 16390 2624 2633 16391 2615 2617 16392 2614 2615 16393 2631 2632 16394 2607 2616 16395 2624 2633 16396 2625 2635 16397 2616 2619 16398 2615 2617 16399 2632 2634 16400 2608 2618 16401 2625 2635 16402 2626 2637 16403 2617 2621 16404 2616 2619 16405 2633 2636 16406 2609 2620 16407 2626 2637 16408 2627 2639 16409 2618 2606 16410 2617 2621 16411 2634 2638 16412 2611 2608 16413 2610 2622 16414 2627 2639 16415 2636 2624 16416 2635 2623 16417 2412 2415 16418 2629 2626 16419 2628 2625 16420 2406 2416 16421 2637 2628 16422 2636 2624 16423 2413 2419 16424 2630 2629 16425 2629 2626 16426 2639 2421 16427 2623 2630 16428 2622 2627 16429 2400 2422 16430 2638 2631 16431 2637 2628 16432 2414 2425 16433 2631 2632 16434 2630 2629 16435 2407 2428 16436 2623 2630 16437 2401 2429 16438 2402 2434 16439 2632 2634 16440 2631 2632 16441 2408 2400 16442 2624 2633 16443 2402 2434 16444 2403 2403 16445 2633 2636 16446 2632 2634 16447 2409 2402 16448 2625 2635 16449 2403 2403 16450 2404 2408 16451 2634 2638 16452 2633 2636 16453 2410 2406 16454 2627 2639 16455 2626 2637 16456 2404 2408 16457 2635 2623 16458 2634 2638 16459 2411 2411 16460 2628 2625 16461 2627 2639 16462 2405 2412 16463 2648 2640 16464 2665 2673 16465 2666 2641 16466 2643 2643 16467 2642 2674 16468 2658 2644 16469 2649 2642 16470 2666 2641 16471 2667 2646 16472 2644 2648 16473 2643 2643 16474 2659 2645 16475 2650 2647 16476 2667 2646 16477 2668 2650 16478 2645 2652 16479 2644 2648 16480 2660 2649 16481 2651 2651 16482 2668 2650 16483 2669 2654 16484 2646 2656 16485 2645 2652 16486 2661 2653 16487 2652 2655 16488 2669 2654 16489 2670 2658 16490 2646 2656 16491 2662 2657 16492 2663 2660 16493 2653 2659 16494 2670 2658 16495 2671 2665 16496 2879 2661 16497 2663 2660 16498 2664 2667 16499 2641 2669 16500 2640 2662 16501 2656 2664 16502 2655 2671 16503 2654 2666 16504 2671 2665 16505 2647 2668 16506 2664 2667 16507 2665 2673 16508 2642 2674 16509 2641 2669 16510 2657 2670 16511 2669 2654 16512 2686 2691 16513 2687 2676 16514 2662 2657 16515 2679 2692 16516 2680 2677 16517 2670 2658 16518 2687 2676 16519 2688 2679 16520 2663 2660 16521 2680 2677 16522 2681 2680 16523 2657 2670 16524 2656 2664 16525 2673 2678 16526 2671 2665 16527 2688 2679 16528 2689 2682 16529 2664 2667 16530 2681 2680 16531 2682 2683 16532 2658 2644 16533 2657 2670 16534 2674 2681 16535 2665 2673 16536 2682 2683 16537 2683 2685 16538 2659 2645 16539 2658 2644 16540 2675 2684 16541 2666 2641 16542 2683 2685 16543 2684 2687 16544 2660 2649 16545 2659 2645 16546 2676 2686 16547 2667 2646 16548 2684 2687 16549 2685 2689 16550 2661 2653 16551 2660 2649 16552 2677 2688 16553 2668 2650 16554 2685 2689 16555 2686 2691 16556 2662 2657 16557 2661 2653 16558 2678 2690 16559 2686 2691 16560 2703 2709 16561 2704 2693 16562 2680 2677 16563 2679 2692 16564 2696 2694 16565 2687 2676 16566 2704 2693 16567 2705 2697 16568 2681 2680 16569 2680 2677 16570 2697 2695 16571 2674 2681 16572 2673 2678 16573 2690 2696 16574 2688 2679 16575 2705 2697 16576 2706 2700 16577 2681 2680 16578 2698 2698 16579 2699 2701 16580 2675 2684 16581 2674 2681 16582 2691 2699 16583 2682 2683 16584 2699 2701 16585 2700 2703 16586 2676 2686 16587 2675 2684 16588 2692 2702 16589 2683 2685 16590 2700 2703 16591 2701 2705 16592 2677 2688 16593 2676 2686 16594 2693 2704 16595 2684 2687 16596 2701 2705 16597 2702 2707 16598 2678 2690 16599 2677 2688 16600 2694 2706 16601 2685 2689 16602 2702 2707 16603 2703 2709 16604 2679 2692 16605 2678 2690 16606 2695 2708 16607 2703 2709 16608 2720 2726 16609 2721 2710 16610 2697 2695 16611 2696 2694 16612 2713 2711 16613 2704 2693 16614 2721 2710 16615 2722 2714 16616 2698 2698 16617 2697 2695 16618 2714 2712 16619 2690 2696 16620 2707 2713 16621 2708 2716 16622 2705 2697 16623 2722 2714 16624 2723 2717 16625 2699 2701 16626 2698 2698 16627 2715 2715 16628 2692 2702 16629 2691 2699 16630 2708 2716 16631 2700 2703 16632 2699 2701 16633 2716 2718 16634 2692 2702 16635 2709 2719 16636 2710 2721 16637 2700 2703 16638 2717 2720 16639 2718 2722 16640 2693 2704 16641 2710 2721 16642 2711 2723 16643 2701 2705 16644 2718 2722 16645 2719 2724 16646 2694 2706 16647 2711 2723 16648 2712 2725 16649 2702 2707 16650 2719 2724 16651 2720 2726 16652 2696 2694 16653 2695 2708 16654 2712 2725 16655 2721 2710 16656 2720 2726 16657 2737 2727 16658 2714 2712 16659 2713 2711 16660 2730 2729 16661 2722 2714 16662 2721 2710 16663 2738 2728 16664 2715 2715 16665 2714 2712 16666 2731 2730 16667 2707 2713 16668 2724 2731 16669 2725 2734 16670 2723 2717 16671 2722 2714 16672 2739 2732 16673 2716 2718 16674 2715 2715 16675 2732 2733 16676 2708 2716 16677 2725 2734 16678 2726 2737 16679 2717 2720 16680 2716 2718 16681 2733 2736 16682 2709 2719 16683 2726 2737 16684 2727 2739 16685 2718 2722 16686 2717 2720 16687 2734 2738 16688 2710 2721 16689 2727 2739 16690 2728 2741 16691 2719 2724 16692 2718 2722 16693 2735 2740 16694 2711 2723 16695 2728 2741 16696 2729 2743 16697 2720 2726 16698 2719 2724 16699 2736 2742 16700 2712 2725 16701 2729 2743 16702 2730 2729 16703 2738 2728 16704 2737 2727 16705 2754 2744 16706 2730 2729 16707 2747 2760 16708 2748 2746 16709 2739 2732 16710 2738 2728 16711 2755 2745 16712 2731 2730 16713 2748 2746 16714 2749 2749 16715 2724 2731 16716 2741 2747 16717 2742 2750 16718 2740 2735 16719 2739 2732 16720 2756 2748 16721 2732 2733 16722 2749 2749 16723 2750 2752 16724 2725 2734 16725 2742 2750 16726 2743 2753 16727 2734 2738 16728 2733 2736 16729 2750 2752 16730 2726 2737 16731 2743 2753 16732 2744 2755 16733 2735 2740 16734 2734 2738 16735 2751 2754 16736 2727 2739 16737 2744 2755 16738 2745 2757 16739 2736 2742 16740 2735 2740 16741 2752 2756 16742 2728 2741 16743 2745 2757 16744 2746 2759 16745 2737 2727 16746 2736 2742 16747 2753 2758 16748 2729 2743 16749 2746 2759 16750 2747 2760 16751 2754 2744 16752 2771 2776 16753 2772 2761 16754 2747 2760 16755 2764 2777 16756 2765 2762 16757 2755 2745 16758 2772 2761 16759 2773 2764 16760 2748 2746 16761 2765 2762 16762 2766 2765 16763 2741 2747 16764 2758 2763 16765 2759 2766 16766 2757 2751 16767 2756 2748 16768 2773 2764 16769 2749 2749 16770 2766 2765 16771 2767 2768 16772 2742 2750 16773 2759 2766 16774 2760 2769 16775 2751 2754 16776 2750 2752 16777 2767 2768 16778 2743 2753 16779 2760 2769 16780 2761 2771 16781 2752 2756 16782 2751 2754 16783 2768 2770 16784 2744 2755 16785 2761 2771 16786 2762 2773 16787 2753 2758 16788 2752 2756 16789 2769 2772 16790 2745 2757 16791 2762 2773 16792 2763 2775 16793 2753 2758 16794 2770 2774 16795 2771 2776 16796 2746 2759 16797 2763 2775 16798 2764 2777 16799 2771 2776 16800 2788 2793 16801 2789 2778 16802 2764 2777 16803 2781 2794 16804 2782 2779 16805 2772 2761 16806 2789 2778 16807 2790 2781 16808 2765 2762 16809 2782 2779 16810 2783 2782 16811 2759 2766 16812 2758 2763 16813 2775 2780 16814 2773 2764 16815 2790 2781 16816 2791 2784 16817 2766 2765 16818 2783 2782 16819 2784 2785 16820 2760 2769 16821 2759 2766 16822 2776 2783 16823 2767 2768 16824 2784 2785 16825 2785 2787 16826 2761 2771 16827 2760 2769 16828 2777 2786 16829 2768 2770 16830 2785 2787 16831 2786 2789 16832 2762 2773 16833 2761 2771 16834 2778 2788 16835 2769 2772 16836 2786 2789 16837 2787 2791 16838 2763 2775 16839 2762 2773 16840 2779 2790 16841 2770 2774 16842 2787 2791 16843 2788 2793 16844 2763 2775 16845 2780 2792 16846 2781 2794 16847 2788 2793 16848 2806 2810 16849 2807 2795 16850 2781 2794 16851 2799 2811 16852 2800 2796 16853 2789 2778 16854 2807 2795 16855 2808 2798 16856 2782 2779 16857 2800 2796 16858 2801 2799 16859 2776 2783 16860 2775 2780 16861 2793 2797 16862 2790 2781 16863 2808 2798 16864 2809 2801 16865 2783 2782 16866 2801 2799 16867 2802 2802 16868 2777 2786 16869 2776 2783 16870 2794 2800 16871 2784 2785 16872 2802 2802 16873 2803 2804 16874 2778 2788 16875 2777 2786 16876 2795 2803 16877 2785 2787 16878 2803 2804 16879 2804 2806 16880 2779 2790 16881 2778 2788 16882 2796 2805 16883 2786 2789 16884 2804 2806 16885 2805 2808 16886 2780 2792 16887 2779 2790 16888 2797 2807 16889 2787 2791 16890 2805 2808 16891 2806 2810 16892 2780 2792 16893 2798 2809 16894 2799 2811 16895 2806 2810 16896 2823 2827 16897 2824 2812 16898 2799 2811 16899 2816 2828 16900 2817 2813 16901 2807 2795 16902 2824 2812 16903 2825 2815 16904 2800 2796 16905 2817 2813 16906 2818 2816 16907 2794 2800 16908 2793 2797 16909 2810 2814 16910 2808 2798 16911 2825 2815 16912 2826 2818 16913 2801 2799 16914 2818 2816 16915 2819 2819 16916 2795 2803 16917 2794 2800 16918 2811 2817 16919 2802 2802 16920 2819 2819 16921 2820 2821 16922 2796 2805 16923 2795 2803 16924 2812 2820 16925 2803 2804 16926 2820 2821 16927 2821 2823 16928 2797 2807 16929 2796 2805 16930 2813 2822 16931 2804 2806 16932 2821 2823 16933 2822 2825 16934 2798 2809 16935 2797 2807 16936 2814 2824 16937 2805 2808 16938 2822 2825 16939 2823 2827 16940 2798 2809 16941 2815 2826 16942 2816 2828 16943 2824 2812 16944 2823 2827 16945 2840 2829 16946 2817 2813 16947 2816 2828 16948 2833 2831 16949 2825 2815 16950 2824 2812 16951 2841 2830 16952 2817 2813 16953 2834 2832 16954 2835 2835 16955 2811 2817 16956 2810 2814 16957 2827 2833 16958 2826 2818 16959 2825 2815 16960 2842 2834 16961 2818 2816 16962 2835 2835 16963 2836 2838 16964 2812 2820 16965 2811 2817 16966 2828 2836 16967 2819 2819 16968 2836 2838 16969 2837 2840 16970 2813 2822 16971 2812 2820 16972 2829 2839 16973 2821 2823 16974 2820 2821 16975 2837 2840 16976 2814 2824 16977 2813 2822 16978 2830 2841 16979 2822 2825 16980 2821 2823 16981 2838 2842 16982 2815 2826 16983 2814 2824 16984 2831 2843 16985 2823 2827 16986 2822 2825 16987 2839 2844 16988 2816 2828 16989 2815 2826 16990 2832 2845 16991 2841 2830 16992 2840 2829 16993 2858 2846 16994 2834 2832 16995 2833 2831 16996 2851 2848 16997 2842 2834 16998 2841 2830 16999 2859 2847 17000 2835 2835 17001 2834 2832 17002 2852 2849 17003 2827 2833 17004 2845 2850 17005 2846 2853 17006 2843 2837 17007 2842 2834 17008 2860 2851 17009 2836 2838 17010 2835 2835 17011 2853 2852 17012 2828 2836 17013 2846 2853 17014 2847 2856 17015 2837 2840 17016 2836 2838 17017 2854 2855 17018 2829 2839 17019 2847 2856 17020 2848 2858 17021 2838 2842 17022 2837 2840 17023 2855 2857 17024 2830 2841 17025 2848 2858 17026 2849 2860 17027 2839 2844 17028 2838 2842 17029 2856 2859 17030 2831 2843 17031 2849 2860 17032 2850 2862 17033 2840 2829 17034 2839 2844 17035 2857 2861 17036 2833 2831 17037 2832 2845 17038 2850 2862 17039 2859 2847 17040 2858 2846 17041 2875 2863 17042 2852 2849 17043 2851 2848 17044 2868 2865 17045 2860 2851 17046 2859 2847 17047 2876 2864 17048 2853 2852 17049 2852 2849 17050 2869 2866 17051 2845 2850 17052 2862 2867 17053 2863 2870 17054 2861 2854 17055 2860 2851 17056 2877 2868 17057 2854 2855 17058 2853 2852 17059 2870 2869 17060 2846 2853 17061 2863 2870 17062 2864 2873 17063 2855 2857 17064 2854 2855 17065 2871 2872 17066 2847 2856 17067 2864 2873 17068 2865 2875 17069 2856 2859 17070 2855 2857 17071 2872 2874 17072 2848 2858 17073 2865 2875 17074 2866 2877 17075 2857 2861 17076 2856 2859 17077 2873 2876 17078 2849 2860 17079 2866 2877 17080 2867 2879 17081 2858 2846 17082 2857 2861 17083 2874 2878 17084 2851 2848 17085 2850 2862 17086 2867 2879 17087 2876 2864 17088 2875 2863 17089 2652 2655 17090 2869 2866 17091 2868 2865 17092 2646 2656 17093 2877 2868 17094 2876 2864 17095 2653 2659 17096 2870 2869 17097 2869 2866 17098 2879 2661 17099 2862 2867 17100 2640 2662 17101 2641 2669 17102 2878 2871 17103 2877 2868 17104 2654 2666 17105 2871 2872 17106 2870 2869 17107 2647 2668 17108 2863 2870 17109 2641 2669 17110 2642 2674 17111 2872 2874 17112 2871 2872 17113 2648 2640 17114 2864 2873 17115 2642 2674 17116 2643 2643 17117 2873 2876 17118 2872 2874 17119 2649 2642 17120 2865 2875 17121 2643 2643 17122 2644 2648 17123 2874 2878 17124 2873 2876 17125 2650 2647 17126 2866 2877 17127 2644 2648 17128 2645 2652 17129 2875 2863 17130 2874 2878 17131 2651 2651 17132 2868 2865 17133 2867 2879 17134 2645 2652 17135</p>
        </triangles>
      </mesh>
    </geometry>
  </library_geometries>
  <library_visual_scenes>
    <visual_scene id="Scene" name="Scene">
      <node id="fruits" name="fruits" type="NODE">
        <matrix sid="transform">1 0 0 0 0 1 0 0 0 0 1 0 0 0 0 1</matrix>
        <instance_geometry url="#fruits-mesh" name="fruits"/>
      </node>
    </visual_scene>
  </library_visual_scenes>
  <scene>
    <instance_visual_scene url="#Scene"/>
  </scene>
</COLLADA>